customer_id,signup_date,gender,age,city,state,acquisition_channel
C04872,2025-08-26,Female,30,Guwahati,Assam,Paid Ads
C01026,2025-04-29,Female,32,Udaipur,Rajasthan,Organic Search
C03193,2026-01-21,Male,56,Kolkata,West Bengal,Referral
C02895,2024-03-15,Male,,Mumbai,Maharashtra,Paid Ads
C04393,2025-06-03,Female,39,Indore,Madhya Pradesh,Organic Search
C04402,2025-12-05,Male,30,Visakhapatnam,Andhra Pradesh,Organic Search
C02418,2025-11-18,Male,41,Pune,Maharashtra,Organic Search
C01096,2026-04-04,Female,35,Mysuru,Karnataka,Social Media
C04458,2025-08-05,Female,31,Vijayawada,Andhra Pradesh,Organic Search
C00706,2024-12-18,Female,,Surat,Gujarat,Paid Ads
C02375,2025-06-29,Male,37,Patna,Bihar,Referral
C00531,2025-06-30,Male,37,Chandigarh,Chandigarh,Social Media
C00801,2025-07-01,Female,24,Chandigarh,Chandigarh,Paid Ads
C04523,2026-02-23,Female,22,Coimbatore,Tamil Nadu,Email
C01457,2024-08-12,Female,29,Nagpur,Maharashtra,Paid Ads
C01392,2026-06-24,Female,28,Ahmedabad,Gujarat,Paid Ads
C03647,2026-03-13,Female,37,Udaipur,Rajasthan,Social Media
C03197,2025-01-23,Female,43,Surat,Gujarat,Social Media
C02672,2026-06-14,Male,18,Indore,Madhya Pradesh,Social Media
C04465,2024-05-19,Female,18,Pune,Maharashtra,Organic Search
C00066,2025-11-26,Female,,Coimbatore,Tamil Nadu,Organic Search
C00158,2025-11-12,Male,,Jaipur,Rajasthan,Social Media
C03269,2025-04-04,Male,40,Visakhapatnam,Andhra Pradesh,Organic Search
C04100,2026-03-14,Female,31,Visakhapatnam,Andhra Pradesh,Organic Search
C00627,2026-07-24,Male,35,Hyderabad,Telangana,Email
C01966,2026-06-12,Female,37,Faridabad,Haryana,Paid Ads
C01439,2024-07-17,Male,26,Ranchi,Jharkhand,Paid Ads
C02241,2026-07-25,Female,31,Bhopal,Madhya Pradesh,Paid Ads
C03012,2025-08-29,Female,29,Mumbai,Maharashtra,Referral
C03904,2025-08-06,Female,18,Pune,Maharashtra,Organic Search
C03516,2025-03-05,Female,31,Jaipur,Rajasthan,Social Media
C00643,2025-01-24,Female,,Guwahati,Assam,Organic Search
C01927,2025-07-31,Male,35,Noida,Uttar Pradesh,Email
C02188,2025-07-05,Female,25,Chandigarh,Chandigarh,Referral
C00684,2024-10-07,Male,37,Pune,Maharashtra,Paid Ads
C00677,2026-05-28,Female,22,Delhi,Delhi,Paid Ads
C01895,2025-03-01,Female,18,Nagpur,Maharashtra,Social Media
C01877,2025-01-11,Male,35,Jaipur,Rajasthan,Referral
C01058,2026-04-14,Female,,Ahmedabad,Gujarat,Referral
C04096,2024-09-11,Female,28,Patna,Bihar,Referral
C02747,2025-11-19,Male,42,Udaipur,Rajasthan,Social Media
C02835,2025-10-22,Female,38,Jaipur,Rajasthan,Social Media
C04425,2025-03-01,Male,30,Bhopal,Madhya Pradesh,Paid Ads
C00297,2025-02-13,Male,,Pune,Maharashtra,Email
C03746,2025-02-28,Female,35,Delhi,Delhi,Organic Search
C03602,2025-12-19,Male,,Bhubaneswar,Odisha,Organic Search
C04697,2026-07-07,Female,22,Kolkata,West Bengal,Social Media
C04204,2026-06-16,Female,30,Delhi,Delhi,Paid Ads
C02381,2026-01-07,Male,36,Thiruvananthapuram,Kerala,Organic Search
C01256,2025-10-16,Male,33,Chennai,Tamil Nadu,Social Media
C00169,2025-02-12,Male,,Patna,Bihar,Paid Ads
C02875,2026-05-06,Female,38,Bhubaneswar,Odisha,Paid Ads
C00030,2025-12-28,Male,,Gurugram,Haryana,Organic Search
C01748,2025-03-29,Female,37,Faridabad,Haryana,Paid Ads
C04981,2025-12-28,Male,31,Guwahati,Assam,Social Media
C03888,2024-06-24,Male,19,Surat,Gujarat,Paid Ads
C02112,2026-01-26,Male,18,Delhi,Delhi,Paid Ads
C04813,2026-03-07,Male,45,Gurugram,Haryana,Organic Search
C02810,2025-11-07,Male,20,Patna,,Referral
C02102,2026-07-29,Male,23,Lucknow,Uttar Pradesh,Organic Search
C01011,2026-04-29,Female,19,Kochi,Kerala,Referral
C04291,2026-04-22,Female,28,Udaipur,Rajasthan,Referral
C00545,2024-12-29,Female,46,Chandigarh,Chandigarh,Organic Search
C01742,2024-09-13,Female,38,Kanpur,Uttar Pradesh,Paid Ads
C03729,2024-10-24,Female,23,Vijayawada,,Organic Search
C04814,2024-12-22,Male,36,Surat,Gujarat,Organic Search
C01718,2024-08-07,Male,26,Hyderabad,Telangana,Paid Ads
C00995,2025-12-15,Female,40,Jaipur,Rajasthan,Paid Ads
C03984,2025-11-14,Male,39,Patna,Bihar,Email
C02797,2026-02-19,Female,25,Kanpur,Uttar Pradesh,Paid Ads
C04057,2025-11-04,Male,37,Kolkata,West Bengal,Social Media
C00024,2025-08-24,Male,,Udaipur,Rajasthan,Social Media
C00950,2026-03-17,Other,37,Bhubaneswar,Odisha,Organic Search
C00241,2026-05-09,Female,,Ranchi,Jharkhand,Organic Search
C01555,2025-12-20,Male,45,Bhubaneswar,Odisha,Organic Search
C01435,2025-10-20,Female,42,Surat,Gujarat,Paid Ads
C01671,2024-10-08,Female,,Noida,Uttar Pradesh,Organic Search
C00486,2026-01-25,Female,51,Kolkata,West Bengal,Referral
C03428,2025-12-25,Male,23,CHANDIGARH,Chandigarh,Paid Ads
C03649,2024-08-23,Female,45,Bhopal,Madhya Pradesh,Email
C04270,2026-01-22,Male,24,Udaipur,Rajasthan,Social Media
C00804,2025-09-05,Female,28,Bhubaneswar,Odisha,Paid Ads
C04772,2025-01-22,Male,,Jaipur,Rajasthan,Paid Ads
C01740,2026-05-31,Male,26,Mumbai,Maharashtra,Social Media
C03041,2025-06-14,Female,26,Faridabad,Haryana,Social Media
C02196,2026-04-22,Other,18,Kanpur,Uttar Pradesh,Organic Search
C00085,2025-02-17,Female,,Bhubaneswar,Odisha,Organic Search
C02124,2025-05-09,Male,,Gurugram,Haryana,Social Media
C03015,2026-06-03,Female,29,Kochi,Kerala,Paid Ads
C02534,2025-10-26,Male,30,Bengaluru,Karnataka,Organic Search
C01872,2025-05-01,Female,36,Nagpur,Maharashtra,Referral
C00107,2025-04-18,Male,,Indore,Madhya Pradesh,Organic Search
C04638,2026-03-22,Other,22,Bengaluru,Karnataka,Organic Search
C04866,2025-10-05,Female,40,Coimbatore,Tamil Nadu,Social Media
C01579,2025-10-24,Male,38,Visakhapatnam,Andhra Pradesh,Email
C00200,2026-02-09,Female,,Kochi,Kerala,Social Media
C04957,2026-01-02,Female,26,Faridabad,Haryana,Organic Search
C03064,2024-12-22,Female,23,Guwahati,Assam,Organic Search
C04953,2026-01-20,Male,33,Kanpur,Uttar Pradesh,Organic Search
C04239,2026-06-29,Female,29,Udaipur,Rajasthan,Paid Ads
C02838,2026-05-20,Female,32,Ahmedabad,Gujarat,Social Media
C03128,2025-07-31,Female,40,Patna,Bihar,Email
C02182,2025-12-17,Female,24,Vijayawada,Andhra Pradesh,Paid Ads
C03412,2026-06-03,Female,27,Noida,Uttar Pradesh,Email
C00882,2025-03-07,Male,18,Hyderabad,Telangana,Organic Search
C04221,2024-10-25,Female,21,Ahmedabad,Gujarat,Social Media
C04568,2025-03-17,Male,19,Kochi,Kerala,Social Media
C04127,2025-05-18,Female,41,Hyderabad,Telangana,Organic Search
C00554,2025-12-19,Female,21,Kolkata,West Bengal,Referral
C00734,2025-08-22,Female,29,Thiruvananthapuram,Kerala,Email
C00180,2025-07-21,Female,,Udaipur,Rajasthan,Social Media
C00417,2025-12-12,Female,35,Gurugram,Haryana,Paid Ads
C00080,2024-10-11,Male,,Ahmedabad,Gujarat,Paid Ads
C00473,2024-06-22,Female,,Patna,Bihar,Organic Search
C00671,2024-07-01,Female,29,Kochi,,Referral
C04906,2025-06-18,Male,18,Udaipur,Rajasthan,Email
C01502,2025-05-29,Male,,Vijayawada,Andhra Pradesh,Paid Ads
C02802,2026-06-08,Male,,Gurugram,Haryana,Organic Search
C02093,2025-06-07,Female,34,Kanpur,Uttar Pradesh,Paid Ads
C00249,2025-11-23,Female,,Surat,Gujarat,Organic Search
C00539,2026-01-14,Female,45,Kochi,Kerala,Referral
C01346,2025-12-10,Female,32,Bengaluru,Karnataka,Organic Search
C04696,2025-07-24,Male,18,Visakhapatnam,Andhra Pradesh,Email
C01271,2025-07-14,Female,21,Vijayawada,Andhra Pradesh,Paid Ads
C00229,2024-11-19,Male,,Hyderabad,Telangana,Paid Ads
C00298,2025-02-19,Male,22,Pune,Maharashtra,Paid Ads
C02820,2025-03-02,Female,,Kolkata,West Bengal,Social Media
C04160,2025-04-12,Female,36,Ahmedabad,Gujarat,Organic Search
C01184,2025-09-26,Male,18,Hyderabad,Telangana,Organic Search
C02060,2024-09-06,Male,35,Chennai,Tamil Nadu,Organic Search
C00466,2025-10-31,Male,,Hyderabad,Telangana,Email
C02990,2026-04-27,Female,24,Mysuru,Karnataka,Organic Search
C00506,2025-06-30,Male,24,Noida,Uttar Pradesh,Organic Search
C04078,2026-02-10,Male,47,Visakhapatnam,Andhra Pradesh,Paid Ads
C04815,2025-03-31,Female,46,Kolkata,West Bengal,Referral
C02094,2026-04-23,Female,22,Udaipur,Rajasthan,Paid Ads
C01670,2025-01-25,Female,,Ahmedabad,Gujarat,Organic Search
C01753,2024-04-12,Female,43,Guwahati,Assam,Paid Ads
C04782,2025-10-25,Male,19,Chennai,Tamil Nadu,Paid Ads
C02654,2026-02-08,Female,,Udaipur,Rajasthan,Organic Search
C00427,2026-04-21,Female,44,Hyderabad,Telangana,Social Media
C01259,2025-12-06,Female,22,Noida,Uttar Pradesh,Social Media
C01074,2025-02-02,Male,,Mumbai,Maharashtra,Social Media
C04994,2026-04-23,Male,33,Vijayawada,Andhra Pradesh,Organic Search
C03796,2026-01-27,Female,41,jaipur,Rajasthan,Paid Ads
C04742,2025-04-02,Male,27,Mysuru,Karnataka,Organic Search
C00658,2026-06-19,Male,26,Chennai,Tamil Nadu,Paid Ads
C00394,2026-06-21,Female,,Coimbatore,Tamil Nadu,Organic Search
C03621,2025-08-06,Male,33,Jaipur,Rajasthan,Social Media
C00280,2024-05-04,Female,19,Indore,Madhya Pradesh,Social Media
C04184,2025-09-10,Male,,Bengaluru,Karnataka,Paid Ads
C04578,2025-05-22,Female,35,Chennai,Tamil Nadu,Organic Search
C01076,2025-05-25,Female,28,Thiruvananthapuram,Kerala,Email
C01136,2025-07-28,Female,36,Pune,Maharashtra,Organic Search
C01589,2026-05-31,Other,25,Chennai,Tamil Nadu,Organic Search
C00578,2025-11-11,Male,45,Kochi,Kerala,Paid Ads
C02292,2025-10-25,Female,32,Mysuru,Karnataka,Paid Ads
C01053,2025-05-11,Female,,Delhi,Delhi,Paid Ads
C01091,2026-03-02,Male,,Coimbatore,Tamil Nadu,Social Media
C03102,2025-06-28,Male,38,Mumbai,Maharashtra,Referral
C01428,2025-12-15,Male,28,UDAIPUR,Rajasthan,Organic Search
C01050,2025-06-16,Female,23,Jaipur,Rajasthan,Social Media
C04455,2026-03-24,Female,36,Jaipur,Rajasthan,Paid Ads
C02519,2025-09-20,Female,41,Coimbatore,Tamil Nadu,Paid Ads
C03160,2026-06-11,Female,32,Nagpur,Maharashtra,Organic Search
C00009,2026-01-20,Female,,Coimbatore,Tamil Nadu,Organic Search
C04163,2026-07-13,Male,46,Lucknow,Uttar Pradesh,Organic Search
C04463,2025-02-27,Male,25,Bhopal,Madhya Pradesh,Paid Ads
C04067,2024-06-11,Male,,Chennai,Tamil Nadu,Referral
C00145,2026-03-20,Male,,Thiruvananthapuram,Kerala,Social Media
C01955,2026-02-06,Female,18,Nagpur,Maharashtra,Social Media
C00562,2026-05-13,Female,20,Bhopal,Madhya Pradesh,Email
C03018,2025-10-16,Male,41,Vijayawada,Andhra Pradesh,Referral
C03784,2026-02-04,Female,26,Gurugram,Haryana,Referral
C04762,2026-06-21,Male,31,Lucknow,Uttar Pradesh,Referral
C00152,2025-07-31,Male,,Mumbai,Maharashtra,Organic Search
C00423,2026-07-24,Male,30,Kochi,Kerala,Paid Ads
C01019,2024-10-11,Female,46,bhubaneswar,Odisha,Organic Search
C02707,2024-07-15,Male,45,Bengaluru,Karnataka,Paid Ads
C03373,2026-06-05,Male,24,Vijayawada,Andhra Pradesh,Organic Search
C01213,2025-04-14,Female,32,Mysuru,Karnataka,Paid Ads
C03712,2025-05-22,Female,42,Mysuru,Karnataka,Referral
C00799,2025-12-20,Male,26,Chandigarh,Chandigarh,Social Media
C03568,2026-01-01,Male,27,Surat,Gujarat,Paid Ads
C02715,2025-09-09,Female,42,Kochi,Kerala,Paid Ads
C00415,2025-10-22,Male,25,Ahmedabad,Gujarat,Social Media
C02303,2025-08-25,Male,18,Ahmedabad,Gujarat,Paid Ads
C04733,2026-07-11,Male,44,Pune,Maharashtra,Organic Search
C03995,2025-02-07,Male,37,Vijayawada,,Email
C00625,2025-08-12,Male,32,Ahmedabad,Gujarat,Referral
C01616,2025-11-27,Female,,Bhubaneswar,Odisha,Social Media
C00765,2026-02-09,Male,33,Thiruvananthapuram,Kerala,Organic Search
C02681,2024-02-08,Male,35,Thiruvananthapuram,Kerala,Organic Search
C04375,2025-05-07,Male,49,Hyderabad,Telangana,Referral
C03530,2025-10-19,,46,Lucknow,Uttar Pradesh,Paid Ads
C00812,2026-02-26,,25,Mysuru,Karnataka,Social Media
C00101,2024-05-14,Female,22,Vijayawada,Andhra Pradesh,Paid Ads
C02823,2024-03-11,Other,28,Noida,Uttar Pradesh,Email
C00654,2025-12-13,Male,34,CHENNAI,Tamil Nadu,Paid Ads
C00860,2026-04-19,Male,24,Vijayawada,Andhra Pradesh,Referral
C01613,2025-10-09,Female,40,Bhubaneswar,Odisha,Paid Ads
C00764,2026-03-20,Male,,Surat,Gujarat,Paid Ads
C00334,2025-11-07,Female,,Ahmedabad,Gujarat,Paid Ads
C01630,2025-02-12,Male,20,Indore,Madhya Pradesh,Organic Search
C04657,2026-05-05,Other,35,Surat,Gujarat,Social Media
C04340,2026-02-27,Male,22,Mysuru,,Social Media
C00228,2024-09-25,Male,,Visakhapatnam,Andhra Pradesh,Paid Ads
C01946,2025-10-03,Female,18,Guwahati,Assam,Organic Search
C01352,2024-12-21,Male,29,Ranchi,Jharkhand,Social Media
C04341,2025-04-11,Male,18,Chandigarh,Chandigarh,Social Media
C02697,2025-10-19,Male,,Surat,Gujarat,Referral
C00766,2026-02-26,Female,33,Pune,Maharashtra,Organic Search
C01974,2025-02-04,Female,,Bhopal,Madhya Pradesh,Paid Ads
C04075,2025-10-20,Female,36,Ahmedabad,Gujarat,Referral
C04587,2025-04-07,Male,34,Guwahati,Assam,Paid Ads
C04266,2026-01-21,Male,29,Vijayawada,Andhra Pradesh,Organic Search
C04786,2024-11-24,Male,25,Mysuru,Karnataka,Social Media
C03314,2026-06-22,Male,32,Kolkata,West Bengal,Social Media
C03293,2025-08-17,Female,20,Guwahati,Assam,Social Media
C04256,2025-10-03,Other,38,Chennai,Tamil Nadu,Paid Ads
C04123,2026-01-25,Male,32,Vijayawada,Andhra Pradesh,Social Media
C01232,2025-09-15,Male,47,Ranchi,Jharkhand,Paid Ads
C03626,2026-01-16,Female,33,Thiruvananthapuram,Kerala,Social Media
C03211,2025-06-11,Male,36,Udaipur,Rajasthan,Organic Search
C02623,2026-01-03,Male,32,SURAT,Gujarat,Organic Search
C04197,2024-10-25,Female,47,vijayawada,Andhra Pradesh,Paid Ads
C00374,2025-05-21,Female,,Delhi,Delhi,Paid Ads
C03159,2025-05-29,Male,40,kolkata,West Bengal,Paid Ads
C03300,2025-03-29,Female,25,Delhi,Delhi,Referral
C04785,2024-12-06,Male,48,Thiruvananthapuram,Kerala,Paid Ads
C02788,2024-10-01,Female,22,VIJAYAWADA,Andhra Pradesh,Social Media
C00034,2025-12-25,Female,35,Indore,Madhya Pradesh,Referral
C04577,2025-05-15,Male,21,Bhubaneswar,Odisha,Referral
C02313,2026-05-08,Male,26,RANCHI,Jharkhand,Referral
C02408,2024-12-16,,26,Vijayawada,Andhra Pradesh,Organic Search
C00927,2025-12-30,Male,,Faridabad,Haryana,Referral
C02139,2026-02-05,Female,,Thiruvananthapuram,Kerala,Paid Ads
C01774,2025-01-12,Female,20,Guwahati,Assam,Paid Ads
C02700,2025-01-01,Male,38,Pune,Maharashtra,Referral
C01552,2025-02-18,Male,47,mumbai,Maharashtra,Referral
C01306,2025-11-16,Male,48,Bhubaneswar,Odisha,Referral
C02073,2025-02-20,Male,44,Guwahati,Assam,Organic Search
C02726,2026-01-14,Male,21,Hyderabad,Telangana,Paid Ads
C02423,2026-01-27,Female,32,Jaipur,Rajasthan,Organic Search
C03662,2025-11-16,Female,39,Lucknow,Uttar Pradesh,Paid Ads
C04388,2026-04-07,Male,38,Delhi,Delhi,Organic Search
C04686,2026-02-25,Female,31,Nagpur,Maharashtra,Paid Ads
C00811,2024-09-02,Female,35,Vijayawada,Andhra Pradesh,Social Media
C01363,2026-07-10,Male,40,Faridabad,Haryana,Organic Search
C00231,2026-02-19,Male,33,Surat,Gujarat,Social Media
C02908,2026-07-28,Male,42,Lucknow,Uttar Pradesh,Social Media
C03771,2025-06-12,Female,21,Kolkata,West Bengal,Organic Search
C02471,2026-02-26,Male,27,Jaipur,Rajasthan,Paid Ads
C00492,2026-05-01,Female,25,Jaipur,Rajasthan,Email
C03321,2026-03-24,Female,29,Faridabad,Haryana,Paid Ads
C00997,2025-06-13,,27,Udaipur,Rajasthan,Email
C00777,2025-04-19,Female,40,Delhi,Delhi,Paid Ads
C04233,2026-06-01,Male,28,Chennai,Tamil Nadu,Paid Ads
C04665,2024-06-04,Female,25,Chennai,Tamil Nadu,Paid Ads
C02092,2026-04-29,Other,33,Udaipur,Rajasthan,Organic Search
C01294,2025-06-28,Male,37,Noida,Uttar Pradesh,Paid Ads
C03045,2025-10-20,Male,38,Nagpur,Maharashtra,Social Media
C04027,2026-03-31,Female,25,Bhopal,Madhya Pradesh,Referral
C04955,2026-03-08,Female,39,Bengaluru,Karnataka,Organic Search
C02772,2024-11-06,Male,39,Bhubaneswar,Odisha,Email
C00712,2026-04-16,Male,,Delhi,Delhi,Email
C00498,2025-08-12,,,Jaipur,Rajasthan,Paid Ads
C01832,2025-04-11,Female,29,Gurugram,Haryana,Organic Search
C02733,2024-10-02,Female,29,Nagpur,Maharashtra,Organic Search
C02221,2025-06-29,Male,,Faridabad,Haryana,Paid Ads
C03340,2026-01-26,Female,26,Bengaluru,Karnataka,Organic Search
C00590,2024-11-17,Female,,Pune,Maharashtra,Referral
C01527,2026-05-04,Male,35,COIMBATORE,Tamil Nadu,Social Media
C04164,2026-06-03,,36,Gurugram,Haryana,Paid Ads
C02111,2026-03-18,,29,Faridabad,Haryana,Referral
C04201,2025-07-04,Female,23,Thiruvananthapuram,Kerala,Organic Search
C04547,2026-01-17,Female,39,Chandigarh,Chandigarh,Paid Ads
C03085,2026-05-30,Female,32,Noida,Uttar Pradesh,Social Media
C02652,2025-04-23,Male,28,Ahmedabad,Gujarat,Social Media
C01109,2024-08-18,Female,38,Chandigarh,Chandigarh,Social Media
C00150,2025-04-23,Female,45,Bhubaneswar,Odisha,Paid Ads
C04212,2025-11-23,Female,25,Nagpur,Maharashtra,Organic Search
C04871,2026-05-31,Female,36,Gurugram,Haryana,Organic Search
C03868,2025-07-30,Female,22,Visakhapatnam,Andhra Pradesh,Organic Search
C00013,2025-12-09,Female,23,Gurugram,Haryana,Referral
C03569,2025-07-04,Female,25,Ahmedabad,Gujarat,Organic Search
C04349,2025-02-26,Female,37,Chandigarh,Chandigarh,Social Media
C01515,2026-02-18,Male,20,Hyderabad,,Paid Ads
C01785,2026-03-08,Male,29,Kanpur,Uttar Pradesh,Social Media
C03708,2026-05-10,Male,21,Gurugram,Haryana,Organic Search
C00732,2025-09-24,Male,24,thiruvananthapuram,Kerala,Paid Ads
C00752,2026-02-02,Female,18,Patna,Bihar,Paid Ads
C04938,2025-09-11,Male,41,Lucknow,Uttar Pradesh,Social Media
C01322,2025-05-04,Female,29,Patna,Bihar,Organic Search
C03990,2026-03-05,Female,19,Surat,Gujarat,Email
C01860,2025-09-03,Female,40,Surat,Gujarat,Organic Search
C04978,2026-03-19,Male,18,Chennai,Tamil Nadu,Organic Search
C03886,2025-08-16,,39,Visakhapatnam,Andhra Pradesh,Referral
C01127,2026-03-30,Male,28,Faridabad,Haryana,Social Media
C02971,2026-05-18,Female,53,Thiruvananthapuram,Kerala,Organic Search
C02128,2025-03-25,Male,18,Mysuru,Karnataka,Email
C04927,2026-02-11,Male,20,Patna,Bihar,Email
C01211,2026-06-20,Female,47,Visakhapatnam,Andhra Pradesh,Referral
C02226,2025-10-31,Female,41,Vijayawada,Andhra Pradesh,Social Media
C01887,2025-04-24,Male,33,Kanpur,Uttar Pradesh,Paid Ads
C02043,2026-02-04,Female,26,Surat,,Paid Ads
C00587,2026-03-23,Female,47,Kochi,Kerala,Referral
C04641,2025-01-05,Female,31,Gurugram,Haryana,Paid Ads
C04230,2025-12-24,Male,27,Bhubaneswar,,Paid Ads
C04182,2024-12-03,Male,36,Pune,Maharashtra,Paid Ads
C02340,2026-03-01,Male,54,Gurugram,Haryana,Organic Search
C00133,2025-11-20,Female,43,Jaipur,Rajasthan,Referral
C01182,2025-03-20,Male,20,Guwahati,Assam,Organic Search
C01741,2024-12-08,Male,36,Kanpur,Uttar Pradesh,Referral
C00978,2025-05-11,Female,46,Coimbatore,Tamil Nadu,Email
C00678,2025-03-26,Male,32,Coimbatore,Tamil Nadu,Paid Ads
C04377,2024-10-19,Male,32,Guwahati,Assam,Social Media
C04705,2025-10-08,Female,39,Lucknow,Uttar Pradesh,Referral
C01118,2025-09-03,Male,,Kolkata,West Bengal,Paid Ads
C00288,2025-04-25,Male,30,Lucknow,Uttar Pradesh,Paid Ads
C01414,2026-03-23,Male,,Kochi,Kerala,Social Media
C03133,2026-05-21,Female,18,Mumbai,Maharashtra,Organic Search
C03683,2025-09-10,Female,,Lucknow,Uttar Pradesh,Paid Ads
C04191,2024-10-28,Male,31,Noida,Uttar Pradesh,Paid Ads
C01324,2026-04-09,Male,30,Nagpur,Maharashtra,Paid Ads
C04289,2026-05-13,Male,36,Kochi,Kerala,Paid Ads
C03863,2025-04-11,Female,,Mumbai,Maharashtra,Referral
C01944,2025-01-04,Male,42,Patna,Bihar,Organic Search
C04292,2026-02-02,Male,41,Chandigarh,Chandigarh,Social Media
C02930,2025-07-08,Female,48,Pune,Maharashtra,Email
C00843,2026-02-03,Male,26,Surat,Gujarat,Paid Ads
C03494,2025-09-11,Female,36,Thiruvananthapuram,Kerala,Paid Ads
C01293,2026-05-16,Female,32,Ahmedabad,Gujarat,Email
C02693,2025-06-28,Female,24,Bhubaneswar,Odisha,Email
C04542,2024-06-18,Male,32,Bengaluru,Karnataka,Organic Search
C01766,2026-05-03,Female,32,Gurugram,Haryana,Organic Search
C04891,2025-03-17,Female,41,Mumbai,Maharashtra,Organic Search
C04648,2026-05-10,Female,23,Bhubaneswar,Odisha,Organic Search
C03011,2026-02-16,Female,18,Guwahati,Assam,Email
C02582,2024-09-15,,23,Nagpur,Maharashtra,Paid Ads
C00682,2025-02-10,Female,42,KOLKATA,West Bengal,Referral
C03971,2025-10-19,Male,55,Mysuru,Karnataka,Paid Ads
C01418,2025-11-14,,24,Udaipur,Rajasthan,Referral
C02122,2024-04-17,Female,20,Noida,Uttar Pradesh,Organic Search
C04600,2026-01-29,Male,27,chandigarh,Chandigarh,Social Media
C02630,2026-06-10,Female,26,Indore,Madhya Pradesh,Paid Ads
C02025,2026-02-22,Female,40,Ranchi,Jharkhand,Paid Ads
C03280,2025-02-17,Female,24,Vijayawada,Andhra Pradesh,Social Media
C02224,2025-03-23,,34,Ahmedabad,Gujarat,Paid Ads
C00970,2025-10-05,Female,41,Bhopal,Madhya Pradesh,Paid Ads
C03536,2024-11-01,Male,18,Guwahati,Assam,Referral
C04923,2025-10-30,Male,30,Mumbai,Maharashtra,Referral
C04883,2026-05-13,,38,Lucknow,Uttar Pradesh,Social Media
C04676,2026-07-11,Female,42,Chennai,Tamil Nadu,Email
C03787,2025-05-01,Female,38,Nagpur,Maharashtra,Paid Ads
C02687,2025-08-03,Male,29,Thiruvananthapuram,Kerala,Paid Ads
C02446,2025-01-07,Female,27,Kochi,Kerala,Social Media
C00556,2024-09-05,Female,21,Guwahati,Assam,Email
C02058,2026-02-17,Female,30,Vijayawada,Andhra Pradesh,Paid Ads
C00430,2025-05-04,Female,34,Mysuru,Karnataka,Organic Search
C04862,2025-01-18,Other,31,Bhubaneswar,Odisha,Organic Search
C03810,2025-08-06,Male,23,Chandigarh,Chandigarh,Social Media
C04271,2026-06-07,Male,40,Indore,Madhya Pradesh,Social Media
C03017,2025-10-08,Male,37,Visakhapatnam,Andhra Pradesh,Social Media
C03538,2025-09-14,Female,41,Ahmedabad,Gujarat,Social Media
C04330,2026-04-02,Female,39,Visakhapatnam,Andhra Pradesh,Referral
C03671,2025-12-25,Male,22,Chandigarh,Chandigarh,Organic Search
C04374,2026-03-18,Female,42,Bhubaneswar,Odisha,Organic Search
C00291,2026-01-20,Female,32,Mysuru,Karnataka,Organic Search
C03801,2025-03-25,Male,33,Bhopal,Madhya Pradesh,Paid Ads
C02147,2025-07-31,Female,33,Thiruvananthapuram,Kerala,Social Media
C00253,2026-02-18,Male,51,Mumbai,Maharashtra,Paid Ads
C03264,2025-05-16,Female,39,Hyderabad,Telangana,Organic Search
C00351,2025-09-29,Female,27,Thiruvananthapuram,Kerala,Social Media
C03231,2025-08-30,Female,21,Hyderabad,Telangana,Organic Search
C02528,2026-05-29,Male,,Kochi,Kerala,Referral
C04223,2026-02-23,Male,39,Guwahati,Assam,Social Media
C00472,2025-07-31,Female,37,VISAKHAPATNAM,Andhra Pradesh,Organic Search
C00091,2025-10-21,,35,Delhi,Delhi,Paid Ads
C01739,2025-06-14,Female,36,coimbatore,Tamil Nadu,Organic Search
C01437,2025-07-01,Male,18,Guwahati,Assam,Social Media
C00692,2024-08-04,Male,44,Faridabad,Haryana,Paid Ads
C03059,2025-09-28,Other,31,Noida,Uttar Pradesh,Organic Search
C00027,2025-08-04,Male,25,Surat,Gujarat,Paid Ads
C02293,2026-03-22,Female,36,Kanpur,Uttar Pradesh,Paid Ads
C03639,2026-01-03,Female,23,Ranchi,Jharkhand,Paid Ads
C03706,2026-04-30,Male,30,Ranchi,Jharkhand,Social Media
C00502,2024-07-08,Female,,Indore,Madhya Pradesh,Organic Search
C03967,2024-06-08,Male,29,Chandigarh,Chandigarh,Organic Search
C01607,2025-05-17,Female,30,Hyderabad,Telangana,Social Media
C02099,2025-04-02,Other,20,Patna,Bihar,Organic Search
C04605,2025-02-23,Male,23,jaipur,Rajasthan,Email
C04720,2025-03-08,Female,36,Visakhapatnam,Andhra Pradesh,Referral
C03244,2025-11-09,Other,33,Kanpur,Uttar Pradesh,Organic Search
C01420,2025-01-21,Female,,Ranchi,Jharkhand,Social Media
C00255,2026-02-02,Female,50,Thiruvananthapuram,Kerala,Organic Search
C01898,2024-04-19,Female,25,Chennai,Tamil Nadu,Referral
C03401,2025-10-26,Female,29,Kolkata,West Bengal,Email
C01979,2025-12-14,Male,39,Guwahati,Assam,Organic Search
C04323,2024-09-16,Male,39,Patna,Bihar,Paid Ads
C02527,2025-11-12,Female,24,Faridabad,Haryana,Referral
C01273,2025-05-02,Female,42,Coimbatore,Tamil Nadu,Social Media
C01452,2025-08-06,Male,31,Indore,Madhya Pradesh,Organic Search
C01262,2024-06-08,Male,32,Thiruvananthapuram,Kerala,Social Media
C04190,2026-03-28,Male,45,Mumbai,Maharashtra,Organic Search
C04857,2026-04-12,Male,25,vijayawada,Andhra Pradesh,Organic Search
C00316,2026-07-02,Male,18,Bhubaneswar,,Social Media
C02158,2026-06-08,Female,38,Kanpur,Uttar Pradesh,Email
C01095,2026-01-11,Male,27,Nagpur,Maharashtra,Paid Ads
C04908,2025-05-19,Female,20,AHMEDABAD,Gujarat,Referral
C01116,2026-05-17,Female,28,Jaipur,Rajasthan,Social Media
C03608,2026-07-12,Male,27,Lucknow,Uttar Pradesh,Organic Search
C03135,2025-06-20,Male,47,Chandigarh,Chandigarh,Paid Ads
C00070,2026-01-08,Male,23,Kanpur,Uttar Pradesh,Social Media
C03261,2026-04-05,Female,27,Gurugram,Haryana,Paid Ads
C04632,2026-05-27,Male,41,Chandigarh,Chandigarh,Social Media
C01659,2025-04-08,Male,32,Guwahati,Assam,Paid Ads
C03013,2026-04-29,Female,41,Hyderabad,Telangana,Social Media
C03048,2026-03-20,Female,44,Jaipur,Rajasthan,Organic Search
C04671,2024-08-31,Female,46,Mumbai,Maharashtra,Email
C03698,2025-08-26,Female,44,Ahmedabad,Gujarat,Referral
C03726,2026-01-11,Female,36,Faridabad,Haryana,Email
C01500,2026-07-21,Male,18,Surat,Gujarat,Paid Ads
C02651,2024-09-30,Female,27,Udaipur,Rajasthan,Organic Search
C03652,2025-08-03,Female,31,Hyderabad,Telangana,Social Media
C01345,2026-02-10,Male,37,Bhopal,Madhya Pradesh,Paid Ads
C04524,2025-05-21,Male,46,Mysuru,Karnataka,Organic Search
C01102,2025-09-23,Male,37,Mumbai,Maharashtra,Social Media
C00388,2024-10-11,,18,Chandigarh,Chandigarh,Social Media
C04988,2025-07-15,Female,38,Jaipur,Rajasthan,Paid Ads
C02894,2025-05-26,Male,37,Thiruvananthapuram,Kerala,Organic Search
C03245,2025-12-27,Male,27,Guwahati,Assam,Organic Search
C03699,2024-05-26,Male,,Bhopal,Madhya Pradesh,Paid Ads
C01913,2026-06-05,Male,23,Jaipur,Rajasthan,Paid Ads
C00411,2025-05-24,Male,40,Faridabad,Haryana,Paid Ads
C00585,2025-09-17,Male,18,Faridabad,Haryana,Paid Ads
C00110,2024-06-12,Female,18,Hyderabad,Telangana,Social Media
C02526,2025-03-19,Female,31,Coimbatore,Tamil Nadu,Social Media
C02742,2026-01-09,Female,39,Kochi,Kerala,Paid Ads
C03479,2025-10-06,Female,35,Visakhapatnam,Andhra Pradesh,Social Media
C04967,2025-03-13,Male,,CHENNAI,Tamil Nadu,Paid Ads
C02624,2025-01-09,Female,25,Kanpur,Uttar Pradesh,Paid Ads
C01169,2025-05-02,Male,26,Kolkata,West Bengal,Organic Search
C00469,2025-12-08,Female,,Bhopal,Madhya Pradesh,Organic Search
C00830,2025-06-11,Female,33,Lucknow,Uttar Pradesh,Social Media
C01619,2025-10-23,Female,27,VISAKHAPATNAM,Andhra Pradesh,Organic Search
C03014,2026-05-17,Male,43,Coimbatore,Tamil Nadu,Social Media
C01962,2024-10-04,Male,30,Kolkata,West Bengal,Email
C00487,2025-08-28,Male,,Udaipur,Rajasthan,Referral
C01635,2026-01-23,Female,27,Patna,Bihar,Paid Ads
C00743,2025-02-08,Female,,Bengaluru,Karnataka,Organic Search
C04423,2025-04-12,Female,22,Gurugram,Haryana,Social Media
C00908,2026-06-18,Male,37,Ahmedabad,Gujarat,Referral
C04145,2024-09-17,Male,37,Kanpur,Uttar Pradesh,Social Media
C03287,2025-12-23,Male,24,mysuru,Karnataka,Paid Ads
C00890,2025-10-15,Female,28,Kochi,Kerala,Organic Search
C03524,2026-05-02,Female,22,Noida,Uttar Pradesh,Organic Search
C03934,2025-04-16,Female,31,Noida,Uttar Pradesh,Organic Search
C00178,2025-05-24,Female,21,Ahmedabad,Gujarat,Organic Search
C02909,2026-05-06,Female,23,Hyderabad,Telangana,Paid Ads
C03272,2025-07-28,Female,18,Gurugram,Haryana,Social Media
C00081,2025-11-18,Male,18,Kolkata,West Bengal,Organic Search
C04875,2025-11-15,Male,21,Bhopal,Madhya Pradesh,Referral
C02551,2025-08-25,Male,26,Delhi,Delhi,Organic Search
C04837,2024-12-11,Female,25,Nagpur,Maharashtra,Referral
C02618,2026-06-05,Male,30,Surat,Gujarat,Paid Ads
C04206,2026-04-10,Male,36,Hyderabad,Telangana,Social Media
C03691,2025-10-22,Male,3,Ranchi,Jharkhand,Paid Ads
C00222,2025-06-17,Female,34,Pune,Maharashtra,Paid Ads
C00094,2025-10-29,Female,22,Delhi,Delhi,Paid Ads
C02628,2025-09-12,Male,26,Bhubaneswar,Odisha,Paid Ads
C00928,2025-12-04,Female,46,Udaipur,Rajasthan,Paid Ads
C04048,2024-07-09,Female,38,Thiruvananthapuram,Kerala,Organic Search
C01559,2026-05-29,Male,35,Coimbatore,Tamil Nadu,Social Media
C03379,2026-07-02,Male,42,Ranchi,Jharkhand,Organic Search
C02108,2026-01-19,Female,30,Indore,Madhya Pradesh,Social Media
C01057,2026-06-14,Male,24,Patna,Bihar,Social Media
C04670,2025-04-27,Male,23,Noida,Uttar Pradesh,Referral
C03690,2024-04-29,Male,35,Bhubaneswar,Odisha,Referral
C00813,2025-11-17,Male,37,Visakhapatnam,,Organic Search
C03929,2025-05-14,Male,37,Delhi,Delhi,Paid Ads
C01874,2026-01-07,Female,19,Patna,Bihar,Paid Ads
C04574,2026-01-05,Female,37,Patna,Bihar,Referral
C02592,2024-04-09,Female,45,Bhubaneswar,Odisha,Organic Search
C01865,2025-02-10,Male,25,Delhi,Delhi,Organic Search
C03127,2025-09-10,Male,24,Thiruvananthapuram,Kerala,Organic Search
C03423,2025-09-05,Male,34,Guwahati,Assam,Email
C02926,2024-10-21,Male,35,Bengaluru,Karnataka,Social Media
C00600,2024-06-13,Female,22,Surat,Gujarat,Paid Ads
C02005,2025-12-21,Male,29,Kanpur,Uttar Pradesh,Referral
C04732,2024-10-24,Female,43,Vijayawada,Andhra Pradesh,Organic Search
C00878,2025-03-22,Female,40,PUNE,Maharashtra,Paid Ads
C04666,2026-05-29,Male,26,Chandigarh,Chandigarh,Paid Ads
C01651,2026-05-18,Male,39,Coimbatore,Tamil Nadu,Paid Ads
C01413,2025-02-06,Female,18,Noida,Uttar Pradesh,Organic Search
C04858,2025-08-11,Male,27,Mumbai,Maharashtra,Email
C01695,2026-05-09,Male,31,Mumbai,Maharashtra,Social Media
C01783,2025-04-27,Male,54,Mumbai,Maharashtra,Referral
C02655,2025-06-19,Female,28,Visakhapatnam,Andhra Pradesh,Organic Search
C01719,2024-02-04,Female,30,Jaipur,Rajasthan,Organic Search
C02120,2025-05-31,Female,45,noida,Uttar Pradesh,Organic Search
C03072,2025-12-25,Male,51,Faridabad,Haryana,Referral
C03940,2025-07-04,Male,38,Lucknow,Uttar Pradesh,Organic Search
C00220,2024-07-31,Female,34,Patna,Bihar,Referral
C01685,2024-12-06,Male,30,Surat,Gujarat,Paid Ads
C04778,2024-04-12,Male,22,udaipur,Rajasthan,Paid Ads
C00725,2025-05-25,Male,42,Surat,Gujarat,Organic Search
C03040,2024-10-06,Male,,Indore,Madhya Pradesh,Paid Ads
C02482,2026-02-15,Male,34,Chandigarh,Chandigarh,Organic Search
C03642,2025-10-13,Female,28,Mumbai,Maharashtra,Paid Ads
C00044,2025-08-09,Male,27,Coimbatore,Tamil Nadu,Organic Search
C01039,2025-11-13,Female,32,Nagpur,Maharashtra,Paid Ads
C00211,2024-08-10,Female,36,Vijayawada,Andhra Pradesh,Social Media
C02324,2026-07-07,Female,,Mysuru,Karnataka,Social Media
C00355,2025-08-10,Female,39,Ahmedabad,Gujarat,Paid Ads
C04735,2026-04-18,Female,36,Nagpur,Maharashtra,Referral
C01085,2026-04-15,Female,,Noida,Uttar Pradesh,Organic Search
C04428,2025-01-20,Female,20,Mumbai,Maharashtra,Paid Ads
C02765,2024-07-20,Female,37,Coimbatore,Tamil Nadu,Paid Ads
C00368,2026-01-02,Male,22,Chennai,Tamil Nadu,Email
C03822,2025-01-31,Female,,Lucknow,Uttar Pradesh,Paid Ads
C03738,2025-03-02,Female,43,Noida,Uttar Pradesh,Paid Ads
C03470,2026-03-28,Female,24,Ranchi,Jharkhand,Organic Search
C00136,2025-07-14,Female,31,Indore,Madhya Pradesh,Social Media
C00806,2026-07-06,Male,32,Bhubaneswar,Odisha,Referral
C00048,2024-12-19,Female,37,Indore,Madhya Pradesh,Social Media
C00788,2025-06-24,Male,29,Jaipur,Rajasthan,Paid Ads
C02520,2026-02-16,Female,42,Udaipur,Rajasthan,Paid Ads
C02035,2025-05-09,Female,24,Indore,Madhya Pradesh,Organic Search
C02887,2026-02-17,Female,18,Chandigarh,Chandigarh,Organic Search
C02003,2026-02-21,Female,50,Ahmedabad,Gujarat,Paid Ads
C01615,2024-05-12,Male,20,Jaipur,Rajasthan,Social Media
C00062,2026-01-15,Female,18,Mysuru,Karnataka,Email
C03254,2026-04-25,Female,38,Pune,Maharashtra,Social Media
C01698,2025-02-17,Female,51,Bengaluru,Karnataka,Social Media
C00096,2024-08-28,Male,29,Bengaluru,Karnataka,Paid Ads
C00479,2026-04-06,Male,34,Pune,Maharashtra,Paid Ads
C03063,2025-04-24,Female,18,Bengaluru,Karnataka,Organic Search
C03227,2025-12-03,Male,50,Surat,Gujarat,Paid Ads
C01996,2026-01-06,Female,32,Bengaluru,Karnataka,Paid Ads
C04224,2025-11-15,Male,20,Gurugram,Haryana,Referral
C04639,2025-07-19,,20,Lucknow,Uttar Pradesh,Social Media
C02634,2025-12-04,Female,,Mysuru,Karnataka,Paid Ads
C00323,2025-02-05,Female,30,Bhopal,Madhya Pradesh,Email
C01129,2024-11-20,Female,,Coimbatore,Tamil Nadu,Paid Ads
C02232,2026-07-21,Male,28,Pune,Maharashtra,Referral
C02858,2026-05-16,Male,35,Bengaluru,Karnataka,Referral
C01508,2024-07-27,Male,31,Mysuru,Karnataka,Organic Search
C01426,2024-09-02,Male,25,Noida,Uttar Pradesh,Organic Search
C01744,2025-02-09,Male,44,MYSURU,Karnataka,Organic Search
C04532,2026-07-02,Male,41,Nagpur,Maharashtra,Paid Ads
C03482,2024-09-07,Male,35,Kochi,Kerala,Referral
C00292,2025-11-25,Male,26,Nagpur,Maharashtra,Social Media
C01871,2026-07-29,Female,33,Bhubaneswar,Odisha,Paid Ads
C00912,2026-01-19,Female,26,Pune,Maharashtra,Organic Search
C00534,2025-10-22,Male,41,Coimbatore,Tamil Nadu,Organic Search
C04852,2024-10-19,,33,Coimbatore,Tamil Nadu,Social Media
C01097,2026-02-25,Female,35,Chennai,Tamil Nadu,Social Media
C01667,2025-09-16,Female,35,Coimbatore,Tamil Nadu,Referral
C03312,2025-07-27,Female,37,Visakhapatnam,Andhra Pradesh,Paid Ads
C02289,2024-09-24,Female,30,Kanpur,Uttar Pradesh,Paid Ads
C02169,2025-03-04,Female,32,Kochi,Kerala,Organic Search
C03938,2025-11-21,Female,36,Kolkata,West Bengal,Paid Ads
C04040,2026-05-13,Female,21,Kolkata,West Bengal,Referral
C03783,2024-12-08,Male,34,Kanpur,Uttar Pradesh,Email
C01407,2025-09-18,Female,,Lucknow,Uttar Pradesh,Organic Search
C02496,2026-02-15,Male,32,Mumbai,Maharashtra,Paid Ads
C02764,2024-07-25,Male,52,Kanpur,Uttar Pradesh,Organic Search
C03308,2025-12-02,Male,40,Bengaluru,Karnataka,Organic Search
C02390,2026-04-15,Female,43,Indore,Madhya Pradesh,Social Media
C03222,2024-01-22,Male,45,Indore,Madhya Pradesh,Referral
C04595,2026-05-24,Male,25,Kanpur,Uttar Pradesh,Referral
C03263,2026-07-12,Female,31,Kolkata,West Bengal,Organic Search
C03663,2024-08-14,Female,23,Kolkata,West Bengal,Social Media
C04879,2026-05-04,Female,,Coimbatore,Tamil Nadu,Organic Search
C04538,2025-06-26,Male,41,Udaipur,Rajasthan,Organic Search
C04933,2026-03-23,Male,36,Mumbai,Maharashtra,Social Media
C00634,2026-01-29,Male,37,Coimbatore,Tamil Nadu,Social Media
C03338,2024-11-28,Male,26,Nagpur,Maharashtra,Organic Search
C02981,2024-10-21,,33,Kolkata,West Bengal,Social Media
C03162,2025-01-02,Male,,Pune,Maharashtra,Organic Search
C03239,2024-08-27,Male,,Delhi,Delhi,Social Media
C03811,2025-12-06,Male,21,Visakhapatnam,Andhra Pradesh,Referral
C04036,2025-05-15,Male,53,Delhi,Delhi,Paid Ads
C02255,2024-12-27,Male,31,Visakhapatnam,Andhra Pradesh,Paid Ads
C01205,2026-04-13,Female,29,Vijayawada,Andhra Pradesh,Social Media
C04315,2026-03-31,Female,20,Kolkata,West Bengal,Organic Search
C02620,2025-05-18,Male,34,Udaipur,Rajasthan,Referral
C03830,2025-03-15,Female,22,Pune,Maharashtra,Paid Ads
C03345,2025-05-24,Male,31,Visakhapatnam,Andhra Pradesh,Social Media
C01963,2026-04-22,Female,,Faridabad,Haryana,Paid Ads
C04335,2025-07-11,Female,31,Vijayawada,Andhra Pradesh,Referral
C01533,2025-07-24,Female,18,Hyderabad,Telangana,Social Media
C04023,2025-05-09,Female,36,Kanpur,Uttar Pradesh,Referral
C00071,2025-07-30,Male,36,Ahmedabad,Gujarat,Social Media
C01771,2024-04-01,Male,42,Ranchi,Jharkhand,Social Media
C01145,2026-04-08,Male,,Indore,Madhya Pradesh,Paid Ads
C04338,2026-04-15,Female,50,Mysuru,Karnataka,Social Media
C04838,2025-08-13,Female,40,Nagpur,Maharashtra,Referral
C02993,2024-12-06,Female,29,Pune,Maharashtra,Referral
C03002,2026-04-24,Male,18,Pune,Maharashtra,Paid Ads
C02298,2024-09-06,Male,27,Patna,Bihar,Organic Search
C04405,2025-02-13,Male,20,Vijayawada,Andhra Pradesh,Social Media
C02332,2024-12-16,Male,41,Bhubaneswar,Odisha,Paid Ads
C01201,2025-12-15,Female,20,gurugram,Haryana,Email
C01406,2025-03-10,Female,30,Mysuru,Karnataka,Paid Ads
C01445,2026-01-04,Male,21,Guwahati,Assam,Email
C02155,2026-04-24,Female,28,Bengaluru,Karnataka,Email
C02695,2026-06-24,Male,42,Lucknow,Uttar Pradesh,Social Media
C00894,2025-05-05,Male,43,Surat,Gujarat,Social Media
C03772,2025-02-27,Male,24,Thiruvananthapuram,Kerala,Referral
C04237,2025-04-22,Male,39,Coimbatore,Tamil Nadu,Organic Search
C04238,2025-12-23,Female,48,Thiruvananthapuram,Kerala,Paid Ads
C02074,2026-05-16,Male,24,Gurugram,,Paid Ads
C02243,2025-12-10,Female,22,Gurugram,Haryana,Organic Search
C01042,2025-04-01,Male,37,Hyderabad,Telangana,Organic Search
C02178,2025-12-14,Male,36,Kolkata,West Bengal,Social Media
C00747,2026-03-19,Female,24,Faridabad,Haryana,Social Media
C00735,2025-03-27,Male,33,Ranchi,Jharkhand,Paid Ads
C01906,2026-02-17,Female,41,Nagpur,Maharashtra,Social Media
C03596,2026-01-20,Male,33,Ahmedabad,Gujarat,Social Media
C01936,2025-03-16,Female,35,Kochi,Kerala,Social Media
C02245,2025-07-01,Female,51,Noida,Uttar Pradesh,Paid Ads
C01594,2026-04-01,Male,40,Bengaluru,Karnataka,Organic Search
C03623,2024-11-19,Female,39,Mysuru,Karnataka,Paid Ads
C01704,2024-04-24,Female,40,Vijayawada,Andhra Pradesh,Paid Ads
C01472,2024-07-08,Male,23,Thiruvananthapuram,Kerala,Paid Ads
C02723,2025-08-10,Female,29,Nagpur,Maharashtra,Organic Search
C03618,2025-09-15,Female,32,Pune,Maharashtra,Organic Search
C01542,2026-03-24,Male,36,Mumbai,Maharashtra,Paid Ads
C00234,2025-09-28,Female,28,Delhi,Delhi,Referral
C04579,2026-02-20,Male,30,Ahmedabad,Gujarat,Email
C02410,2025-07-11,Male,39,Udaipur,Rajasthan,Social Media
C00416,2025-08-07,Female,34,Udaipur,Rajasthan,Social Media
C01371,2026-02-24,Male,,Bengaluru,Karnataka,Organic Search
C00656,2026-01-28,Male,,Mumbai,Maharashtra,Email
C01599,2026-06-06,Male,43,Bengaluru,Karnataka,Paid Ads
C04033,2024-09-12,Male,26,Thiruvananthapuram,Kerala,Organic Search
C00018,2024-05-10,Male,26,Hyderabad,Telangana,Social Media
C01221,2025-03-15,Male,18,Patna,Bihar,Paid Ads
C01727,2026-04-18,Female,39,Gurugram,Haryana,Organic Search
C02368,2024-05-06,Female,32,Patna,Bihar,Paid Ads
C00597,2026-07-15,Female,24,Kochi,Kerala,Social Media
C03949,2025-12-22,Female,23,Ahmedabad,Gujarat,Organic Search
C02493,2025-11-24,Male,28,Mysuru,Karnataka,Email
C00965,2026-06-07,Male,,Bengaluru,Karnataka,Social Media
C02173,2025-10-06,Female,33,Thiruvananthapuram,Kerala,Paid Ads
C01434,2026-03-25,Male,34,Kanpur,Uttar Pradesh,Paid Ads
C02347,2024-10-04,Female,31,Surat,Gujarat,Referral
C00372,2025-04-10,Female,30,Bengaluru,Karnataka,Organic Search
C01362,2024-11-02,Male,31,Bhopal,Madhya Pradesh,Social Media
C00599,2025-05-03,Female,27,Chennai,Tamil Nadu,Organic Search
C00239,2026-01-08,Male,30,Chandigarh,Chandigarh,Organic Search
C03419,2025-08-20,Female,,Jaipur,Rajasthan,Organic Search
C03836,2026-05-22,Female,26,Faridabad,Haryana,Organic Search
C01591,2025-01-13,Female,,Hyderabad,Telangana,Paid Ads
C01809,2025-09-06,Male,45,Indore,Madhya Pradesh,Organic Search
C04410,2024-08-30,Male,32,Bengaluru,Karnataka,Paid Ads
C04692,2026-04-14,Male,23,Kanpur,Uttar Pradesh,Organic Search
C03880,2024-08-30,Female,18,Nagpur,Maharashtra,Email
C03484,2025-09-25,Female,35,Mumbai,Maharashtra,Paid Ads
C03122,2025-08-01,Female,34,Indore,Madhya Pradesh,Social Media
C02768,2026-04-18,Male,18,Chennai,Tamil Nadu,Referral
C03853,2025-09-05,Female,21,Bhopal,Madhya Pradesh,Organic Search
C00722,2025-02-10,Male,18,Bengaluru,Karnataka,Organic Search
C00839,2024-01-22,Male,,Lucknow,Uttar Pradesh,Email
C01546,2026-01-06,Male,37,Chandigarh,Chandigarh,Social Media
C01171,2026-06-27,Male,47,BENGALURU,Karnataka,Referral
C04265,2025-05-10,Female,23,visakhapatnam,Andhra Pradesh,Organic Search
C00829,2024-11-20,Female,32,Bhubaneswar,Odisha,Organic Search
C03275,2025-08-06,Male,20,Surat,Gujarat,Email
C01745,2024-10-20,Female,,Bhubaneswar,,Email
C04035,2025-03-08,Male,44,Mysuru,Karnataka,Referral
C01210,2025-09-27,Female,22,Kochi,Kerala,Paid Ads
C03448,2025-07-04,Female,33,Guwahati,Assam,Organic Search
C00622,2026-01-17,Female,35,Bengaluru,Karnataka,Organic Search
C02315,2024-05-11,Male,36,Bhopal,Madhya Pradesh,Organic Search
C03651,2024-08-30,Female,18,Faridabad,Haryana,Social Media
C00567,2026-05-05,Male,38,Guwahati,Assam,Organic Search
C01488,2025-04-21,Female,32,Gurugram,Haryana,Organic Search
C03989,2024-12-22,Female,33,Nagpur,Maharashtra,Paid Ads
C04268,2025-05-14,Male,49,Patna,Bihar,Referral
C00052,2024-08-16,Male,18,Jaipur,Rajasthan,Social Media
C03504,2025-07-09,,33,Patna,Bihar,Organic Search
C03958,2026-03-21,Female,30,Nagpur,Maharashtra,Referral
C04014,2025-07-28,Other,51,Mumbai,Maharashtra,Social Media
C04319,2025-03-25,Male,38,Noida,Uttar Pradesh,Social Media
C00535,2026-02-17,Female,41,Kolkata,West Bengal,Social Media
C04979,2025-04-14,Male,23,Ranchi,Jharkhand,Email
C02105,2026-02-11,Female,,Mumbai,Maharashtra,Organic Search
C00444,2026-03-29,Female,22,gurugram,Haryana,Email
C02253,2024-12-30,Male,34,Kanpur,Uttar Pradesh,Organic Search
C00196,2026-04-15,Female,31,Visakhapatnam,Andhra Pradesh,Organic Search
C03624,2026-03-14,Female,19,Kolkata,West Bengal,Organic Search
C01919,2026-01-25,Male,31,Gurugram,Haryana,Paid Ads
C04478,2025-07-25,Male,32,Delhi,Delhi,Referral
C03025,2025-12-03,Female,,Vijayawada,Andhra Pradesh,Paid Ads
C04217,2026-01-05,Male,44,Bhopal,Madhya Pradesh,Organic Search
C04806,2026-02-15,Female,36,Delhi,Delhi,Organic Search
C03705,2026-03-09,Female,22,Kolkata,West Bengal,Email
C03634,2025-10-22,Male,40,Bhopal,Madhya Pradesh,Referral
C02941,2026-03-17,Female,,Visakhapatnam,Andhra Pradesh,Organic Search
C00645,2026-04-07,Male,24,Faridabad,Haryana,Email
C00808,2024-06-21,Male,19,Visakhapatnam,Andhra Pradesh,Referral
C03541,2024-11-26,Female,32,Mysuru,Karnataka,Email
C04621,2025-04-11,Male,25,Coimbatore,Tamil Nadu,Paid Ads
C04416,2026-01-11,Male,30,Bhopal,Madhya Pradesh,Organic Search
C00121,2025-02-20,Female,28,Kochi,Kerala,Paid Ads
C02442,2026-07-07,Female,21,Delhi,Delhi,Referral
C01993,2026-03-25,Male,22,Visakhapatnam,Andhra Pradesh,Paid Ads
C04901,2025-04-09,Female,23,Kolkata,West Bengal,Paid Ads
C02851,2025-12-17,Male,32,Delhi,Delhi,Paid Ads
C02239,2025-01-02,Female,30,Noida,Uttar Pradesh,Social Media
C00135,2026-05-23,Male,39,Udaipur,Rajasthan,Paid Ads
C03354,2025-08-22,Female,26,Bengaluru,Karnataka,Social Media
C01984,2025-06-22,Female,26,Jaipur,Rajasthan,Referral
C02708,2026-03-30,Female,30,Coimbatore,Tamil Nadu,Social Media
C00185,2025-06-21,Female,18,Mumbai,Maharashtra,Paid Ads
C03195,2026-07-02,Female,24,Lucknow,Uttar Pradesh,Paid Ads
C02560,2025-02-20,Female,42,Thiruvananthapuram,Kerala,Paid Ads
C00512,2025-10-09,Female,40,Visakhapatnam,,Paid Ads
C00842,2025-11-23,Female,,Faridabad,Haryana,Organic Search
C04076,2026-05-07,Male,49,Visakhapatnam,Andhra Pradesh,Organic Search
C04362,2024-03-29,Male,31,Kanpur,Uttar Pradesh,Organic Search
C04093,2026-01-14,Male,31,Visakhapatnam,Andhra Pradesh,Social Media
C04273,2026-04-24,Male,39,Guwahati,Assam,Organic Search
C01398,2025-07-16,Male,34,Faridabad,Haryana,Email
C00857,2025-10-24,,18,Indore,Madhya Pradesh,Paid Ads
C00252,2024-08-05,Male,21,Noida,Uttar Pradesh,Social Media
C02759,2025-06-23,Male,41,Kochi,Kerala,Social Media
C03066,2025-05-03,Female,26,Mysuru,Karnataka,Social Media
C02703,2026-07-21,Female,22,Hyderabad,Telangana,Paid Ads
C02233,2026-03-10,Male,33,Pune,Maharashtra,Social Media
C00123,2026-07-13,Female,42,Hyderabad,Telangana,Social Media
C02804,2025-10-27,Female,36,Bengaluru,Karnataka,Organic Search
C02219,2024-07-01,Female,25,Bhubaneswar,Odisha,Paid Ads
C02338,2024-11-11,Female,48,Ranchi,Jharkhand,Paid Ads
C04088,2024-07-20,Male,32,Faridabad,Haryana,Organic Search
C00568,2025-02-15,Male,34,Mysuru,Karnataka,Paid Ads
C01393,2025-04-16,Male,33,Kanpur,Uttar Pradesh,Social Media
C03204,2026-02-18,,21,Bhubaneswar,Odisha,Referral
C02481,2026-03-28,Male,30,Noida,Uttar Pradesh,Paid Ads
C02577,2025-12-22,Male,28,Faridabad,Haryana,Paid Ads
C03748,2025-06-01,Male,21,Faridabad,Haryana,Social Media
C03834,2026-05-06,Male,40,Mumbai,Maharashtra,Referral
C01478,2025-02-14,Male,27,Hyderabad,Telangana,Social Media
C04760,2026-06-04,Male,54,Guwahati,Assam,Paid Ads
C01627,2026-02-02,Female,27,Ranchi,Jharkhand,Paid Ads
C00721,2024-05-22,Male,43,Noida,Uttar Pradesh,Paid Ads
C02729,2024-12-17,Female,36,Bhubaneswar,Odisha,Paid Ads
C02054,2025-06-24,Female,31,kanpur,Uttar Pradesh,Organic Search
C01433,2025-12-29,Male,29,Kanpur,Uttar Pradesh,Paid Ads
C03214,2025-03-03,Female,23,Hyderabad,Telangana,Referral
C00603,2024-04-01,Female,0,Mysuru,Karnataka,Social Media
C01567,2026-05-31,Male,26,Lucknow,Uttar Pradesh,Social Media
C04750,2026-03-22,Female,,Udaipur,Rajasthan,Organic Search
C02678,2025-01-01,Male,34,Gurugram,Haryana,Social Media
C03476,2025-05-26,Female,48,Lucknow,,Organic Search
C00319,2025-05-21,Male,19,Indore,Madhya Pradesh,Social Media
C04748,2026-02-27,Male,36,Chandigarh,Chandigarh,Paid Ads
C04558,2025-09-15,Female,21,Pune,Maharashtra,Referral
C00275,2024-04-19,Female,27,Bhopal,Madhya Pradesh,Organic Search
C01882,2026-04-18,Male,42,Bhopal,Madhya Pradesh,Organic Search
C00550,2025-10-12,Male,18,Bhubaneswar,Odisha,Email
C02813,2024-09-07,Male,26,Coimbatore,Tamil Nadu,Organic Search
C01030,2025-12-10,Male,34,Chandigarh,Chandigarh,Organic Search
C04905,2025-11-25,Male,18,Kanpur,Uttar Pradesh,Paid Ads
C02953,2026-02-23,Female,23,Indore,Madhya Pradesh,Paid Ads
C00606,2026-03-24,Male,30,Faridabad,Haryana,Organic Search
C02234,2025-11-24,Male,19,Bhubaneswar,Odisha,Organic Search
C00528,2024-06-22,Female,29,Chennai,Tamil Nadu,Email
C02847,2025-08-16,Male,,Kolkata,West Bengal,Organic Search
C02365,2025-09-07,Female,46,Visakhapatnam,Andhra Pradesh,Social Media
C04360,2024-10-16,Female,23,Bhubaneswar,Odisha,Paid Ads
C03794,2025-01-20,Female,50,Jaipur,Rajasthan,Social Media
C04839,2025-05-19,Female,24,Vijayawada,Andhra Pradesh,Organic Search
C01834,2026-05-25,Female,35,Jaipur,Rajasthan,Referral
C00299,2026-01-27,Female,26,Chennai,Tamil Nadu,Social Media
C03791,2025-09-02,Female,43,Vijayawada,Andhra Pradesh,Organic Search
C02555,2024-10-23,Male,42,Patna,Bihar,Referral
C01596,2025-09-26,Female,20,Ahmedabad,Gujarat,Email
C03104,2025-02-15,Female,30,Noida,Uttar Pradesh,Paid Ads
C04602,2025-10-13,Female,26,Indore,Madhya Pradesh,Social Media
C03858,2025-02-08,Female,27,Indore,Madhya Pradesh,Organic Search
C01584,2024-10-04,Female,36,JAIPUR,Rajasthan,Paid Ads
C02987,2025-05-04,Male,40,Mumbai,Maharashtra,Social Media
C01245,2025-06-25,Female,28,NOIDA,Uttar Pradesh,Referral
C00757,2024-06-09,Female,18,Thiruvananthapuram,Kerala,Paid Ads
C01035,2025-07-23,Male,32,Chennai,Tamil Nadu,Organic Search
C03322,2026-06-18,Female,,Hyderabad,Telangana,Social Media
C02388,2026-05-02,Female,44,Coimbatore,Tamil Nadu,Email
C01243,2025-07-15,Female,51,Noida,Uttar Pradesh,Paid Ads
C01486,2025-08-19,Female,28,Pune,Maharashtra,Paid Ads
C01193,2025-01-05,Male,26,Lucknow,Uttar Pradesh,Paid Ads
C01861,2025-11-15,Female,,Thiruvananthapuram,Kerala,Paid Ads
C00377,2025-03-07,Male,18,Visakhapatnam,Andhra Pradesh,Email
C01033,2026-07-09,Male,31,Surat,Gujarat,Organic Search
C04202,2026-05-06,Female,36,Visakhapatnam,Andhra Pradesh,Referral
C03542,2025-12-16,Female,38,Hyderabad,Telangana,Organic Search
C01150,2025-03-07,Female,34,Patna,Bihar,Organic Search
C00379,2025-09-04,Male,39,Faridabad,Haryana,Organic Search
C01892,2024-06-07,Male,33,Visakhapatnam,Andhra Pradesh,Social Media
C03950,2026-03-12,Female,49,Delhi,Delhi,Social Media
C03709,2026-02-21,,30,Chennai,Tamil Nadu,Organic Search
C01910,2026-01-11,Male,31,Surat,Gujarat,Organic Search
C01879,2025-01-01,Male,30,Lucknow,Uttar Pradesh,Organic Search
C04459,2024-05-21,Male,48,Thiruvananthapuram,Kerala,Social Media
C02749,2026-05-08,Male,46,Pune,Maharashtra,Social Media
C03409,2026-07-22,Male,31,Bhopal,Madhya Pradesh,Paid Ads
C04594,2024-12-25,Male,28,Jaipur,Rajasthan,Referral
C03820,2025-06-27,Male,27,Delhi,Delhi,Referral
C02861,2025-06-26,Female,26,Lucknow,Uttar Pradesh,Social Media
C02656,2025-08-19,Female,33,Coimbatore,Tamil Nadu,Social Media
C00795,2026-02-09,Male,,Kanpur,Uttar Pradesh,Paid Ads
C02523,2025-10-24,Male,35,PATNA,Bihar,Social Media
C02459,2026-04-01,Female,37,Chennai,Tamil Nadu,Referral
C04460,2025-03-01,Female,32,Jaipur,Rajasthan,Organic Search
C00176,2025-06-27,Female,51,Thiruvananthapuram,Kerala,Paid Ads
C01045,2025-11-08,Male,32,Chandigarh,Chandigarh,Social Media
C02756,2025-12-01,Female,39,Chandigarh,Chandigarh,Paid Ads
C03278,2026-01-13,Female,32,Bhubaneswar,Odisha,Social Media
C00046,2024-04-17,Female,45,Delhi,Delhi,Organic Search
C02771,2024-12-13,Male,38,Lucknow,Uttar Pradesh,Social Media
C03106,2026-03-20,Male,34,Bhubaneswar,Odisha,Social Media
C02699,2025-05-12,Other,34,Coimbatore,Tamil Nadu,Email
C02848,2025-09-24,Male,,Noida,Uttar Pradesh,Organic Search
C04714,2024-11-18,Male,19,Indore,Madhya Pradesh,Social Media
C01756,2025-12-27,Male,,Gurugram,,Email
C01198,2024-08-19,Male,37,Bhopal,Madhya Pradesh,Paid Ads
C02068,2025-03-25,,33,Mumbai,Maharashtra,Organic Search
C02616,2025-11-22,Male,40,Delhi,Delhi,Organic Search
C01706,2024-06-24,Male,32,Patna,Bihar,Email
C03117,2025-11-18,Male,25,THIRUVANANTHAPURAM,Kerala,Referral
C02589,2025-02-28,Male,38,Guwahati,Assam,Paid Ads
C00284,2024-04-05,Male,30,Surat,Gujarat,Referral
C03933,2026-04-11,Male,31,Bengaluru,Karnataka,Paid Ads
C03756,2026-03-10,Female,38,Visakhapatnam,Andhra Pradesh,Social Media
C04295,2024-08-26,Female,36,Kolkata,West Bengal,Referral
C01188,2024-02-13,Male,26,Gurugram,Haryana,Referral
C01261,2024-05-07,Female,24,Kanpur,Uttar Pradesh,Email
C03923,2024-09-06,Female,43,Noida,Uttar Pradesh,Paid Ads
C02089,2024-12-29,Male,30,Vijayawada,Andhra Pradesh,Paid Ads
C02846,2026-03-09,Male,46,Chennai,Tamil Nadu,Email
C03432,2025-02-28,Male,21,Kanpur,Uttar Pradesh,Organic Search
C02146,2025-11-03,Other,41,Mysuru,Karnataka,Referral
C02866,2026-04-03,Female,18,Gurugram,Haryana,Paid Ads
C03097,2026-04-25,Female,41,Delhi,Delhi,Organic Search
C01175,2025-06-12,Other,22,Noida,Uttar Pradesh,Paid Ads
C01481,2024-10-19,Male,40,Hyderabad,Telangana,Organic Search
C01540,2024-07-20,Female,39,coimbatore,Tamil Nadu,Paid Ads
C04572,2025-11-05,Female,18,Thiruvananthapuram,Kerala,Paid Ads
C01833,2025-03-08,Male,20,Bengaluru,Karnataka,Organic Search
C01703,2026-05-21,Male,34,Nagpur,Maharashtra,Organic Search
C03546,2026-02-06,Male,27,Mysuru,Karnataka,Organic Search
C00100,2025-08-26,Male,26,Jaipur,Rajasthan,Paid Ads
C01075,2026-04-26,Male,18,Kolkata,West Bengal,Paid Ads
C01336,2024-09-17,Male,,Kolkata,West Bengal,Social Media
C03882,2025-10-06,,29,Chandigarh,Chandigarh,Paid Ads
C03978,2024-12-07,Female,34,Hyderabad,Telangana,Paid Ads
C00352,2026-07-12,Female,38,Kochi,Kerala,Organic Search
C02750,2024-09-13,Female,18,Noida,Uttar Pradesh,Social Media
C02318,2026-06-03,Female,42,Nagpur,Maharashtra,Paid Ads
C00897,2025-05-17,Female,28,Hyderabad,Telangana,Organic Search
C04767,2024-12-15,Male,44,Kolkata,West Bengal,Paid Ads
C00719,2025-11-20,Male,43,Bhubaneswar,Odisha,Referral
C04467,2026-02-14,Female,35,Udaipur,Rajasthan,Paid Ads
C04029,2025-07-20,Male,33,Ranchi,Jharkhand,Paid Ads
C02529,2025-09-03,Female,37,Guwahati,Assam,Email
C00309,2025-09-15,Female,44,Ranchi,Jharkhand,Paid Ads
C01537,2025-07-10,Female,19,Noida,Uttar Pradesh,Organic Search
C00834,2026-03-31,Female,25,Ahmedabad,Gujarat,Organic Search
C00367,2025-11-07,Female,18,Ranchi,,Referral
C02824,2024-08-15,Male,27,Vijayawada,Andhra Pradesh,Organic Search
C02096,2025-03-17,Male,48,Kanpur,Uttar Pradesh,Paid Ads
C00932,2025-07-04,Male,,Bengaluru,Karnataka,Organic Search
C03785,2024-06-19,Male,21,Ranchi,Jharkhand,Email
C03076,2024-10-20,Male,25,Patna,Bihar,Organic Search
C01296,2026-03-11,Male,,Surat,Gujarat,Organic Search
C00020,2024-12-12,Male,34,Chandigarh,Chandigarh,Organic Search
C04576,2024-06-04,Female,21,Jaipur,Rajasthan,Social Media
C02963,2026-02-13,Male,27,Faridabad,Haryana,Email
C00916,2024-09-01,Male,,Ranchi,Jharkhand,Social Media
C00219,2025-10-18,Female,30,Faridabad,Haryana,Social Media
C03650,2026-06-08,Male,20,surat,Gujarat,Organic Search
C00439,2026-03-31,Male,35,Noida,Uttar Pradesh,Paid Ads
C03913,2024-11-23,Male,33,Patna,Bihar,Referral
C03869,2026-02-12,Female,52,Udaipur,Rajasthan,Organic Search
C03897,2025-09-23,Male,39,Ranchi,Jharkhand,Paid Ads
C03625,2026-03-06,Male,36,Mumbai,Maharashtra,Paid Ads
C01056,2024-12-20,Male,,Kochi,Kerala,Email
C04663,2024-11-19,Female,31,Mumbai,Maharashtra,Paid Ads
C01021,2025-08-05,Male,37,Mumbai,Maharashtra,Email
C03334,2024-10-25,,26,Chandigarh,Chandigarh,Paid Ads
C00803,2024-12-02,,49,Surat,Gujarat,Social Media
C03016,2026-05-02,Male,38,Kochi,Kerala,Email
C02246,2024-06-07,Female,50,Thiruvananthapuram,Kerala,Paid Ads
C03957,2024-10-03,Male,36,Kolkata,West Bengal,Social Media
C04312,2026-03-16,,30,Bhopal,Madhya Pradesh,Paid Ads
C00583,2026-03-16,Male,28,Bengaluru,Karnataka,Paid Ads
C00204,2024-06-20,Female,20,Ahmedabad,Gujarat,Organic Search
C04064,2025-04-07,Male,46,Indore,Madhya Pradesh,Referral
C03435,2026-02-24,Male,29,Bengaluru,Karnataka,Paid Ads
C02267,2025-10-29,Male,31,Kanpur,Uttar Pradesh,Social Media
C02198,2024-02-22,Female,32,Udaipur,Rajasthan,Social Media
C03426,2025-03-29,Male,31,Indore,Madhya Pradesh,Social Media
C03003,2025-09-24,Male,29,Mumbai,Maharashtra,Paid Ads
C01282,2026-01-16,Female,43,Chennai,Tamil Nadu,Email
C00953,2026-03-20,Female,26,Faridabad,Haryana,Organic Search
C01819,2025-09-03,Male,36,Nagpur,,Paid Ads
C02407,2026-03-04,Female,35,Guwahati,Assam,Organic Search
C04121,2026-04-18,Female,27,Gurugram,Haryana,Organic Search
C00518,2025-04-22,Other,33,Ranchi,Jharkhand,Paid Ads
C02826,2026-04-16,Female,32,Bhopal,Madhya Pradesh,Social Media
C01601,2025-11-04,Female,,Ranchi,Jharkhand,Social Media
C02441,2025-10-25,Female,29,Thiruvananthapuram,Kerala,Paid Ads
C00669,2026-06-27,Male,36,Thiruvananthapuram,Kerala,Organic Search
C03533,2026-04-18,Female,24,Gurugram,Haryana,Email
C03011,2026-02-16,Female,18,Guwahati,Assam,Email
C04924,2025-11-11,Female,20,Kanpur,Uttar Pradesh,Social Media
C02923,2024-12-27,Male,31,Delhi,Delhi,Social Media
C03658,2025-03-10,Male,48,Thiruvananthapuram,Kerala,Social Media
C02906,2026-03-16,Male,34,Surat,Gujarat,Organic Search
C02374,2026-01-12,Female,32,Vijayawada,Andhra Pradesh,Referral
C04629,2025-11-24,Female,,Hyderabad,Telangana,Organic Search
C03361,2025-02-25,Female,38,Chandigarh,Chandigarh,Organic Search
C03411,2026-07-06,Female,47,Faridabad,Haryana,Paid Ads
C01174,2025-09-12,Male,43,Indore,Madhya Pradesh,Organic Search
C00760,2026-06-21,Male,34,Mumbai,Maharashtra,Organic Search
C01048,2026-05-07,Female,37,Kochi,Kerala,Paid Ads
C01375,2025-07-30,Male,18,Nagpur,Maharashtra,Organic Search
C02689,2025-09-29,Female,36,Nagpur,Maharashtra,Referral
C02581,2026-06-01,Female,33,Jaipur,Rajasthan,Referral
C03722,2025-12-27,Male,18,Visakhapatnam,Andhra Pradesh,Organic Search
C03505,2025-03-05,Female,20,Chandigarh,Chandigarh,Social Media
C00215,2026-06-05,Female,47,Kochi,Kerala,Organic Search
C03350,2025-10-10,Female,26,Indore,Madhya Pradesh,Organic Search
C03972,2026-01-23,Male,24,delhi,Delhi,Paid Ads
C00694,2025-01-21,Male,27,Ahmedabad,Gujarat,Organic Search
C03687,2026-06-29,Male,25,Surat,Gujarat,Paid Ads
C01438,2025-01-14,Male,18,Mysuru,Karnataka,Paid Ads
C02136,2024-10-20,Female,36,Visakhapatnam,Andhra Pradesh,Social Media
C04517,2024-12-28,Male,29,Mysuru,Karnataka,Email
C01787,2025-09-17,Female,29,Indore,Madhya Pradesh,Organic Search
C01269,2025-03-18,Male,26,Kolkata,West Bengal,Paid Ads
C02556,2026-02-04,Female,44,Delhi,Delhi,Paid Ads
C01002,2026-01-12,Male,,Thiruvananthapuram,Kerala,Organic Search
C00197,2026-02-22,Male,41,Ranchi,Jharkhand,Referral
C03027,2025-12-30,Female,34,Kanpur,Uttar Pradesh,Paid Ads
C04673,2024-06-11,Female,29,Ranchi,Jharkhand,Email
C01721,2025-10-16,Female,45,Vijayawada,Andhra Pradesh,Organic Search
C00880,2025-04-11,Male,35,Udaipur,Rajasthan,Paid Ads
C03847,2024-10-27,Female,26,Patna,Bihar,Social Media
C02168,2026-02-03,Male,45,Mumbai,Maharashtra,Referral
C04106,2025-04-12,Female,36,Bhopal,Madhya Pradesh,Paid Ads
C04893,2025-02-03,Male,37,Coimbatore,Tamil Nadu,Social Media
C00888,2026-07-07,Male,27,Faridabad,Haryana,Paid Ads
C01737,2026-02-08,Male,35,Mysuru,Karnataka,Email
C00069,2025-07-26,Female,18,Mumbai,Maharashtra,Paid Ads
C02500,2026-01-05,,23,Thiruvananthapuram,Kerala,Social Media
C03372,2024-04-29,Male,38,Delhi,Delhi,Social Media
C00569,2026-02-16,Female,36,Kolkata,West Bengal,Social Media
C01655,2024-11-24,Male,29,Pune,Maharashtra,Organic Search
C00097,2025-01-13,Male,30,kolkata,West Bengal,Organic Search
C01624,2025-07-05,Female,35,Coimbatore,Tamil Nadu,Organic Search
C03741,2025-03-17,Male,31,Jaipur,Rajasthan,Organic Search
C00140,2025-08-31,Female,26,Patna,Bihar,Organic Search
C02415,2025-05-16,Male,31,Thiruvananthapuram,Kerala,Organic Search
C02621,2025-02-17,Male,28,Gurugram,Haryana,Organic Search
C01618,2025-12-15,Female,37,Delhi,Delhi,Organic Search
C03036,2024-10-30,Female,38,Gurugram,Haryana,Social Media
C03439,2025-05-08,Female,39,Gurugram,Haryana,Paid Ads
C03259,2025-10-20,Male,49,Hyderabad,Telangana,Organic Search
C01845,2025-05-02,Female,42,Guwahati,Assam,Paid Ads
C01722,2025-07-20,Female,19,Coimbatore,Tamil Nadu,Paid Ads
C03258,2025-11-28,Female,29,Chandigarh,Chandigarh,Paid Ads
C00464,2025-07-09,Female,44,Ahmedabad,Gujarat,Organic Search
C02348,2025-03-18,Female,30,Jaipur,Rajasthan,Social Media
C03619,2024-07-04,Male,41,Chandigarh,Chandigarh,Organic Search
C03403,2024-08-28,Male,43,Lucknow,Uttar Pradesh,Email
C00595,2024-10-23,Male,37,Pune,Maharashtra,Paid Ads
C01341,2026-05-06,Female,44,Bhopal,Madhya Pradesh,Referral
C00626,2026-04-23,Female,40,Kochi,Kerala,Paid Ads
C00451,2026-01-08,Male,39,Ranchi,Jharkhand,Social Media
C03266,2025-12-07,Male,38,Patna,Bihar,Referral
C03309,2024-09-28,Male,37,Coimbatore,Tamil Nadu,Organic Search
C02406,2026-01-29,Female,18,Vijayawada,Andhra Pradesh,Organic Search
C01331,2026-04-11,Female,39,kolkata,West Bengal,Referral
C01925,2024-09-29,Male,48,Mysuru,Karnataka,Organic Search
C01505,2025-07-06,Male,39,Ranchi,Jharkhand,Paid Ads
C01942,2026-03-12,Female,40,Thiruvananthapuram,Kerala,Social Media
C03134,2025-11-18,Male,37,Hyderabad,Telangana,Organic Search
C04913,2026-03-29,Female,35,Thiruvananthapuram,Kerala,Organic Search
C03946,2025-06-05,Male,41,Nagpur,Maharashtra,Paid Ads
C00151,2025-06-17,Female,35,Faridabad,Haryana,Organic Search
C03166,2025-01-19,Female,23,Kochi,Kerala,Social Media
C04590,2024-12-09,Female,22,Guwahati,Assam,Email
C02705,2026-01-21,Female,20,Kochi,Kerala,Paid Ads
C01483,2024-04-12,Male,33,Bhubaneswar,Odisha,Email
C00089,2025-05-23,Female,23,Pune,Maharashtra,Social Media
C00458,2025-05-07,Male,23,Patna,Bihar,Paid Ads
C02419,2025-01-30,Male,41,Faridabad,Haryana,Social Media
C02944,2026-07-05,Male,42,Udaipur,Rajasthan,Organic Search
C03289,2026-03-04,Male,18,Kolkata,West Bengal,Organic Search
C03246,2024-06-17,Female,24,Udaipur,Rajasthan,Organic Search
C02019,2025-09-05,Other,20,Guwahati,Assam,Organic Search
C01673,2025-11-06,Female,37,Lucknow,Uttar Pradesh,Paid Ads
C03668,2024-06-15,Female,44,Kochi,Kerala,Organic Search
C00832,2025-08-20,Female,37,Chennai,Tamil Nadu,Referral
C00240,2025-10-23,Male,18,Vijayawada,Andhra Pradesh,Social Media
C04694,2026-01-10,Other,18,Kanpur,Uttar Pradesh,Social Media
C01000,2026-01-09,Male,42,Ranchi,Jharkhand,Social Media
C02593,2025-07-07,Female,29,Kolkata,West Bengal,Organic Search
C02400,2025-12-19,Male,35,Pune,Maharashtra,Paid Ads
C04288,2024-09-29,Male,21,Nagpur,Maharashtra,Organic Search
C01254,2025-08-30,Female,38,Thiruvananthapuram,Kerala,Paid Ads
C00193,2026-07-14,Male,40,Kochi,Kerala,Organic Search
C03629,2025-12-03,Female,22,Ahmedabad,Gujarat,Organic Search
C03765,2025-04-30,Female,34,Gurugram,Haryana,Organic Search
C03865,2026-05-26,Male,32,Coimbatore,Tamil Nadu,Organic Search
C00945,2026-07-01,Female,18,Pune,,Organic Search
C04193,2026-05-19,Female,24,Udaipur,Rajasthan,Paid Ads
C03795,2024-06-22,Male,40,Chandigarh,Chandigarh,Paid Ads
C04243,2024-08-16,Male,33,Kanpur,Uttar Pradesh,Social Media
C04900,2025-04-30,Female,32,Kolkata,West Bengal,Paid Ads
C04437,2024-05-31,Female,25,Pune,Maharashtra,Paid Ads
C03037,2026-03-09,Female,23,Faridabad,Haryana,Social Media
C02575,2025-10-10,Male,24,Guwahati,Assam,Paid Ads
C04153,2025-03-14,Female,42,Faridabad,Haryana,Social Media
C04129,2025-05-26,Male,38,Nagpur,Maharashtra,Paid Ads
C03674,2025-09-02,,37,Coimbatore,Tamil Nadu,Email
C04205,2025-07-13,Female,22,Pune,Maharashtra,Social Media
C01376,2025-11-29,Male,,Kochi,Kerala,Referral
C04596,2025-06-26,Male,35,gurugram,Haryana,Organic Search
C02989,2025-06-27,Male,30,Guwahati,Assam,Organic Search
C02145,2025-12-28,Male,18,FARIDABAD,Haryana,Paid Ads
C04554,2026-04-07,Male,18,Noida,Uttar Pradesh,Email
C02532,2026-06-13,Male,28,VIJAYAWADA,Andhra Pradesh,Organic Search
C04929,2025-01-22,Female,30,Guwahati,Assam,Paid Ads
C00192,2025-09-25,Male,22,Thiruvananthapuram,Kerala,Email
C01490,2025-10-05,Male,32,Hyderabad,Telangana,Social Media
C04975,2026-01-21,Male,28,Hyderabad,Telangana,Social Media
C02474,2026-04-14,Male,40,Udaipur,Rajasthan,Paid Ads
C02727,2026-03-27,Female,29,Ahmedabad,Gujarat,Referral
C01216,2024-06-14,Male,30,Hyderabad,Telangana,Organic Search
C04188,2026-06-10,Male,43,Nagpur,Maharashtra,Social Media
C04528,2025-07-02,Female,31,Udaipur,Rajasthan,Organic Search
C02881,2025-08-01,Male,42,Faridabad,Haryana,Social Media
C03666,2025-09-18,Female,52,Kolkata,West Bengal,Organic Search
C01104,2024-10-31,Male,,Hyderabad,Telangana,Paid Ads
C03498,2025-10-09,Male,43,Nagpur,Maharashtra,Paid Ads
C03997,2026-03-30,Male,35,Pune,Maharashtra,Paid Ads
C01666,2025-11-09,,30,Faridabad,Haryana,Referral
C00167,2026-03-28,Male,27,Bengaluru,Karnataka,Social Media
C01617,2024-04-06,Male,34,Ahmedabad,Gujarat,Paid Ads
C01372,2025-12-07,Female,25,Bhopal,Madhya Pradesh,Email
C01025,2024-09-06,Female,38,Indore,Madhya Pradesh,Social Media
C01339,2024-11-11,Male,,Mysuru,Karnataka,Referral
C03575,2026-01-05,Female,43,Thiruvananthapuram,Kerala,Organic Search
C04037,2024-12-12,Female,40,Mysuru,Karnataka,Paid Ads
C01850,2025-12-07,Male,37,Mumbai,Maharashtra,Organic Search
C04823,2026-03-18,Female,36,Noida,Uttar Pradesh,Organic Search
C04151,2026-05-20,Male,18,Guwahati,Assam,Paid Ads
C02979,2026-02-09,Female,46,Hyderabad,Telangana,Paid Ads
C00153,2025-09-09,Female,37,Bhopal,Madhya Pradesh,Social Media
C02553,2024-08-15,Female,39,Kolkata,West Bengal,Social Media
C04701,2025-12-16,Male,37,Chandigarh,Chandigarh,Referral
C03130,2025-04-19,Female,37,Bhopal,Madhya Pradesh,Referral
C03895,2026-03-15,Female,42,Coimbatore,Tamil Nadu,Paid Ads
C04236,2025-08-13,Male,30,Coimbatore,Tamil Nadu,Social Media
C04769,2026-06-05,Male,36,Jaipur,Rajasthan,Social Media
C02882,2024-07-26,Male,30,Lucknow,Uttar Pradesh,Organic Search
C04115,2026-03-29,Female,23,Lucknow,Uttar Pradesh,Social Media
C04835,2025-06-01,Female,51,Bengaluru,Karnataka,Social Media
C02888,2025-07-23,Female,,Kochi,Kerala,Social Media
C01863,2024-09-11,Female,39,Ahmedabad,Gujarat,Organic Search
C00032,2025-12-15,Female,45,Kochi,Kerala,Paid Ads
C00938,2026-06-01,Male,48,Ahmedabad,Gujarat,Paid Ads
C01236,2026-04-18,Male,26,Chennai,Tamil Nadu,Email
C01967,2025-01-04,Female,26,Ahmedabad,Gujarat,Social Media
C02345,2025-12-09,Male,33,Nagpur,Maharashtra,Organic Search
C00310,2025-10-09,Female,21,Thiruvananthapuram,Kerala,Organic Search
C02472,2025-03-12,Male,57,Udaipur,Rajasthan,Paid Ads
C03320,2025-10-06,Male,30,Kolkata,West Bengal,Organic Search
C03132,2025-02-27,Other,37,Ahmedabad,Gujarat,Paid Ads
C04372,2024-12-04,Male,18,Kochi,Kerala,Email
C00496,2025-11-26,Female,41,Mumbai,Maharashtra,Paid Ads
C00206,2025-08-01,Female,31,Surat,Gujarat,Referral
C02907,2025-09-07,Male,31,Patna,Bihar,Paid Ads
C03376,2025-08-11,Female,27,Chennai,Tamil Nadu,Social Media
C04557,2025-12-19,Female,18,Visakhapatnam,,Paid Ads
C00306,2025-09-04,Female,29,Ahmedabad,Gujarat,Paid Ads
C03815,2025-08-20,Female,26,Ahmedabad,Gujarat,Paid Ads
C02352,2025-11-25,Male,,Noida,Uttar Pradesh,Referral
C01062,2024-05-08,Female,34,Thiruvananthapuram,Kerala,Paid Ads
C00844,2026-07-05,Female,33,Gurugram,Haryana,Organic Search
C04911,2025-01-09,Male,18,Gurugram,,Paid Ads
C02269,2025-12-14,Female,44,Ranchi,Jharkhand,Paid Ads
C00212,2024-05-16,Female,34,Jaipur,Rajasthan,Referral
C04680,2025-03-20,Male,29,Nagpur,,Paid Ads
C00680,2024-12-27,Male,30,Nagpur,Maharashtra,Paid Ads
C00566,2024-09-25,Female,35,Chennai,Tamil Nadu,Paid Ads
C01790,2024-10-24,Male,41,Bengaluru,Karnataka,Paid Ads
C04094,2026-01-20,Other,29,Kanpur,Uttar Pradesh,Social Media
C00681,2025-12-22,Male,31,BHOPAL,Madhya Pradesh,Social Media
C00181,2025-10-23,Male,31,Mysuru,Karnataka,Social Media
C02679,2025-10-15,Male,30,Ranchi,Jharkhand,Social Media
C04426,2024-11-11,Female,54,Thiruvananthapuram,Kerala,Email
C02334,2024-07-30,Male,42,Patna,Bihar,Paid Ads
C04480,2025-07-18,Male,28,Kanpur,Uttar Pradesh,Paid Ads
C00279,2024-11-28,Female,25,Vijayawada,Andhra Pradesh,Social Media
C01130,2024-08-29,Female,34,Ranchi,Jharkhand,Paid Ads
C03444,2024-10-10,Male,32,Visakhapatnam,Andhra Pradesh,Social Media
C00433,2025-08-27,Male,42,Surat,Gujarat,Email
C00290,2025-02-28,Male,21,INDORE,Madhya Pradesh,Organic Search
C01028,2024-10-14,Male,18,Ahmedabad,Gujarat,Organic Search
C00536,2026-04-29,Female,38,Thiruvananthapuram,Kerala,Paid Ads
C04284,2026-05-31,Female,21,Coimbatore,Tamil Nadu,Email
C00189,2025-09-08,Male,29,Hyderabad,Telangana,Paid Ads
C02192,2025-02-02,Female,33,Patna,Bihar,Paid Ads
C03937,2025-05-04,Female,25,Visakhapatnam,Andhra Pradesh,Paid Ads
C01938,2026-02-20,Female,36,Chandigarh,Chandigarh,Paid Ads
C00271,2024-08-14,Male,35,Chandigarh,Chandigarh,Organic Search
C02227,2025-06-27,Male,18,Kolkata,,Organic Search
C04097,2026-03-06,Male,28,Pune,Maharashtra,Social Media
C02175,2024-11-06,Other,36,Kolkata,West Bengal,Referral
C03717,2025-07-08,Female,18,Mysuru,Karnataka,Social Media
C00112,2025-06-26,Female,19,Delhi,Delhi,Social Media
C04704,2025-03-13,Male,33,Thiruvananthapuram,Kerala,Organic Search
C00221,2026-02-08,Female,46,Kolkata,West Bengal,Organic Search
C00628,2025-06-25,Female,27,Gurugram,Haryana,Organic Search
C01484,2026-05-04,Female,29,Kochi,Kerala,Paid Ads
C04387,2025-10-01,Female,18,Indore,Madhya Pradesh,Referral
C02440,2025-01-28,Male,22,Kanpur,Uttar Pradesh,Paid Ads
C00791,2025-08-08,Male,47,Bengaluru,Karnataka,Referral
C02006,2026-06-21,Female,30,Bhubaneswar,Odisha,Organic Search
C00462,2025-11-28,Female,42,Faridabad,Haryana,Referral
C04415,2026-01-05,Female,24,Ahmedabad,Gujarat,Paid Ads
C00552,2025-10-29,Female,28,Gurugram,Haryana,Paid Ads
C01159,2025-07-11,Male,50,Coimbatore,Tamil Nadu,Email
C01176,2025-11-22,Male,35,Udaipur,Rajasthan,Organic Search
C00199,2026-01-11,Female,25,Kochi,Kerala,Social Media
C02608,2026-04-02,Other,35,Udaipur,Rajasthan,Social Media
C03468,2024-12-27,,46,Kolkata,West Bengal,Email
C00403,2025-04-10,Female,25,Kochi,Kerala,Social Media
C04111,2025-04-09,Male,30,PUNE,Maharashtra,Organic Search
C02154,2025-08-03,Male,33,Mumbai,Maharashtra,Paid Ads
C04776,2026-02-19,Female,41,Kochi,Kerala,Paid Ads
C04950,2026-04-16,Female,27,Mysuru,Karnataka,Organic Search
C03290,2026-03-31,Female,32,Jaipur,Rajasthan,Organic Search
C04922,2025-05-31,Male,27,Pune,Maharashtra,Organic Search
C00651,2025-05-05,Male,24,Hyderabad,Telangana,Referral
C00709,2024-06-02,Female,26,Coimbatore,Tamil Nadu,Organic Search
C01504,2024-12-14,Female,44,Coimbatore,Tamil Nadu,Social Media
C01731,2025-07-23,Male,34,Delhi,Delhi,Referral
C04974,2025-07-14,Male,24,Hyderabad,Telangana,Paid Ads
C04509,2025-09-25,Male,29,Kochi,Kerala,Referral
C03593,2026-06-04,Male,36,Nagpur,Maharashtra,Paid Ads
C00315,2025-05-01,Female,28,Delhi,Delhi,Organic Search
C01222,2024-07-20,Female,50,Pune,Maharashtra,Organic Search
C04487,2025-07-11,Male,31,Chennai,Tamil Nadu,Paid Ads
C00114,2026-03-30,Male,41,Pune,Maharashtra,Paid Ads
C00961,2024-08-06,Male,33,Hyderabad,Telangana,Organic Search
C04259,2026-03-20,Female,19,Surat,Gujarat,Paid Ads
C02275,2025-07-12,Female,23,Nagpur,,Organic Search
C04424,2025-06-29,Male,18,Patna,Bihar,Organic Search
C03341,2025-10-31,Male,,Surat,Gujarat,Referral
C03299,2024-07-20,Female,30,Ranchi,Jharkhand,Email
C03849,2025-09-06,Male,36,Visakhapatnam,Andhra Pradesh,Organic Search
C04384,2025-03-23,Female,19,Kolkata,West Bengal,Organic Search
C02573,2025-04-18,Male,28,Kolkata,West Bengal,Referral
C04065,2025-08-07,Female,18,Vijayawada,Andhra Pradesh,Referral
C04541,2024-11-07,Female,43,Guwahati,Assam,Email
C01840,2025-08-24,Male,34,Kolkata,West Bengal,Paid Ads
C03154,2025-03-30,Male,32,Thiruvananthapuram,Kerala,Paid Ads
C02229,2025-03-18,Male,35,Delhi,Delhi,Social Media
C04055,2025-05-23,Male,40,Faridabad,Haryana,Organic Search
C02016,2025-03-09,Female,30,Delhi,Delhi,Paid Ads
C04332,2026-06-20,Male,20,Chennai,Tamil Nadu,Organic Search
C03035,2025-10-22,Female,51,coimbatore,Tamil Nadu,Social Media
C04146,2025-09-13,Male,32,Delhi,Delhi,Paid Ads
C01841,2024-12-19,Male,29,Delhi,Delhi,Organic Search
C01593,2025-06-29,Female,21,Ranchi,Jharkhand,Social Media
C02880,2025-01-03,Male,31,Pune,Maharashtra,Organic Search
C04741,2026-03-17,Female,,Ahmedabad,,Organic Search
C04601,2024-05-23,Male,28,Nagpur,Maharashtra,Organic Search
C03228,2024-07-13,Male,28,Udaipur,Rajasthan,Referral
C01653,2026-07-20,Female,33,Hyderabad,Telangana,Paid Ads
C00790,2025-12-03,Female,37,Mysuru,Karnataka,Paid Ads
C02283,2026-04-17,Other,38,Pune,Maharashtra,Referral
C02218,2026-05-12,Female,18,Vijayawada,Andhra Pradesh,Paid Ads
C03740,2025-08-22,Male,34,Bhopal,Madhya Pradesh,Social Media
C00872,2026-03-03,Other,38,Gurugram,Haryana,Email
C04890,2025-03-21,Male,20,Kanpur,Uttar Pradesh,Paid Ads
C02125,2025-02-16,Female,48,Ranchi,Jharkhand,Social Media
C03241,2024-07-24,Female,23,Gurugram,Haryana,Organic Search
C00074,2025-02-07,Female,18,Kanpur,Uttar Pradesh,Organic Search
C01780,2025-04-26,Female,18,Bhubaneswar,Odisha,Organic Search
C01770,2025-05-03,,24,Ahmedabad,Gujarat,Referral
C04881,2025-10-15,Female,39,Ahmedabad,Gujarat,Referral
C03028,2026-03-15,Other,26,Kochi,Kerala,Email
C04337,2025-06-20,Male,36,Coimbatore,Tamil Nadu,Social Media
C04588,2025-03-05,Male,19,Visakhapatnam,Andhra Pradesh,Paid Ads
C03831,2026-02-20,Female,46,Mumbai,Maharashtra,Social Media
C04334,2025-09-26,Male,39,Nagpur,Maharashtra,Email
C02903,2025-04-14,Female,33,Ahmedabad,Gujarat,Organic Search
C01752,2025-04-27,Female,29,Jaipur,Rajasthan,Paid Ads
C00495,2026-01-20,Female,34,Patna,Bihar,Organic Search
C03149,2025-04-02,Male,40,Hyderabad,Telangana,Paid Ads
C04095,2024-10-30,Male,27,Kanpur,Uttar Pradesh,Social Media
C02118,2024-09-19,Male,22,Thiruvananthapuram,Kerala,Social Media
C01165,2026-05-29,Female,38,Patna,Bihar,Organic Search
C02310,2025-01-14,Female,28,Noida,Uttar Pradesh,Social Media
C03928,2025-03-11,Male,52,Ahmedabad,Gujarat,Organic Search
C02597,2025-02-18,Male,39,coimbatore,Tamil Nadu,Organic Search
C02487,2024-09-30,Male,36,Kochi,Kerala,Social Media
C01729,2025-03-27,Female,43,Faridabad,Haryana,Organic Search
C00619,2025-09-17,Female,20,Thiruvananthapuram,Kerala,Organic Search
C02463,2025-11-22,Female,45,Bhubaneswar,Odisha,Organic Search
C01715,2025-11-13,Male,22,Noida,Uttar Pradesh,Organic Search
C04645,2026-03-12,Female,19,Delhi,Delhi,Organic Search
C03675,2025-06-09,Female,27,Coimbatore,Tamil Nadu,Social Media
C03424,2025-06-29,Female,18,Jaipur,Rajasthan,Organic Search
C03429,2026-02-17,Male,27,Patna,Bihar,Paid Ads
C00870,2025-08-16,Female,32,Coimbatore,Tamil Nadu,Organic Search
C03594,2025-08-10,Male,21,Chennai,Tamil Nadu,Organic Search
C01043,2026-05-01,Male,47,Pune,Maharashtra,Social Media
C02649,2024-12-07,Male,39,Mysuru,,Organic Search
C00357,2025-04-16,Female,29,Kolkata,West Bengal,Organic Search
C01163,2024-12-14,Female,41,Hyderabad,Telangana,Social Media
C04452,2026-06-15,Male,34,Chennai,Tamil Nadu,Organic Search
C01323,2025-03-10,Female,33,Guwahati,Assam,Social Media
C04394,2025-09-09,Female,24,Pune,Maharashtra,Organic Search
C01724,2026-03-13,Male,30,Chandigarh,Chandigarh,Social Media
C02603,2025-09-09,Male,18,Udaipur,Rajasthan,Organic Search
C03566,2025-09-15,Male,21,Kanpur,Uttar Pradesh,Referral
C03661,2024-11-26,Female,19,Mumbai,Maharashtra,Social Media
C03981,2026-05-15,Male,18,Coimbatore,Tamil Nadu,Referral
C03843,2025-06-14,,18,Ranchi,Jharkhand,Organic Search
C00333,2026-06-10,Female,18,Faridabad,Haryana,Social Media
C01816,2026-07-06,Male,33,Udaipur,Rajasthan,Paid Ads
C02755,2026-03-06,Male,18,Pune,Maharashtra,Referral
C01676,2024-07-17,Female,27,Kanpur,Uttar Pradesh,Organic Search
C03689,2025-04-26,Female,24,Mumbai,Maharashtra,Paid Ads
C02878,2025-06-23,Female,26,Kochi,Kerala,Paid Ads
C01117,2025-11-19,Male,38,Guwahati,Assam,Paid Ads
C01878,2024-11-17,Female,31,Ahmedabad,Gujarat,Referral
C03574,2025-08-19,Male,41,Bengaluru,Karnataka,Paid Ads
C02537,2025-02-11,Other,49,Pune,Maharashtra,Paid Ads
C02485,2025-04-24,Male,29,Hyderabad,Telangana,Social Media
C04303,2025-08-25,,18,Chennai,Tamil Nadu,Paid Ads
C03879,2025-11-20,Female,28,Jaipur,Rajasthan,Social Media
C00446,2024-10-18,Female,37,Ahmedabad,Gujarat,Social Media
C04050,2025-08-25,Male,35,Mumbai,Maharashtra,Organic Search
C00453,2026-03-02,,22,Lucknow,Uttar Pradesh,Paid Ads
C04420,2025-10-29,Male,28,Faridabad,Haryana,Social Media
C04447,2025-09-09,Female,45,Jaipur,Rajasthan,Organic Search
C04016,2026-03-09,Male,31,Lucknow,Uttar Pradesh,Email
C00015,2025-08-28,Male,53,Vijayawada,Andhra Pradesh,Organic Search
C02643,2025-04-26,Female,33,Gurugram,Haryana,Organic Search
C00946,2026-04-18,Male,30,Mysuru,Karnataka,Paid Ads
C00248,2026-03-07,Male,31,Guwahati,Assam,Paid Ads
C03236,2025-08-18,Female,18,Surat,Gujarat,Social Media
C00361,2025-05-25,Male,28,BENGALURU,Karnataka,Referral
C04669,2024-07-11,Female,37,Thiruvananthapuram,Kerala,Social Media
C01565,2025-07-08,Female,23,Chennai,Tamil Nadu,Organic Search
C02793,2026-03-07,Male,33,Indore,Madhya Pradesh,Paid Ads
C04874,2025-05-15,Female,34,Kochi,Kerala,Email
C03908,2025-12-18,Male,,Chandigarh,Chandigarh,Organic Search
C03099,2025-03-20,Female,28,Kolkata,West Bengal,Organic Search
C03510,2026-01-23,Female,36,Faridabad,Haryana,Organic Search
C01361,2025-11-28,Female,18,Noida,Uttar Pradesh,Referral
C04897,2025-09-25,Female,26,Ahmedabad,Gujarat,Social Media
C04272,2025-06-13,Other,36,Noida,Uttar Pradesh,Social Media
C00491,2025-03-29,Male,29,Gurugram,Haryana,Organic Search
C00863,2025-07-19,Male,51,Ranchi,Jharkhand,Organic Search
C01768,2024-07-10,Female,29,Lucknow,Uttar Pradesh,Social Media
C02230,2026-01-20,Male,38,Bhubaneswar,Odisha,Organic Search
C02095,2025-11-10,Female,,Ranchi,Jharkhand,Organic Search
C02465,2026-07-06,Male,,Jaipur,Rajasthan,Social Media
C01648,2025-03-07,Male,32,Jaipur,Rajasthan,Organic Search
C00507,2026-01-24,Male,29,Thiruvananthapuram,Kerala,Paid Ads
C04614,2026-07-16,Male,33,Indore,Madhya Pradesh,Paid Ads
C04378,2024-05-04,Male,30,Lucknow,Uttar Pradesh,Paid Ads
C01972,2024-02-26,Female,42,Patna,,Paid Ads
C01223,2025-11-28,Female,18,Nagpur,Maharashtra,Email
C01114,2025-12-05,Female,23,Noida,,Referral
C01935,2024-12-01,Female,18,Guwahati,Assam,Social Media
C03442,2025-12-23,Male,30,Ranchi,Jharkhand,Social Media
C02498,2026-06-22,Female,18,Guwahati,Assam,Paid Ads
C04685,2025-05-21,Female,,Visakhapatnam,Andhra Pradesh,Referral
C00434,2026-06-29,Female,40,PUNE,Maharashtra,Social Media
C02084,2026-05-02,Female,39,Indore,Madhya Pradesh,Paid Ads
C03173,2026-05-12,Female,19,Kochi,Kerala,Social Media
C04162,2024-04-09,Male,39,Ranchi,Jharkhand,Paid Ads
C03577,2025-12-29,Female,39,Surat,Gujarat,Paid Ads
C04519,2026-06-27,,32,Coimbatore,Tamil Nadu,Organic Search
C04977,2024-08-06,Female,38,Patna,Bihar,Social Media
C04674,2025-06-16,Male,,Delhi,Delhi,Organic Search
C04130,2025-06-06,Female,38,Surat,Gujarat,Paid Ads
C02935,2026-03-04,Female,34,Kochi,Kerala,Organic Search
C01103,2026-06-04,Female,21,Kolkata,West Bengal,Social Media
C02469,2025-04-22,Female,,Surat,Gujarat,Referral
C02331,2026-02-05,Male,30,Bengaluru,Karnataka,Social Media
C04664,2026-05-26,Female,45,Surat,,Email
C04710,2026-05-15,Female,19,Mumbai,Maharashtra,Social Media
C00157,2026-07-04,Other,26,Chennai,Tamil Nadu,Organic Search
C04457,2025-01-05,Female,26,Kolkata,West Bengal,Paid Ads
C03606,2026-02-10,Male,44,Coimbatore,Tamil Nadu,Paid Ads
C00616,2025-10-01,Female,18,Indore,Madhya Pradesh,Referral
C00644,2025-08-06,Female,20,Chennai,Tamil Nadu,Paid Ads
C04242,2025-02-04,Male,30,Lucknow,Uttar Pradesh,Referral
C03044,2024-12-18,Male,27,Hyderabad,Telangana,Organic Search
C01069,2025-10-18,Male,27,Kanpur,Uttar Pradesh,Organic Search
C04917,2025-08-16,Male,36,Ahmedabad,Gujarat,Paid Ads
C02664,2025-07-01,Male,27,Udaipur,Rajasthan,Referral
C04252,2025-02-24,Female,25,Mumbai,Maharashtra,Organic Search
C03207,2025-05-08,Female,42,Delhi,Delhi,Organic Search
C00331,2026-03-08,Male,34,Jaipur,Rajasthan,Paid Ads
C04010,2025-08-18,Female,39,Patna,Bihar,Paid Ads
C02665,2026-03-22,Male,29,Noida,Uttar Pradesh,Email
C03600,2026-01-29,Female,,Coimbatore,Tamil Nadu,Paid Ads
C00623,2026-01-08,Female,18,Visakhapatnam,Andhra Pradesh,Paid Ads
C04971,2025-01-18,Female,35,Faridabad,Haryana,Social Media
C02343,2025-02-08,Male,18,Vijayawada,Andhra Pradesh,Social Media
C03438,2025-02-13,Male,30,HYDERABAD,Telangana,Organic Search
C04406,2025-10-11,Female,28,Guwahati,Assam,Organic Search
C04490,2026-01-19,Female,29,Kolkata,West Bengal,Organic Search
C02053,2024-12-16,Male,45,Thiruvananthapuram,Kerala,Organic Search
C02728,2024-11-27,Female,18,Noida,Uttar Pradesh,Email
C00756,2025-11-13,Female,32,Noida,Uttar Pradesh,Paid Ads
C00519,2025-06-15,Female,34,Coimbatore,Tamil Nadu,Social Media
C03825,2025-10-26,Female,23,Visakhapatnam,Andhra Pradesh,Organic Search
C00033,2025-06-26,Female,43,Mysuru,Karnataka,Referral
C02956,2025-03-14,Male,27,Kanpur,Uttar Pradesh,Organic Search
C01158,2025-10-25,Female,27,Faridabad,Haryana,Paid Ads
C00745,2025-02-14,,41,Jaipur,Rajasthan,Email
C01425,2026-04-11,Female,32,Thiruvananthapuram,Kerala,Organic Search
C02421,2025-06-25,Female,39,Guwahati,Assam,Organic Search
C01663,2024-07-10,Female,18,Guwahati,Assam,Paid Ads
C02610,2026-07-20,Male,18,Mysuru,Karnataka,Organic Search
C00784,2025-11-05,Female,37,Indore,Madhya Pradesh,Social Media
C04931,2026-04-02,Female,19,Udaipur,Rajasthan,Referral
C04759,2024-11-21,,35,Kochi,Kerala,Paid Ads
C00230,2025-04-22,Male,39,Lucknow,Uttar Pradesh,Organic Search
C00858,2025-03-04,Male,54,Guwahati,Assam,Social Media
C01520,2024-12-27,Male,39,Kolkata,West Bengal,Social Media
C02380,2026-04-03,Female,39,Faridabad,Haryana,Referral
C00409,2025-11-15,Male,41,Lucknow,Uttar Pradesh,Organic Search
C00171,2026-07-17,Female,22,ahmedabad,Gujarat,Referral
C00541,2025-05-10,Male,47,Ranchi,Jharkhand,Organic Search
C02228,2025-02-04,Male,18,Nagpur,Maharashtra,Social Media
C02322,2024-12-28,Male,34,Chennai,Tamil Nadu,Organic Search
C02586,2025-06-03,Female,43,Ahmedabad,Gujarat,Organic Search
C00614,2026-04-24,Female,33,Chennai,Tamil Nadu,Social Media
C01514,2025-11-13,Male,25,Patna,Bihar,Social Media
C01836,2026-04-01,Female,25,Delhi,Delhi,Social Media
C03457,2025-12-12,Female,,Chennai,Tamil Nadu,Email
C01162,2025-09-07,Male,41,Ranchi,Jharkhand,Referral
C02078,2025-02-28,Female,34,Chennai,Tamil Nadu,Email
C03167,2026-07-07,Male,25,Jaipur,,Organic Search
C01621,2026-05-07,Male,51,Delhi,Delhi,Social Media
C04952,2024-12-23,Male,46,Nagpur,Maharashtra,Social Media
C01894,2025-03-02,Male,37,Lucknow,Uttar Pradesh,Email
C02216,2025-02-01,Male,,Visakhapatnam,Andhra Pradesh,Referral
C00565,2026-02-22,Female,33,Bengaluru,Karnataka,Paid Ads
C03592,2025-12-08,Female,,Patna,Bihar,Organic Search
C04260,2026-05-22,Male,28,Indore,Madhya Pradesh,Social Media
C01823,2025-06-28,Male,36,chennai,Tamil Nadu,Paid Ads
C03101,2024-10-17,Male,37,Chandigarh,Chandigarh,Referral
C03730,2025-03-16,Female,27,Gurugram,Haryana,Paid Ads
C02288,2024-11-13,Male,21,udaipur,Rajasthan,Social Media
C04941,2025-10-24,Male,25,vijayawada,Andhra Pradesh,Paid Ads
C03495,2025-11-25,Female,54,Patna,Bihar,Paid Ads
C01558,2026-03-05,Female,43,Udaipur,Rajasthan,Paid Ads
C03481,2025-03-20,Female,32,Coimbatore,Tamil Nadu,Organic Search
C04626,2025-06-19,Female,46,Delhi,Delhi,Social Media
C01539,2026-03-08,Female,33,Faridabad,Haryana,Paid Ads
C01173,2025-03-22,Female,32,Delhi,Delhi,Paid Ads
C01449,2025-06-30,Female,25,Chennai,Tamil Nadu,Email
C00326,2026-03-14,Male,35,Patna,Bihar,Organic Search
C01052,2025-04-13,Female,38,Bhopal,Madhya Pradesh,Social Media
C02965,2025-09-13,Female,24,Hyderabad,Telangana,Social Media
C03313,2025-06-24,,29,Delhi,Delhi,Email
C03459,2025-05-28,Male,18,Surat,Gujarat,Referral
C03659,2026-07-17,Female,26,Udaipur,Rajasthan,Paid Ads
C04620,2026-02-28,Male,35,Surat,Gujarat,Email
C01197,2025-05-12,Male,20,Vijayawada,Andhra Pradesh,Paid Ads
C00621,2026-03-28,Female,30,Chennai,Tamil Nadu,Social Media
C03900,2025-12-03,Male,,Bhubaneswar,Odisha,Organic Search
C02898,2026-04-21,Other,28,Mumbai,Maharashtra,Paid Ads
C01190,2024-04-02,,39,Gurugram,Haryana,Social Media
C00329,2024-09-01,Male,47,VISAKHAPATNAM,Andhra Pradesh,Social Media
C00649,2024-04-15,Male,35,Chandigarh,Chandigarh,Organic Search
C00898,2024-02-15,Female,43,Bhopal,Madhya Pradesh,Paid Ads
C01492,2024-10-26,Female,28,Kanpur,Uttar Pradesh,Organic Search
C01124,2025-12-31,Female,35,Visakhapatnam,Andhra Pradesh,Paid Ads
C03945,2025-12-16,,25,Nagpur,Maharashtra,Organic Search
C04656,2026-05-14,Male,44,Mysuru,Karnataka,Organic Search
C04564,2025-04-12,Female,41,Coimbatore,Tamil Nadu,Social Media
C01422,2025-07-07,Male,29,Hyderabad,,Organic Search
C01947,2025-04-14,Male,44,Nagpur,Maharashtra,Organic Search
C01814,2025-12-07,Female,34,Patna,Bihar,Social Media
C04456,2025-05-12,Male,28,Vijayawada,Andhra Pradesh,Paid Ads
C04398,2025-03-26,Male,46,Visakhapatnam,Andhra Pradesh,Organic Search
C01570,2024-08-18,Male,35,Kolkata,West Bengal,Social Media
C01534,2025-12-19,Male,52,Nagpur,Maharashtra,Paid Ads
C01024,2025-07-06,Other,30,Gurugram,Haryana,Paid Ads
C04333,2026-01-26,Male,18,Patna,Bihar,Paid Ads
C03520,2026-07-04,Other,35,Ahmedabad,Gujarat,Paid Ads
C01838,2025-05-20,Male,48,Hyderabad,Telangana,Paid Ads
C01421,2025-04-30,,46,Thiruvananthapuram,Kerala,Paid Ads
C03751,2025-06-27,Male,25,visakhapatnam,Andhra Pradesh,Organic Search
C00810,2025-10-24,Female,39,Ranchi,Jharkhand,Social Media
C03860,2024-10-03,Male,29,Vijayawada,Andhra Pradesh,Paid Ads
C00979,2024-10-09,Male,28,Jaipur,Rajasthan,Referral
C04995,2024-06-15,Male,33,Mumbai,Maharashtra,Paid Ads
C03182,2025-10-12,Male,,Faridabad,Haryana,Email
C01757,2025-04-20,Female,44,Noida,Uttar Pradesh,Email
C04439,2025-01-23,Female,24,Coimbatore,Tamil Nadu,Organic Search
C02439,2024-10-21,Male,22,Udaipur,Rajasthan,Referral
C02516,2026-06-17,Male,,Kolkata,,Paid Ads
C03257,2024-05-16,Male,18,Mysuru,Karnataka,Paid Ads
C04854,2024-08-31,Female,21,Kanpur,Uttar Pradesh,Social Media
C04120,2026-05-11,Female,37,Chennai,Tamil Nadu,Paid Ads
C00175,2026-03-26,Other,43,Udaipur,Rajasthan,Social Media
C02299,2025-05-16,Other,30,Surat,Gujarat,Paid Ads
C04084,2024-11-05,Female,29,Faridabad,Haryana,Paid Ads
C01506,2025-12-25,Male,29,Jaipur,Rajasthan,Referral
C04474,2025-11-17,Male,33,Mumbai,Maharashtra,Referral
C00218,2026-07-04,Female,28,Indore,Madhya Pradesh,Paid Ads
C03936,2024-12-19,Female,33,Chandigarh,Chandigarh,Organic Search
C03742,2026-06-30,Male,21,Guwahati,Assam,Organic Search
C00691,2025-08-02,Male,31,Hyderabad,Telangana,Organic Search
C04267,2024-11-03,Female,60,Chandigarh,Chandigarh,Social Media
C02479,2026-03-25,Male,35,kanpur,Uttar Pradesh,Email
C03400,2024-03-24,Male,30,Ranchi,Jharkhand,Social Media
C01107,2024-07-10,Female,18,Jaipur,Rajasthan,Organic Search
C01633,2025-03-12,Male,43,Guwahati,Assam,Paid Ads
C03083,2025-08-05,Male,39,Pune,Maharashtra,Email
C01554,2026-02-24,Male,,Chandigarh,Chandigarh,Email
C00612,2025-12-04,Female,44,Udaipur,Rajasthan,Referral
C03260,2026-03-20,Male,34,Bhopal,Madhya Pradesh,Social Media
C03733,2025-05-16,Female,36,THIRUVANANTHAPURAM,Kerala,Organic Search
C00577,2025-10-27,Male,38,Patna,Bihar,Organic Search
C02081,2025-09-26,Male,41,Vijayawada,Andhra Pradesh,Paid Ads
C04448,2025-07-15,Female,20,Mysuru,Karnataka,Paid Ads
C01181,2025-10-28,Female,29,Nagpur,Maharashtra,Organic Search
C00889,2026-07-28,Male,50,Indore,Madhya Pradesh,Social Media
C04573,2024-12-03,Female,18,Jaipur,Rajasthan,Organic Search
C04624,2025-04-10,Male,33,Bengaluru,Karnataka,Referral
C04210,2026-01-14,Male,,Indore,Madhya Pradesh,Social Media
C00818,2024-05-22,Male,23,Delhi,Delhi,Social Media
C03296,2026-02-01,Female,33,Bhubaneswar,Odisha,Email
C01889,2025-05-09,Female,44,Udaipur,Rajasthan,Paid Ads
C00209,2025-05-31,Male,23,Vijayawada,Andhra Pradesh,Organic Search
C00294,2026-02-06,Female,29,Chennai,Tamil Nadu,Organic Search
C01120,2025-12-20,Female,49,Bhopal,Madhya Pradesh,Paid Ads
C02504,2025-10-12,Male,42,Mumbai,Maharashtra,Social Media
C01789,2024-08-11,Female,23,Visakhapatnam,Andhra Pradesh,Organic Search
C01265,2025-07-10,Male,28,Mumbai,Maharashtra,Organic Search
C00991,2026-01-22,Male,24,Vijayawada,Andhra Pradesh,Organic Search
C04251,2024-08-27,Male,29,Bhopal,Madhya Pradesh,Email
C01535,2024-07-19,Male,23,Delhi,Delhi,Referral
C00354,2026-02-04,Male,44,Surat,Gujarat,Email
C03249,2026-06-04,Female,32,Lucknow,Uttar Pradesh,Organic Search
C03382,2025-02-24,Male,27,Noida,Uttar Pradesh,Social Media
C04884,2026-01-18,Male,23,Jaipur,Rajasthan,Organic Search
C03906,2026-05-07,Female,39,Vijayawada,Andhra Pradesh,Paid Ads
C03067,2025-04-28,Other,42,Kolkata,West Bengal,Social Media
C01229,2025-12-27,Male,38,Kochi,Kerala,Paid Ads
C00260,2025-02-17,Male,43,Indore,Madhya Pradesh,Social Media
C01544,2026-02-27,Female,19,Vijayawada,Andhra Pradesh,Organic Search
C02811,2024-11-10,Female,37,Kolkata,West Bengal,Paid Ads
C04752,2025-03-13,Male,25,Surat,Gujarat,Referral
C03164,2026-04-07,Female,33,Udaipur,Rajasthan,Email
C04919,2026-01-22,Male,28,Guwahati,Assam,Paid Ads
C00053,2025-08-31,Female,31,Nagpur,Maharashtra,Referral
C02214,2025-07-03,Male,29,Udaipur,Rajasthan,Referral
C01870,2026-01-22,Female,20,Ranchi,Jharkhand,Email
C02211,2024-10-07,Male,30,Thiruvananthapuram,Kerala,Paid Ads
C02427,2025-09-10,Female,43,Ahmedabad,Gujarat,Paid Ads
C02806,2025-08-09,Female,23,Lucknow,Uttar Pradesh,Paid Ads
C02362,2025-05-09,Female,25,Ranchi,Jharkhand,Paid Ads
C01480,2025-07-01,Male,44,Chennai,Tamil Nadu,Organic Search
C01034,2025-05-13,Female,29,Visakhapatnam,Andhra Pradesh,Social Media
C01098,2026-05-07,Male,30,Kochi,Kerala,Social Media
C01470,2026-03-09,Male,30,Kanpur,Uttar Pradesh,Organic Search
C00544,2024-03-14,Female,18,Chennai,Tamil Nadu,Organic Search
C01047,2026-05-18,Female,32,Visakhapatnam,Andhra Pradesh,Email
C04140,2024-04-07,Female,39,Kochi,Kerala,Paid Ads
C03985,2026-06-22,Male,24,Indore,Madhya Pradesh,Social Media
C00031,2026-03-25,Male,26,Udaipur,Rajasthan,Paid Ads
C00726,2026-01-26,Female,29,Patna,Bihar,Social Media
C02716,2024-09-04,Female,45,Noida,Uttar Pradesh,Referral
C02115,2025-10-04,Male,18,Bhubaneswar,Odisha,Email
C03925,2025-04-25,Male,21,Bengaluru,Karnataka,Email
C01427,2025-04-04,Male,31,Patna,Bihar,Referral
C02570,2024-06-16,Female,37,Pune,Maharashtra,Social Media
C00437,2024-03-11,Female,24,Ahmedabad,Gujarat,Organic Search
C02488,2024-07-19,,27,Visakhapatnam,Andhra Pradesh,Organic Search
C00913,2026-02-10,Female,35,Lucknow,Uttar Pradesh,Social Media
C04234,2026-01-22,Male,30,Bengaluru,Karnataka,Paid Ads
C04469,2025-09-08,Female,37,Guwahati,Assam,Social Media
C04525,2025-11-23,Female,,Mysuru,Karnataka,Referral
C04570,2025-01-21,Female,18,Delhi,Delhi,Organic Search
C02305,2025-11-18,Female,33,Bhopal,Madhya Pradesh,Paid Ads
C01610,2025-12-28,Male,41,Chandigarh,Chandigarh,Organic Search
C01239,2025-01-08,Male,54,Udaipur,Rajasthan,Social Media
C00904,2025-02-02,Male,29,Coimbatore,Tamil Nadu,Paid Ads
C02522,2024-12-20,Male,21,Kanpur,Uttar Pradesh,Social Media
C03163,2025-04-16,Female,63,Faridabad,Haryana,Referral
C02330,2024-11-16,Female,44,Pune,Maharashtra,Paid Ads
C00508,2025-08-20,Male,25,Lucknow,Uttar Pradesh,Referral
C04635,2026-02-23,Male,50,Guwahati,Assam,Organic Search
C00184,2025-12-07,Male,30,Patna,Bihar,Organic Search
C01590,2025-07-01,Male,45,Udaipur,Rajasthan,Organic Search
C01498,2024-10-28,Male,28,Hyderabad,Telangana,Organic Search
C03850,2024-06-26,Male,,Lucknow,Uttar Pradesh,Organic Search
C00322,2024-07-16,Male,23,Bhopal,Madhya Pradesh,Email
C01804,2026-05-07,Female,44,Delhi,Delhi,Email
C03169,2026-02-13,Female,34,Thiruvananthapuram,Kerala,Paid Ads
C03627,2024-05-17,Female,35,Vijayawada,Andhra Pradesh,Organic Search
C02544,2025-11-17,Male,34,Chandigarh,Chandigarh,Organic Search
C01808,2026-05-01,Male,,Ahmedabad,Gujarat,Paid Ads
C03555,2025-08-29,Female,42,Gurugram,Haryana,Social Media
C03337,2024-08-17,Female,29,Thiruvananthapuram,Kerala,Organic Search
C04450,2024-08-20,Female,25,Delhi,Delhi,Social Media
C01147,2024-10-28,Female,46,Pune,Maharashtra,Social Media
C02087,2024-10-27,Female,22,Chennai,Tamil Nadu,Referral
C00045,2026-06-10,Male,36,Bengaluru,Karnataka,Paid Ads
C03817,2025-04-11,Male,37,Indore,Madhya Pradesh,Organic Search
C01551,2026-07-24,Male,36,Surat,,Organic Search
C02320,2025-09-11,Female,37,Patna,Bihar,Paid Ads
C01379,2025-05-29,Male,21,Ahmedabad,Gujarat,Email
C01989,2024-07-10,Female,26,Udaipur,Rajasthan,Social Media
C04805,2026-05-01,Female,40,Hyderabad,Telangana,Referral
C00414,2026-06-29,Female,24,Vijayawada,Andhra Pradesh,Referral
C03884,2026-01-16,Female,42,Pune,Maharashtra,Social Media
C01408,2026-06-28,Male,33,Jaipur,Rajasthan,Organic Search
C04369,2025-08-22,,23,Indore,Madhya Pradesh,Social Media
C00802,2024-09-06,Female,37,Hyderabad,Telangana,Referral
C01289,2025-03-30,Female,40,bengaluru,Karnataka,Social Media
C04112,2025-04-16,Male,58,Noida,Uttar Pradesh,Social Media
C02460,2025-11-15,Male,46,Kolkata,West Bengal,Organic Search
C03366,2025-01-19,Male,39,Pune,Maharashtra,Organic Search
C02827,2024-12-09,Female,31,Guwahati,Assam,Paid Ads
C00257,2025-07-31,,22,Bengaluru,Karnataka,Social Media
C04185,2025-08-18,Male,44,Visakhapatnam,Andhra Pradesh,Organic Search
C03754,2026-03-24,Female,30,Hyderabad,Telangana,Social Media
C01152,2025-07-23,Female,29,Jaipur,Rajasthan,Paid Ads
C02319,2025-11-26,Male,18,Udaipur,Rajasthan,Social Media
C00648,2024-04-27,Male,49,Thiruvananthapuram,Kerala,Referral
C03408,2026-04-29,Male,18,Faridabad,Haryana,Organic Search
C01730,2026-02-12,Female,33,Nagpur,Maharashtra,Email
C03723,2026-02-01,Male,38,Lucknow,Uttar Pradesh,Paid Ads
C03790,2025-02-28,Male,44,Surat,Gujarat,Paid Ads
C01316,2024-08-30,Female,31,Lucknow,Uttar Pradesh,Organic Search
C02032,2024-12-31,Female,29,Kolkata,West Bengal,Organic Search
C03514,2025-08-15,Male,26,Ranchi,Jharkhand,Organic Search
C04049,2026-05-22,Male,42,Udaipur,Rajasthan,Paid Ads
C01920,2025-09-18,Male,28,Bengaluru,Karnataka,Social Media
C01351,2024-11-17,Male,33,Udaipur,Rajasthan,Paid Ads
C02518,2024-05-16,Female,18,Kochi,Kerala,Referral
C00113,2026-06-06,Male,32,Faridabad,Haryana,Organic Search
C03152,2026-02-06,Female,33,Guwahati,Assam,Paid Ads
C00264,2026-04-22,Female,40,Ahmedabad,Gujarat,Paid Ads
C01394,2025-09-21,Female,30,Patna,Bihar,Organic Search
C01908,2025-11-06,Male,,Kolkata,West Bengal,Referral
C01187,2025-09-06,Male,29,Guwahati,Assam,Referral
C02370,2024-12-10,Female,43,Coimbatore,Tamil Nadu,Paid Ads
C00057,2025-01-02,Female,18,Surat,Gujarat,Social Media
C01310,2026-06-16,Female,49,CHANDIGARH,Chandigarh,Social Media
C00696,2024-11-16,Female,25,Jaipur,Rajasthan,Organic Search
C04215,2026-01-15,Male,46,Indore,Madhya Pradesh,Referral
C03023,2025-12-02,Female,39,Thiruvananthapuram,Kerala,Social Media
C03615,2025-06-05,Female,37,Indore,Madhya Pradesh,Paid Ads
C02212,2025-07-08,Female,31,Surat,Gujarat,Organic Search
C02874,2026-03-06,Male,117,Surat,Gujarat,Organic Search
C00320,2024-05-30,Male,41,Nagpur,Maharashtra,Social Media
C02304,2026-02-05,Male,30,Pune,Maharashtra,Referral
C00683,2024-09-23,Other,28,Patna,,Social Media
C04042,2025-08-20,Female,33,Surat,Gujarat,Organic Search
C03232,2026-02-09,Male,25,Mysuru,Karnataka,Paid Ads
C03667,2026-06-09,Male,59,Kanpur,Uttar Pradesh,Paid Ads
C03527,2024-08-31,Female,18,Guwahati,Assam,Organic Search
C04429,2025-03-14,Male,23,Mumbai,Maharashtra,Paid Ads
C00287,2024-11-20,Female,31,Guwahati,Assam,Paid Ads
C04247,2024-07-05,Male,29,Nagpur,Maharashtra,Email
C02143,2026-01-08,Female,35,Bhubaneswar,Odisha,Organic Search
C02433,2025-05-30,Male,31,Ahmedabad,Gujarat,Organic Search
C01747,2026-02-08,Female,26,Chennai,,Organic Search
C03221,2025-03-08,Female,33,Chennai,Tamil Nadu,Paid Ads
C03519,2025-07-02,Female,35,Patna,Bihar,Organic Search
C01631,2026-05-07,Female,43,Nagpur,Maharashtra,Organic Search
C02101,2025-04-28,Female,21,Vijayawada,Andhra Pradesh,Social Media
C00737,2025-12-27,Female,51,Faridabad,Haryana,Social Media
C04290,2024-12-07,Female,34,Kanpur,Uttar Pradesh,Organic Search
C00337,2025-03-06,Female,26,noida,Uttar Pradesh,Organic Search
C02403,2024-12-10,Female,33,Thiruvananthapuram,Kerala,Social Media
C02790,2025-05-16,Female,38,Hyderabad,Telangana,Referral
C02660,2024-11-14,Female,,Udaipur,Rajasthan,Referral
C04417,2025-07-13,Female,31,Nagpur,Maharashtra,Email
C01072,2024-12-17,Female,35,Ahmedabad,Gujarat,Organic Search
C02308,2026-04-18,Male,38,Bhopal,Madhya Pradesh,Paid Ads
C01700,2025-09-23,Male,37,Pune,Maharashtra,Organic Search
C04731,2024-11-06,Male,25,Gurugram,Haryana,Organic Search
C04824,2025-11-25,Female,18,Ahmedabad,Gujarat,Organic Search
C04125,2026-02-23,Male,18,Kolkata,West Bengal,Organic Search
C03947,2025-06-03,Male,45,Hyderabad,Telangana,Social Media
C03385,2024-12-12,Female,22,Guwahati,Assam,Paid Ads
C01489,2026-05-06,Other,31,Mysuru,Karnataka,Referral
C00499,2025-06-23,Female,23,Bhopal,Madhya Pradesh,Paid Ads
C04357,2025-08-19,Male,35,Patna,Bihar,Referral
C04597,2026-02-20,Male,44,Mysuru,Karnataka,Organic Search
C02576,2024-09-08,Male,,Visakhapatnam,Andhra Pradesh,Paid Ads
C02358,2025-10-10,Male,30,Udaipur,Rajasthan,Social Media
C02940,2026-04-21,Male,21,Bengaluru,Karnataka,Social Media
C03056,2024-12-04,Male,22,Lucknow,Uttar Pradesh,Organic Search
C03151,2026-02-03,Female,,Bhopal,Madhya Pradesh,Organic Search
C01611,2025-01-26,Female,33,Patna,Bihar,Social Media
C02174,2024-10-23,Male,31,Surat,Gujarat,Paid Ads
C02296,2026-04-21,Female,18,Bengaluru,Karnataka,Paid Ads
C04934,2025-09-27,Male,28,Udaipur,Rajasthan,Paid Ads
C01023,2026-07-09,Female,29,Mysuru,Karnataka,Paid Ads
C02300,2026-03-19,Female,34,Pune,Maharashtra,Organic Search
C04899,2025-01-02,Male,20,Ranchi,Jharkhand,Paid Ads
C02017,2026-07-02,Female,37,Nagpur,Maharashtra,Paid Ads
C03114,2025-07-07,Male,32,Kochi,Kerala,Paid Ads
C04990,2024-10-21,Male,33,Kanpur,Uttar Pradesh,Social Media
C00666,2024-10-07,Female,20,Visakhapatnam,Andhra Pradesh,Email
C04642,2025-06-15,,32,Bhubaneswar,Odisha,Social Media
C02657,2026-06-27,Female,30,Kanpur,Uttar Pradesh,Paid Ads
C04227,2025-09-14,Male,25,Ranchi,Jharkhand,Social Media
C04278,2026-01-27,Female,33,Chennai,Tamil Nadu,Organic Search
C02451,2024-06-13,Male,30,Delhi,Delhi,Social Media
C01018,2024-10-07,Female,23,Kanpur,Uttar Pradesh,Paid Ads
C00558,2024-12-17,Male,21,Visakhapatnam,Andhra Pradesh,Referral
C02417,2026-04-04,Male,32,Hyderabad,Telangana,Paid Ads
C01208,2025-01-18,Female,23,Thiruvananthapuram,Kerala,Organic Search
C03347,2026-05-02,Female,39,Jaipur,Rajasthan,Social Media
C03607,2025-10-12,Male,36,Hyderabad,Telangana,Social Media
C04418,2025-06-20,Male,22,Bhubaneswar,Odisha,Organic Search
C01511,2024-07-12,Female,21,Hyderabad,Telangana,Paid Ads
C02952,2025-11-14,Female,19,Nagpur,Maharashtra,Email
C00246,2024-05-16,Male,22,Ahmedabad,Gujarat,Organic Search
C01164,2025-11-07,Other,34,Indore,Madhya Pradesh,Social Media
C02604,2025-11-15,Male,29,Gurugram,Haryana,Organic Search
C00267,2026-02-21,Female,43,Kochi,Kerala,Organic Search
C04687,2024-09-14,Female,26,Noida,Uttar Pradesh,Social Media
C01115,2024-11-30,Female,31,RANCHI,Jharkhand,Referral
C00064,2026-01-20,Male,47,Bhubaneswar,Odisha,Paid Ads
C02611,2025-11-28,Male,45,Thiruvananthapuram,Kerala,Email
C02187,2025-11-23,Male,18,Chennai,Tamil Nadu,Paid Ads
C02776,2026-02-01,Male,40,Mumbai,Maharashtra,Organic Search
C03695,2025-09-29,Female,43,Lucknow,Uttar Pradesh,Referral
C03095,2026-01-12,Male,50,Coimbatore,Tamil Nadu,Paid Ads
C02046,2026-03-10,Male,28,Bhubaneswar,Odisha,Referral
C02834,2025-09-24,Male,41,Coimbatore,Tamil Nadu,Social Media
C02277,2024-12-19,Male,31,Bengaluru,Karnataka,Social Media
C02079,2025-12-04,Male,38,Chennai,Tamil Nadu,Organic Search
C03194,2024-04-13,Female,33,Chandigarh,Chandigarh,Organic Search
C01238,2025-12-17,Female,49,Chennai,Tamil Nadu,Organic Search
C00104,2025-05-11,Male,40,Patna,Bihar,Social Media
C02795,2026-05-25,Female,26,Surat,Gujarat,Paid Ads
C00273,2024-08-19,Female,28,Udaipur,Rajasthan,Social Media
C00509,2025-09-07,Male,34,Bengaluru,Karnataka,Social Media
C02291,2026-05-03,Male,34,BHOPAL,Madhya Pradesh,Paid Ads
C04946,2026-06-19,Female,23,Ahmedabad,Gujarat,Paid Ads
C03352,2025-03-25,Female,,Mumbai,Maharashtra,Referral
C00866,2025-09-06,Male,20,Thiruvananthapuram,Kerala,Referral
C02452,2025-06-06,Female,,Delhi,Delhi,Organic Search
C00909,2025-09-30,Male,34,Ahmedabad,Gujarat,Organic Search
C02132,2025-12-18,Female,,Udaipur,Rajasthan,Paid Ads
C02978,2024-03-06,Male,18,Gurugram,Haryana,Referral
C03918,2024-08-12,Female,30,Surat,Gujarat,Paid Ads
C01628,2025-07-22,Female,45,Guwahati,Assam,Paid Ads
C03107,2026-01-26,Male,38,Delhi,Delhi,Social Media
C01523,2026-05-13,Female,38,Patna,Bihar,Referral
C00836,2024-10-05,Female,20,Kochi,Kerala,Organic Search
C00359,2025-06-23,Male,40,Noida,Uttar Pradesh,Paid Ads
C00139,2025-03-06,Male,46,Thiruvananthapuram,Kerala,Organic Search
C00300,2024-08-15,Male,25,Kolkata,West Bengal,Organic Search
C01557,2025-01-07,Male,33,Ranchi,Jharkhand,Paid Ads
C01004,2025-03-15,Female,35,Jaipur,Rajasthan,Social Media
C00383,2026-01-11,Female,30,Ahmedabad,Gujarat,Organic Search
C00942,2024-10-02,Female,28,Thiruvananthapuram,Kerala,Organic Search
C01943,2025-05-21,Female,29,Guwahati,Assam,Organic Search
C04679,2025-04-24,Female,33,Lucknow,Uttar Pradesh,Social Media
C00762,2025-08-12,Male,34,Guwahati,Assam,Paid Ads
C01733,2026-05-18,Other,47,Gurugram,Haryana,Email
C01903,2024-12-21,Male,41,Ahmedabad,Gujarat,Social Media
C04928,2024-11-15,Male,23,Indore,Madhya Pradesh,Social Media
C02104,2026-05-30,Female,25,Surat,Gujarat,Social Media
C04688,2026-01-28,Male,34,Noida,Uttar Pradesh,Paid Ads
C00899,2025-12-25,Male,32,Noida,Uttar Pradesh,Paid Ads
C04021,2025-07-22,Female,36,Vijayawada,Andhra Pradesh,Social Media
C04565,2024-11-17,Other,28,Delhi,Delhi,Referral
C01403,2025-01-02,Male,18,Mysuru,Karnataka,Paid Ads
C02276,2025-12-12,Male,24,Mysuru,Karnataka,Social Media
C03807,2025-03-19,Female,19,Patna,Bihar,Email
C04399,2026-01-24,Female,26,Kolkata,West Bengal,Paid Ads
C03655,2025-09-29,Male,18,Kochi,Kerala,Paid Ads
C01513,2026-03-08,Female,31,Chennai,Tamil Nadu,Paid Ads
C01189,2025-02-10,Female,20,Kochi,Kerala,Paid Ads
C03008,2024-07-29,Male,34,Kochi,Kerala,Social Media
C03465,2026-06-28,Male,51,Surat,Gujarat,Social Media
C03898,2024-07-22,Male,25,Nagpur,Maharashtra,Paid Ads
C03456,2024-07-29,Female,32,Mysuru,Karnataka,Organic Search
C00109,2025-11-22,Male,24,Lucknow,Uttar Pradesh,Organic Search
C02752,2025-07-19,Male,29,Bengaluru,Karnataka,Paid Ads
C02464,2025-08-23,Male,28,Vijayawada,Andhra Pradesh,Paid Ads
C04789,2025-08-03,Male,21,Udaipur,Rajasthan,Organic Search
C00059,2025-12-29,Male,37,Vijayawada,Andhra Pradesh,Paid Ads
C00077,2024-12-09,Female,32,Jaipur,Rajasthan,Paid Ads
C00797,2024-11-05,Female,39,Nagpur,Maharashtra,Social Media
C00369,2024-11-21,Male,49,Lucknow,Uttar Pradesh,Organic Search
C04918,2026-05-08,Female,26,Indore,Madhya Pradesh,Email
C00786,2025-11-16,Male,18,Mysuru,Karnataka,Organic Search
C02223,2025-12-26,Other,23,Gurugram,Haryana,Paid Ads
C02631,2025-07-10,Female,28,Coimbatore,Tamil Nadu,Paid Ads
C02037,2025-12-12,Other,21,Visakhapatnam,Andhra Pradesh,Social Media
C02355,2024-10-31,Female,28,Jaipur,Rajasthan,Social Media
C03553,2025-08-02,Female,34,Hyderabad,Telangana,Email
C02268,2025-06-26,Female,36,Bhopal,Madhya Pradesh,Social Media
C01731,2025-07-23,Male,34,Delhi,Delhi,Referral
C00122,2024-07-02,Other,37,Mumbai,Maharashtra,Social Media
C01873,2025-05-30,Male,46,Lucknow,Uttar Pradesh,Paid Ads
C04512,2026-02-20,Male,38,Chandigarh,Chandigarh,Organic Search
C04555,2025-12-20,Female,33,Indore,Madhya Pradesh,Referral
C00911,2024-12-17,Male,21,Pune,Maharashtra,Referral
C00125,2025-03-23,Male,41,Faridabad,Haryana,Email
C03186,2025-02-28,Male,43,Lucknow,Uttar Pradesh,Paid Ads
C01587,2024-09-29,Male,18,Hyderabad,Telangana,Organic Search
C01258,2024-10-03,Female,23,Thiruvananthapuram,Kerala,Email
C03460,2025-01-14,Female,32,Noida,Uttar Pradesh,Organic Search
C03500,2025-02-26,Female,20,Indore,Madhya Pradesh,Email
C03604,2026-01-26,Female,26,Vijayawada,Andhra Pradesh,Organic Search
C01179,2025-09-29,Male,21,Kochi,Kerala,Organic Search
C03808,2026-06-20,Female,37,Bengaluru,Karnataka,Paid Ads
C03489,2025-10-12,Male,18,Jaipur,Rajasthan,Social Media
C03090,2025-08-30,Female,22,Ranchi,Jharkhand,Organic Search
C03800,2026-03-08,Male,38,Faridabad,Haryana,Organic Search
C00443,2026-03-22,Female,31,Bengaluru,Karnataka,Paid Ads
C01933,2025-07-13,Female,40,Lucknow,Uttar Pradesh,Paid Ads
C04440,2025-10-19,Male,,Mysuru,Karnataka,Organic Search
C00926,2025-09-20,Female,23,Bengaluru,Karnataka,Organic Search
C02438,2024-06-02,Male,18,Kanpur,Uttar Pradesh,Social Media
C03521,2025-04-20,Female,34,Indore,Madhya Pradesh,Organic Search
C04783,2025-07-08,Female,38,Mysuru,Karnataka,Email
C01412,2026-03-05,Male,32,Indore,Madhya Pradesh,Social Media
C03486,2025-01-16,Female,18,Visakhapatnam,Andhra Pradesh,Referral
C01778,2024-03-28,,36,Vijayawada,,Social Media
C01510,2026-03-26,Male,23,Guwahati,Assam,Paid Ads
C01228,2026-04-16,Female,34,Bhubaneswar,,Paid Ads
C03622,2024-09-23,Female,34,Gurugram,Haryana,Paid Ads
C02373,2025-08-22,Female,37,Visakhapatnam,Andhra Pradesh,Organic Search
C04131,2025-02-21,Female,40,Visakhapatnam,Andhra Pradesh,Referral
C03939,2025-01-15,Male,30,Guwahati,Assam,Organic Search
C03299,2024-07-20,Female,30,Ranchi,Jharkhand,Email
C00325,2025-07-11,Male,29,Bengaluru,Karnataka,Paid Ads
C03098,2024-06-25,Other,35,Kanpur,Uttar Pradesh,Social Media
C04847,2025-12-11,Female,31,Patna,,Social Media
C02183,2025-10-04,Female,46,Faridabad,Haryana,Social Media
C03317,2025-08-09,Male,42,Mysuru,Karnataka,Paid Ads
C03054,2025-04-06,Male,18,Vijayawada,Andhra Pradesh,Organic Search
C01499,2025-10-07,Male,34,Hyderabad,Telangana,Social Media
C01503,2026-07-01,Male,32,Bhopal,Madhya Pradesh,Paid Ads
C01007,2024-08-13,Female,18,Patna,,Email
C04294,2025-03-25,Male,51,Lucknow,Uttar Pradesh,Social Media
C02859,2026-03-30,Female,35,Indore,Madhya Pradesh,Paid Ads
C03536,2024-11-01,Male,18,Guwahati,Assam,Referral
C01468,2025-03-03,Female,18,Ahmedabad,Gujarat,Paid Ads
C01226,2026-02-27,Male,47,Ahmedabad,Gujarat,Organic Search
C04935,2025-09-16,Other,31,Faridabad,Haryana,Paid Ads
C02285,2025-10-20,Male,40,Jaipur,Rajasthan,Organic Search
C02022,2025-06-23,Male,20,Ranchi,Jharkhand,Email
C01217,2025-03-23,Male,18,Patna,Bihar,Referral
C03998,2025-03-26,Female,25,Coimbatore,Tamil Nadu,Social Media
C04275,2026-01-01,Female,21,Kanpur,Uttar Pradesh,Email
C00421,2025-02-08,Other,32,Indore,Madhya Pradesh,Organic Search
C04476,2025-11-14,Male,36,Udaipur,Rajasthan,Paid Ads
C00007,2026-01-30,Male,53,Bhubaneswar,Odisha,Organic Search
C00933,2024-11-13,Female,33,Ahmedabad,Gujarat,Paid Ads
C01692,2025-01-13,Female,30,Indore,Madhya Pradesh,Referral
C00440,2025-03-06,Female,32,Hyderabad,Telangana,Social Media
C01314,2026-01-04,Female,35,Guwahati,Assam,Social Media
C00679,2025-02-17,Male,41,Visakhapatnam,Andhra Pradesh,Social Media
C01973,2025-02-22,Female,41,Kochi,Kerala,Social Media
C04623,2026-01-13,Male,26,Thiruvananthapuram,Kerala,Paid Ads
C04389,2025-12-29,Male,26,Guwahati,Assam,Social Media
C02484,2024-09-01,Female,22,Lucknow,Uttar Pradesh,Paid Ads
C04646,2025-05-01,Female,42,Nagpur,Maharashtra,Social Media
C02635,2024-11-24,Female,34,Ranchi,Jharkhand,Paid Ads
C02536,2025-12-07,Male,39,Kanpur,Uttar Pradesh,Organic Search
C02457,2024-12-16,Female,34,Ahmedabad,Gujarat,Email
C04059,2025-06-10,Male,21,Kochi,Kerala,Social Media
C02819,2025-12-11,Male,34,Faridabad,Haryana,Social Media
C04257,2025-12-01,Female,,Mysuru,Karnataka,Social Media
C03380,2025-04-09,Female,38,Nagpur,Maharashtra,Organic Search
C02659,2025-08-19,Male,36,CHANDIGARH,Chandigarh,Paid Ads
C00195,2026-03-09,Female,49,Pune,Maharashtra,Social Media
C01475,2026-01-18,Female,18,Jaipur,Rajasthan,Referral
C04297,2026-04-26,Female,38,Thiruvananthapuram,Kerala,Social Media
C01212,2026-05-09,Male,18,Indore,Madhya Pradesh,Social Media
C04695,2024-10-24,Female,31,Bhubaneswar,Odisha,Organic Search
C01658,2025-12-04,Male,43,Bhopal,Madhya Pradesh,Referral
C02719,2026-06-24,Male,41,Chennai,Tamil Nadu,Referral
C04834,2026-03-01,Male,33,Ranchi,Jharkhand,Social Media
C03833,2025-03-25,Female,18,Ranchi,Jharkhand,Organic Search
C02237,2024-11-11,Female,25,Bengaluru,Karnataka,Email
C01875,2025-08-06,Female,35,Coimbatore,Tamil Nadu,Organic Search
C04562,2025-12-24,Male,48,Surat,Gujarat,Organic Search
C01131,2026-07-27,Male,29,Bhopal,Madhya Pradesh,Referral
C01462,2025-11-18,Male,34,Mysuru,Karnataka,Organic Search
C00277,2025-10-10,Female,39,Vijayawada,Andhra Pradesh,Organic Search
C02587,2025-03-31,Female,,Mumbai,Maharashtra,Paid Ads
C02349,2024-07-30,Male,31,Bengaluru,Karnataka,Paid Ads
C02314,2026-01-20,Male,29,Chennai,Tamil Nadu,Organic Search
C01303,2026-04-18,Male,44,Gurugram,Haryana,Referral
C02535,2025-06-06,Male,40,Kanpur,Uttar Pradesh,Paid Ads
C00223,2025-08-12,Male,30,Kanpur,Uttar Pradesh,Organic Search
C04653,2025-04-21,Male,38,Kanpur,Uttar Pradesh,Paid Ads
C02134,2025-01-27,Female,46,Guwahati,Assam,Organic Search
C00574,2025-12-18,Male,18,Mumbai,Maharashtra,Organic Search
C01237,2026-05-07,Male,33,Jaipur,Rajasthan,Referral
C03564,2025-01-20,Female,31,Pune,Maharashtra,Referral
C04382,2025-01-26,Male,38,Bhubaneswar,Odisha,Referral
C01335,2026-04-23,Female,29,Jaipur,Rajasthan,Email
C02943,2026-02-18,Male,23,Kolkata,West Bengal,Organic Search
C00419,2024-04-25,Female,37,Faridabad,Haryana,Organic Search
C00268,2024-08-11,Male,41,Visakhapatnam,Andhra Pradesh,Paid Ads
C01105,2025-12-17,Male,26,Surat,Gujarat,Organic Search
C00258,2025-09-12,Female,25,CHANDIGARH,Chandigarh,Paid Ads
C00296,2025-11-02,Male,33,Bhopal,Madhya Pradesh,Social Media
C02379,2025-12-13,,39,Visakhapatnam,Andhra Pradesh,Paid Ads
C00387,2024-10-07,Male,30,Mumbai,Maharashtra,Referral
C03327,2025-02-05,Female,39,Delhi,Delhi,Email
C04796,2026-03-06,Female,18,Faridabad,Haryana,Organic Search
C03804,2024-12-17,Female,20,vijayawada,Andhra Pradesh,Referral
C02265,2025-10-12,Female,34,Chennai,Tamil Nadu,Email
C04348,2025-07-21,Male,35,Lucknow,,Organic Search
C03535,2026-06-11,Male,20,Kolkata,,Organic Search
C01868,2026-04-25,Female,39,Lucknow,Uttar Pradesh,Paid Ads
C04397,2026-07-30,Other,28,Ahmedabad,Gujarat,Social Media
C01564,2026-01-31,Female,18,Guwahati,Assam,Organic Search
C01922,2026-05-18,Female,30,Thiruvananthapuram,Kerala,Paid Ads
C01401,2025-09-30,Female,32,Kolkata,West Bengal,Organic Search
C00713,2025-11-28,Male,45,Lucknow,Uttar Pradesh,Organic Search
C02367,2025-09-24,Male,35,Coimbatore,Tamil Nadu,Paid Ads
C02548,2026-06-05,Male,32,Bhubaneswar,Odisha,Organic Search
C00210,2026-05-31,Male,35,Nagpur,Maharashtra,Email
C03965,2025-07-16,Male,18,Gurugram,Haryana,Paid Ads
C01290,2025-04-30,Female,25,Bhubaneswar,Odisha,Social Media
C02012,2026-05-02,Male,29,Ahmedabad,Gujarat,Paid Ads
C00450,2024-05-15,Male,39,Noida,Uttar Pradesh,Email
C04105,2025-03-20,Female,24,Ahmedabad,Gujarat,Organic Search
C02588,2025-10-11,Male,40,Hyderabad,Telangana,Social Media
C01821,2024-04-08,Male,18,Ahmedabad,Gujarat,Social Media
C00959,2026-05-02,Male,37,Mumbai,Maharashtra,Paid Ads
C01794,2026-02-25,Male,46,Mysuru,Karnataka,Organic Search
C03078,2026-01-11,Male,50,Chennai,Tamil Nadu,Social Media
C00655,2025-08-10,Female,23,Bhopal,Madhya Pradesh,Social Media
C03657,2025-07-12,Male,33,Kolkata,West Bengal,Paid Ads
C03874,2026-07-07,Male,36,Bhopal,Madhya Pradesh,Social Media
C02026,2025-07-26,Female,18,Kochi,,Paid Ads
C01761,2024-12-30,Male,50,Visakhapatnam,,Organic Search
C04211,2025-12-21,Female,42,Chandigarh,Chandigarh,Organic Search
C02760,2024-08-03,,34,Lucknow,Uttar Pradesh,Paid Ads
C02663,2025-02-28,Female,30,Patna,Bihar,Paid Ads
C00412,2026-02-14,Female,18,Visakhapatnam,Andhra Pradesh,Organic Search
C01775,2025-03-07,Male,36,Mysuru,Karnataka,Paid Ads
C02922,2025-06-08,Male,34,coimbatore,Tamil Nadu,Social Media
C03086,2026-02-26,Female,28,Bengaluru,Karnataka,Paid Ads
C03685,2024-11-19,Male,21,Noida,Uttar Pradesh,Paid Ads
C02645,2025-12-07,Female,27,Pune,Maharashtra,Email
C04324,2024-04-21,Male,42,Mysuru,Karnataka,Paid Ads
C04787,2026-02-16,Female,28,Bhopal,Madhya Pradesh,Social Media
C04798,2026-03-29,Male,,Nagpur,Maharashtra,Referral
C03050,2025-10-22,Other,,Jaipur,Rajasthan,Paid Ads
C02836,2026-05-05,Male,49,Kolkata,West Bengal,Organic Search
C03921,2025-10-01,Male,43,Coimbatore,Tamil Nadu,Paid Ads
C04810,2025-01-13,Male,28,Visakhapatnam,Andhra Pradesh,Paid Ads
C04997,2025-10-05,Male,37,Surat,Gujarat,Organic Search
C04281,2026-07-07,Male,38,Ahmedabad,Gujarat,Organic Search
C03590,2025-07-04,Male,34,Bhubaneswar,Odisha,Organic Search
C00431,2025-12-02,Female,25,Indore,Madhya Pradesh,Paid Ads
C03686,2026-07-02,Female,36,Faridabad,Haryana,Paid Ads
C04618,2025-06-04,Female,19,Jaipur,Rajasthan,Social Media
C01367,2024-02-16,,35,Kolkata,West Bengal,Paid Ads
C02023,2025-06-06,Male,27,Pune,Maharashtra,Paid Ads
C04771,2026-05-04,Male,46,Udaipur,Rajasthan,Paid Ads
C01177,2025-07-08,Female,29,Kanpur,Uttar Pradesh,Social Media
C03351,2025-09-30,Male,25,Surat,Gujarat,Organic Search
C01477,2025-10-03,Male,18,Ahmedabad,Gujarat,Referral
C03397,2024-08-27,Male,32,Kochi,Kerala,Organic Search
C02064,2026-05-17,Male,34,Surat,Gujarat,Paid Ads
C00103,2024-04-18,Male,29,GUWAHATI,Assam,Social Media
C02119,2024-09-22,Male,40,Coimbatore,Tamil Nadu,Referral
C02030,2025-01-20,Male,,Pune,Maharashtra,Social Media
C01264,2025-08-19,Female,18,Udaipur,Rajasthan,Paid Ads
C02900,2024-05-30,Male,35,Gurugram,Haryana,Referral
C03955,2026-03-31,Male,25,Kochi,Kerala,Paid Ads
C02389,2025-08-23,Female,35,Visakhapatnam,Andhra Pradesh,Organic Search
C03999,2025-02-14,Male,24,PUNE,Maharashtra,Organic Search
C02758,2025-05-11,Female,31,Chennai,Tamil Nadu,Paid Ads
C03318,2025-02-25,Female,29,Mysuru,Karnataka,Organic Search
C03190,2026-05-17,Male,38,Gurugram,Haryana,Organic Search
C02992,2026-01-19,Female,32,Bhopal,Madhya Pradesh,Organic Search
C01644,2026-03-22,Female,19,Udaipur,Rajasthan,Paid Ads
C04518,2025-11-11,Male,23,Noida,Uttar Pradesh,Referral
C00001,2025-12-27,Male,23,Pune,Maharashtra,Paid Ads
C01581,2026-03-08,Male,32,Lucknow,Uttar Pradesh,Email
C04435,2024-08-10,Male,32,Bengaluru,Karnataka,Organic Search
C04128,2025-04-29,Male,31,Kolkata,West Bengal,Paid Ads
C01357,2026-06-07,Male,23,Indore,Madhya Pradesh,Organic Search
C03410,2026-01-22,Male,31,Kolkata,West Bengal,Referral
C02100,2026-02-02,Male,,Kochi,Kerala,Social Media
C02252,2025-10-17,Female,30,Chandigarh,Chandigarh,Organic Search
C04513,2025-06-16,Female,40,Lucknow,Uttar Pradesh,Organic Search
C04488,2025-06-25,Female,,Ranchi,Jharkhand,Organic Search
C00397,2026-06-29,Other,36,Noida,Uttar Pradesh,Organic Search
C03480,2025-09-08,Male,31,Jaipur,Rajasthan,Paid Ads
C01065,2025-08-29,Female,28,Delhi,Delhi,Paid Ads
C02378,2025-08-01,Male,,Kanpur,Uttar Pradesh,Paid Ads
C02171,2026-07-27,Female,33,Indore,Madhya Pradesh,Email
C00819,2024-12-22,Female,25,Udaipur,Rajasthan,Email
C01813,2025-08-25,Male,18,Chennai,Tamil Nadu,Organic Search
C02571,2025-03-17,Female,,Gurugram,Haryana,Email
C01553,2025-10-18,Male,37,Vijayawada,Andhra Pradesh,Organic Search
C03139,2024-08-22,Male,31,Coimbatore,Tamil Nadu,Organic Search
C00817,2024-06-25,Other,39,NOIDA,Uttar Pradesh,Social Media
C01573,2026-04-20,Female,28,KOLKATA,West Bengal,Paid Ads
C02986,2025-05-28,Other,47,Mumbai,Maharashtra,Referral
C01801,2025-11-07,Male,37,Kanpur,Uttar Pradesh,Social Media
C04300,2025-10-04,Female,26,Bhopal,Madhya Pradesh,Organic Search
C00382,2025-08-18,Male,24,Faridabad,Haryana,Social Media
C02893,2024-10-05,Female,18,Thiruvananthapuram,Kerala,Organic Search
C03845,2024-12-20,Male,18,Bhopal,Madhya Pradesh,Social Media
C02312,2025-03-13,Male,18,Udaipur,Rajasthan,Social Media
C04491,2025-09-29,Male,33,Coimbatore,Tamil Nadu,Social Media
C02329,2024-08-22,Female,48,Udaipur,Rajasthan,Social Media
C01781,2025-02-26,Male,48,Mysuru,Karnataka,Organic Search
C04634,2025-05-20,Male,35,Bengaluru,Karnataka,Paid Ads
C04914,2025-05-31,Male,31,Visakhapatnam,Andhra Pradesh,Paid Ads
C04041,2024-11-30,Female,44,Hyderabad,Telangana,Social Media
C00865,2026-03-06,Female,44,guwahati,Assam,Social Media
C03039,2025-10-06,Female,33,COIMBATORE,Tamil Nadu,Social Media
C03183,2026-01-25,Female,30,Patna,Bihar,Referral
C00555,2025-09-12,Female,18,Nagpur,Maharashtra,Organic Search
C01160,2025-04-12,Female,36,Chennai,Tamil Nadu,Social Media
C01214,2025-01-31,Female,31,kanpur,Uttar Pradesh,Organic Search
C02222,2025-10-14,Male,18,Thiruvananthapuram,Kerala,Referral
C03816,2026-03-16,Male,26,Pune,Maharashtra,Paid Ads
C00049,2026-04-02,Female,28,Delhi,Delhi,Organic Search
C02385,2025-10-13,Male,18,Patna,Bihar,Social Media
C00701,2025-01-20,Male,44,Surat,Gujarat,Paid Ads
C00653,2024-07-27,Female,24,Kanpur,Uttar Pradesh,Paid Ads
C03271,2025-11-23,Male,37,Surat,Gujarat,Email
C04311,2026-02-28,Male,44,Kolkata,West Bengal,Social Media
C04117,2026-05-10,Male,22,Faridabad,Haryana,Social Media
C00749,2026-05-08,Female,20,Thiruvananthapuram,Kerala,Paid Ads
C01456,2026-04-21,Female,18,Chennai,Tamil Nadu,Social Media
C04296,2026-02-04,Female,30,Guwahati,Assam,Paid Ads
C02777,2026-05-13,Male,18,Delhi,Delhi,Social Media
C03806,2025-09-19,Male,28,Kolkata,,Paid Ads
C00867,2025-04-23,Male,21,Gurugram,Haryana,Paid Ads
C00753,2026-07-09,Female,33,Patna,Bihar,Paid Ads
C01645,2025-02-19,,42,Coimbatore,Tamil Nadu,Organic Search
C00093,2024-07-02,Male,36,Pune,Maharashtra,Referral
C02843,2025-04-25,Male,26,Gurugram,Haryana,Organic Search
C03120,2025-09-15,Male,36,Coimbatore,Tamil Nadu,Organic Search
C04781,2026-02-06,Female,27,Bhubaneswar,Odisha,Paid Ads
C02648,2025-04-29,Male,44,Nagpur,Maharashtra,Organic Search
C01491,2024-11-09,Male,49,bengaluru,Karnataka,Social Media
C03170,2025-06-29,Female,28,Guwahati,Assam,Email
C02195,2025-07-12,Male,18,Coimbatore,Tamil Nadu,Social Media
C00730,2025-05-03,Female,36,Udaipur,Rajasthan,Referral
C04617,2024-08-10,Female,30,Jaipur,Rajasthan,Referral
C02489,2026-05-20,Female,30,Gurugram,Haryana,Paid Ads
C02260,2025-11-07,Male,36,Delhi,Delhi,Paid Ads
C01937,2025-08-21,Female,28,Kolkata,West Bengal,Referral
C01746,2025-01-01,Male,26,Udaipur,Rajasthan,Social Media
C02999,2024-03-28,Male,36,Kanpur,Uttar Pradesh,Social Media
C03297,2026-02-26,Male,44,bengaluru,Karnataka,Organic Search
C04840,2025-08-17,Male,50,Ranchi,Jharkhand,Social Media
C01958,2025-05-17,Female,27,Lucknow,Uttar Pradesh,Organic Search
C01111,2025-07-16,Other,32,Ahmedabad,Gujarat,Social Media
C03356,2025-10-23,Female,21,Lucknow,Uttar Pradesh,Social Media
C04054,2025-02-13,Male,26,Gurugram,Haryana,Social Media
C04484,2025-06-24,Male,26,Bengaluru,Karnataka,Paid Ads
C04169,2026-05-11,Female,34,Chandigarh,Chandigarh,Social Media
C00347,2026-02-22,Male,29,Surat,Gujarat,Social Media
C01186,2026-04-09,,18,Surat,Gujarat,Paid Ads
C04222,2026-03-07,Male,23,Udaipur,Rajasthan,Organic Search
C01516,2024-09-26,Female,30,Faridabad,Haryana,Paid Ads
C04682,2026-05-07,Male,20,Ranchi,Jharkhand,Paid Ads
C00579,2025-10-22,Female,31,Jaipur,,Email
C01965,2024-09-09,Female,23,Noida,Uttar Pradesh,Organic Search
C00076,2025-08-28,Male,44,Ranchi,Jharkhand,Organic Search
C01430,2026-04-30,Male,42,Chandigarh,Chandigarh,Paid Ads
C03612,2025-08-16,Male,30,Delhi,Delhi,Paid Ads
C04443,2024-09-17,Male,26,Lucknow,Uttar Pradesh,Email
C03692,2025-10-21,Female,35,Bengaluru,Karnataka,Referral
C04965,2025-01-03,Female,33,Kochi,Kerala,Paid Ads
C01847,2025-05-20,Other,18,Visakhapatnam,Andhra Pradesh,Paid Ads
C00132,2025-11-19,Male,40,Hyderabad,Telangana,Email
C00179,2025-12-29,Male,18,Surat,Gujarat,Organic Search
C02918,2026-04-04,Female,35,Vijayawada,Andhra Pradesh,Organic Search
C04479,2025-07-30,Male,30,Nagpur,Maharashtra,Organic Search
C03894,2025-05-23,Other,41,visakhapatnam,Andhra Pradesh,Email
C03358,2026-05-10,Male,48,Patna,Bihar,Social Media
C01843,2026-03-13,Female,25,Mumbai,Maharashtra,Referral
C02116,2025-08-17,Female,41,Coimbatore,Tamil Nadu,Social Media
C02751,2026-07-09,Female,39,Kolkata,West Bengal,Paid Ads
C04354,2025-03-23,Male,35,Mumbai,Maharashtra,Paid Ads
C00605,2025-11-11,Male,33,Gurugram,Haryana,Referral
C04166,2024-09-09,Female,19,Nagpur,Maharashtra,Organic Search
C00026,2026-05-22,Male,21,Bhopal,Madhya Pradesh,Organic Search
C00659,2025-06-30,Male,44,Visakhapatnam,Andhra Pradesh,Paid Ads
C01897,2025-09-27,Female,28,Kanpur,Uttar Pradesh,Organic Search
C04017,2025-09-16,Female,26,Jaipur,Rajasthan,Paid Ads
C02202,2025-07-28,Male,30,Bengaluru,Karnataka,Referral
C00174,2025-01-17,Other,38,Kolkata,West Bengal,Social Media
C01612,2026-02-19,Male,32,Gurugram,Haryana,Referral
C00438,2026-01-26,Male,40,Delhi,Delhi,Organic Search
C00332,2025-05-21,Female,37,RANCHI,Jharkhand,Organic Search
C03734,2024-09-15,Female,41,Ranchi,Jharkhand,Paid Ads
C01455,2025-01-06,Female,34,Surat,,Paid Ads
C00343,2026-04-19,Female,34,Delhi,Delhi,Paid Ads
C03576,2025-04-23,Male,31,Nagpur,Maharashtra,Referral
C02808,2026-01-18,Female,31,Ranchi,Jharkhand,Organic Search
C01089,2025-08-21,Female,43,Surat,Gujarat,Paid Ads
C00480,2025-06-21,Male,25,Lucknow,Uttar Pradesh,Social Media
C00728,2025-07-16,Male,37,Jaipur,Rajasthan,Social Media
C03805,2026-03-28,Male,33,Nagpur,Maharashtra,Paid Ads
C00977,2026-07-14,Male,38,Guwahati,Assam,Email
C04328,2026-01-29,Male,24,Patna,Bihar,Paid Ads
C02996,2024-12-02,Female,40,Delhi,Delhi,Organic Search
C01929,2024-08-16,Male,35,Bhopal,Madhya Pradesh,Paid Ads
C01469,2026-01-28,Female,56,Lucknow,Uttar Pradesh,Referral
C01225,2025-04-29,Female,32,Chennai,Tamil Nadu,Paid Ads
C02179,2025-02-22,Male,40,gurugram,Haryana,Referral
C01953,2025-07-18,Male,37,Thiruvananthapuram,Kerala,Organic Search
C04843,2025-05-07,Female,,Nagpur,Maharashtra,Organic Search
C03255,2025-07-12,Female,27,Guwahati,Assam,Paid Ads
C01893,2024-11-14,Male,38,Lucknow,Uttar Pradesh,Organic Search
C01300,2024-09-04,Male,24,Mumbai,Maharashtra,Paid Ads
C03009,2025-06-30,Female,,Surat,Gujarat,Referral
C04612,2025-02-28,,26,Patna,Bihar,Organic Search
C00661,2025-11-18,Female,23,Kanpur,Uttar Pradesh,Social Media
C03991,2025-10-14,Female,47,Visakhapatnam,Andhra Pradesh,Referral
C02945,2024-08-01,Female,36,Kolkata,West Bengal,Email
C02803,2025-09-19,,26,Visakhapatnam,Andhra Pradesh,Paid Ads
C03174,2025-07-25,Male,18,Gurugram,Haryana,Organic Search
C02513,2024-10-27,Male,37,Mumbai,Maharashtra,Referral
C04581,2025-07-13,Male,34,gurugram,Haryana,Referral
C02722,2025-09-17,Male,34,Coimbatore,Tamil Nadu,Paid Ads
C03617,2024-07-10,Male,38,Delhi,Delhi,Organic Search
C03210,2025-02-24,Other,34,Udaipur,Rajasthan,Social Media
C01279,2024-09-30,Male,20,Vijayawada,Andhra Pradesh,Organic Search
C03878,2025-06-02,Male,58,Bhopal,Madhya Pradesh,Social Media
C01622,2025-09-24,Female,37,Jaipur,Rajasthan,Paid Ads
C03033,2025-09-03,Male,24,Thiruvananthapuram,Kerala,Email
C04619,2024-11-26,Female,26,Surat,,Organic Search
C00068,2025-12-08,Female,27,bhopal,Madhya Pradesh,Paid Ads
C02599,2025-05-25,,27,Bengaluru,Karnataka,Paid Ads
C03977,2025-02-07,Male,31,Udaipur,Rajasthan,Social Media
C03812,2025-03-14,Male,33,Coimbatore,Tamil Nadu,Paid Ads
C00821,2026-01-30,Male,35,Bengaluru,Karnataka,Social Media
C01227,2025-09-09,Female,50,Coimbatore,Tamil Nadu,Paid Ads
C04706,2024-09-26,Male,34,Thiruvananthapuram,Kerala,Social Media
C02165,2026-04-18,Male,29,Surat,Gujarat,Organic Search
C03916,2025-08-13,Female,51,Faridabad,Haryana,Paid Ads
C04470,2024-04-30,Female,42,Surat,Gujarat,Organic Search
C04282,2025-06-21,Male,38,Mumbai,Maharashtra,Paid Ads
C04122,2025-06-02,Female,,Visakhapatnam,Andhra Pradesh,Email
C01144,2024-12-23,Female,34,Ranchi,Jharkhand,Organic Search
C00398,2025-02-15,Female,33,Noida,Uttar Pradesh,Social Media
C02925,2026-02-05,,25,Bengaluru,Karnataka,Organic Search
C04314,2024-04-09,Female,34,Ranchi,Jharkhand,Organic Search
C04842,2026-04-12,Female,21,Bengaluru,Karnataka,Organic Search
C01399,2025-09-11,Female,47,Indore,Madhya Pradesh,Social Media
C01660,2025-03-24,Male,28,Kanpur,Uttar Pradesh,Referral
C00980,2024-08-27,Male,28,Vijayawada,Andhra Pradesh,Organic Search
C01299,2025-03-23,Female,31,Chandigarh,Chandigarh,Email
C02281,2026-04-04,Female,,Hyderabad,Telangana,Referral
C00083,2024-12-19,Female,24,Bhubaneswar,,Organic Search
C04775,2026-05-06,Male,24,Bhopal,Madhya Pradesh,Referral
C03996,2025-05-02,Female,43,Delhi,Delhi,Social Media
C03761,2025-04-21,Male,18,Ahmedabad,Gujarat,Social Media
C03803,2025-03-07,Male,22,Bhopal,Madhya Pradesh,Referral
C02306,2024-09-24,Female,28,Mumbai,Maharashtra,Social Media
C00424,2025-03-15,Male,37,THIRUVANANTHAPURAM,Kerala,Social Media
C04352,2026-07-07,Female,24,Lucknow,Uttar Pradesh,Organic Search
C01905,2025-05-15,Female,30,Udaipur,Rajasthan,Referral
C04551,2026-03-03,Female,33,Delhi,Delhi,Paid Ads
C03371,2025-12-24,Male,40,Patna,Bihar,Organic Search
C04069,2025-02-12,Male,37,Mumbai,Maharashtra,Referral
C01566,2026-03-26,Male,22,Kolkata,West Bengal,Paid Ads
C04591,2026-03-07,Female,47,Ahmedabad,Gujarat,Organic Search
C00840,2025-09-22,Other,34,Chennai,Tamil Nadu,Referral
C00501,2025-12-05,Female,29,Bhubaneswar,Odisha,Referral
C00142,2024-11-24,Male,33,Udaipur,,Email
C01378,2025-08-07,Male,26,Gurugram,Haryana,Email
C03719,2026-02-17,Male,33,Kochi,Kerala,Social Media
C03948,2025-10-06,Female,43,Kochi,Kerala,Social Media
C01139,2024-06-28,Female,43,Ahmedabad,Gujarat,Organic Search
C04728,2025-09-12,Male,48,Thiruvananthapuram,,Paid Ads
C01788,2025-10-28,,31,Chandigarh,Chandigarh,Social Media
C02585,2026-03-23,Female,18,Nagpur,Maharashtra,Paid Ads
C00551,2026-03-11,Male,22,Faridabad,Haryana,Social Media
C03291,2026-05-26,Male,39,Bengaluru,Karnataka,Organic Search
C02020,2025-07-05,Male,36,Jaipur,Rajasthan,Paid Ads
C00949,2024-10-04,Male,29,Bengaluru,Karnataka,Organic Search
C02278,2025-10-24,Male,18,Bhubaneswar,Odisha,Social Media
C00533,2024-09-30,Female,20,Hyderabad,Telangana,Organic Search
C01830,2026-07-18,Female,24,Ahmedabad,Gujarat,Organic Search
C04130,2025-06-06,Female,38,Surat,Gujarat,Paid Ads
C04431,2024-11-21,Male,19,Bhubaneswar,Odisha,Paid Ads
C03893,2025-12-29,Male,27,Ranchi,Jharkhand,Paid Ads
C01603,2025-08-23,Male,38,Bengaluru,Karnataka,Organic Search
C00640,2025-04-26,Male,36,Visakhapatnam,Andhra Pradesh,Organic Search
C04845,2026-03-31,Female,19,Faridabad,Haryana,Organic Search
C00968,2025-03-08,Female,26,Jaipur,Rajasthan,Paid Ads
C04892,2026-03-06,Female,21,Visakhapatnam,Andhra Pradesh,Paid Ads
C02644,2025-12-27,Female,31,Chandigarh,Chandigarh,Paid Ads
C01684,2024-12-18,Female,39,Delhi,Delhi,Paid Ads
C04483,2026-02-11,Male,33,Kanpur,Uttar Pradesh,Referral
C02901,2024-09-27,Male,40,Kochi,,Organic Search
C00156,2025-12-05,Male,33,Jaipur,Rajasthan,Paid Ads
C04754,2025-05-20,Male,41,Bhopal,Madhya Pradesh,Paid Ads
C02857,2025-07-31,Male,27,Kochi,Kerala,Organic Search
C01090,2025-12-06,Female,30,Patna,Bihar,Social Media
C02674,2025-01-26,Female,18,Visakhapatnam,Andhra Pradesh,Organic Search
C04253,2025-07-01,Female,38,Guwahati,Assam,Organic Search
C00289,2026-04-22,Male,31,Guwahati,Assam,Email
C00931,2025-07-09,Female,25,Bhopal,Madhya Pradesh,Paid Ads
C04304,2025-10-25,Male,50,Thiruvananthapuram,Kerala,Referral
C02578,2026-07-08,Male,29,Patna,Bihar,Paid Ads
C04045,2025-10-18,Male,49,Indore,Madhya Pradesh,Paid Ads
C02615,2025-02-10,Female,31,Delhi,Delhi,Paid Ads
C03310,2025-08-30,Male,33,Patna,Bihar,Email
C00943,2025-02-14,Male,41,Vijayawada,Andhra Pradesh,Organic Search
C03881,2024-02-17,Female,18,Bhopal,Madhya Pradesh,Paid Ads
C04675,2025-12-31,Male,18,Noida,Uttar Pradesh,Organic Search
C01699,2026-05-09,Female,31,Jaipur,Rajasthan,Social Media
C04721,2026-01-26,Male,28,Kanpur,Uttar Pradesh,Organic Search
C02975,2025-04-09,Male,,Bhubaneswar,Odisha,Social Media
C04060,2025-11-14,Female,29,Delhi,Delhi,Organic Search
C02830,2026-03-26,Male,28,Lucknow,Uttar Pradesh,Paid Ads
C00986,2024-12-06,Male,30,Kolkata,West Bengal,Organic Search
C04898,2025-09-01,Male,30,Bengaluru,Karnataka,Email
C04807,2024-07-25,Male,38,Lucknow,Uttar Pradesh,Organic Search
C03270,2026-07-03,Male,25,Patna,Bihar,Social Media
C04790,2025-02-19,Male,36,Guwahati,Assam,Email
C00982,2026-05-07,Female,38,Faridabad,Haryana,Social Media
C02510,2025-10-22,Male,18,Kanpur,Uttar Pradesh,Referral
C02448,2025-11-02,Female,20,Udaipur,Rajasthan,Organic Search
C04548,2025-12-18,Female,27,Nagpur,Maharashtra,Social Media
C02961,2026-03-28,Male,52,Surat,Gujarat,Paid Ads
C04606,2024-09-28,Female,37,Visakhapatnam,Andhra Pradesh,Social Media
C03867,2024-07-13,Male,35,Chennai,Tamil Nadu,Paid Ads
C01458,2026-02-14,Female,36,Guwahati,Assam,Referral
C01396,2024-08-20,Female,33,Bengaluru,Karnataka,Organic Search
C00265,2025-05-18,Male,36,Guwahati,Assam,Paid Ads
C02414,2024-12-02,Male,,Mumbai,Maharashtra,Referral
C00930,2024-11-28,Female,39,Bengaluru,Karnataka,Paid Ads
C03079,2025-11-13,Female,,Guwahati,Assam,Paid Ads
C02711,2025-10-30,Female,24,Kochi,Kerala,Paid Ads
C00247,2026-05-01,Female,29,Bengaluru,Karnataka,Paid Ads
C03611,2026-01-09,Male,36,Ahmedabad,Gujarat,Organic Search
C01759,2026-04-15,Female,28,Patna,Bihar,Organic Search
C04878,2026-06-21,Female,45,Ahmedabad,Gujarat,Social Media
C04851,2025-02-27,Male,30,Nagpur,Maharashtra,Social Media
C00924,2025-08-21,Male,18,Guwahati,Assam,Organic Search
C04287,2025-03-12,Male,35,Mysuru,Karnataka,Social Media
C00269,2025-03-15,Female,38,Guwahati,Assam,Referral
C00670,2026-04-18,Male,30,Lucknow,,Social Media
C02754,2025-01-04,Female,29,Noida,Uttar Pradesh,Social Media
C01911,2026-04-23,Male,21,Mumbai,Maharashtra,Social Media
C04773,2025-09-17,Male,31,kochi,Kerala,Social Media
C01153,2025-09-08,Female,40,Nagpur,Maharashtra,Organic Search
C04830,2024-04-06,Male,43,Mumbai,Maharashtra,Organic Search
C03474,2024-11-04,Female,40,Bhopal,Madhya Pradesh,Social Media
C04254,2026-01-11,Female,41,Faridabad,Haryana,Paid Ads
C03899,2025-11-15,Female,24,Bengaluru,Karnataka,Social Media
C02437,2026-02-10,Male,31,Bengaluru,,Organic Search
C03001,2025-12-12,Female,28,Mumbai,Maharashtra,Social Media
C01916,2025-12-31,Male,26,Visakhapatnam,Andhra Pradesh,Organic Search
C00613,2026-01-08,Male,46,Coimbatore,Tamil Nadu,Organic Search
C02424,2026-07-06,Female,34,gurugram,Haryana,Social Media
C03782,2026-03-21,Female,31,Kochi,Kerala,Organic Search
C01899,2025-10-09,Female,29,Gurugram,Haryana,Referral
C01650,2025-08-28,Male,28,Gurugram,Haryana,Paid Ads
C03493,2024-12-08,Male,25,Noida,Uttar Pradesh,Organic Search
C00259,2026-04-21,Female,29,Indore,Madhya Pradesh,Paid Ads
C00848,2026-02-04,Female,40,Bengaluru,Karnataka,Paid Ads
C04264,2024-10-11,Female,29,Jaipur,Rajasthan,Paid Ads
C01234,2025-12-29,Male,37,Kanpur,Uttar Pradesh,Social Media
C01128,2026-06-18,Female,26,Ahmedabad,Gujarat,Organic Search
C01968,2025-08-22,Male,45,pune,Maharashtra,Paid Ads
C00559,2025-05-29,Male,47,Visakhapatnam,Andhra Pradesh,Paid Ads
C03927,2025-08-03,Male,31,Noida,Uttar Pradesh,Referral
C00485,2024-09-27,Male,53,Lucknow,Uttar Pradesh,Organic Search
C01321,2026-06-08,Female,34,jaipur,Rajasthan,Paid Ads
C02371,2025-02-09,Female,34,faridabad,Haryana,Email
C00008,2026-02-13,Female,24,Thiruvananthapuram,Kerala,Organic Search
C03545,2025-11-18,Female,19,Mysuru,Karnataka,Paid Ads
C03208,2025-04-04,Female,37,Surat,Gujarat,Social Media
C01451,2025-02-26,Female,39,Indore,Madhya Pradesh,Social Media
C04002,2026-06-06,Male,39,Nagpur,Maharashtra,Paid Ads
C01815,2024-11-07,Female,28,Chennai,Tamil Nadu,Email
C00774,2026-03-13,Female,29,Lucknow,Uttar Pradesh,Paid Ads
C01012,2026-01-26,Male,23,Lucknow,Uttar Pradesh,Organic Search
C02837,2024-05-10,Male,18,Ranchi,Jharkhand,Organic Search
C02466,2024-08-11,Male,51,PATNA,Bihar,Organic Search
C01992,2025-09-26,Male,18,Jaipur,Rajasthan,Organic Search
C01278,2026-06-22,Female,51,Chennai,Tamil Nadu,Social Media
C01784,2025-09-16,Female,28,Chandigarh,Chandigarh,Social Media
C03124,2025-06-25,Female,33,Nagpur,Maharashtra,Organic Search
C00447,2026-01-20,Female,26,Chandigarh,Chandigarh,Referral
C00881,2026-07-25,Female,29,Patna,Bihar,Social Media
C04472,2026-06-02,Female,26,Jaipur,Rajasthan,Referral
C00782,2025-12-24,Male,31,Vijayawada,Andhra Pradesh,Organic Search
C01750,2025-04-07,Female,29,Lucknow,Uttar Pradesh,Paid Ads
C03407,2025-09-23,Female,26,Hyderabad,Telangana,Paid Ads
C04894,2025-03-27,Male,25,Kanpur,Uttar Pradesh,Email
C00884,2025-01-25,Male,26,Chandigarh,Chandigarh,Social Media
C02673,2025-10-09,Female,33,Surat,Gujarat,Organic Search
C01092,2025-11-04,Female,33,Mysuru,Karnataka,Paid Ads
C03509,2024-11-20,Female,31,Bhopal,Madhya Pradesh,Organic Search
C00532,2025-11-25,Female,42,Guwahati,Assam,Referral
C04044,2026-04-02,Female,18,Indore,Madhya Pradesh,Paid Ads
C03394,2026-05-15,Male,39,Bhubaneswar,Odisha,Social Media
C04110,2025-06-29,Male,18,GUWAHATI,Assam,Organic Search
C01728,2025-09-16,Other,30,Faridabad,Haryana,Organic Search
C00611,2026-05-18,Male,34,Kolkata,West Bengal,Social Media
C00571,2026-07-08,Female,18,Jaipur,Rajasthan,Paid Ads
C02690,2024-06-16,Female,36,Visakhapatnam,Andhra Pradesh,Social Media
C03047,2026-05-01,Male,18,Surat,Gujarat,Paid Ads
C00344,2025-05-09,Female,27,hyderabad,Telangana,Social Media
C03019,2025-08-04,Female,19,Ahmedabad,Gujarat,Organic Search
C03739,2026-05-14,Female,45,Bengaluru,Karnataka,Social Media
C00435,2025-09-03,Male,18,Surat,Gujarat,Social Media
C01904,2025-10-06,Male,42,Kochi,Kerala,Email
C03826,2024-04-22,Female,38,Vijayawada,Andhra Pradesh,Paid Ads
C03478,2025-07-19,Female,41,Ranchi,Jharkhand,Paid Ads
C02070,2024-06-16,Male,18,Bhopal,Madhya Pradesh,Organic Search
C01538,2025-06-09,Female,23,Hyderabad,Telangana,Organic Search
C02270,2025-01-23,Female,23,Kanpur,Uttar Pradesh,Email
C04972,2026-01-01,Female,40,Hyderabad,Telangana,Paid Ads
C01518,2024-04-10,Male,34,Indore,Madhya Pradesh,Paid Ads
C00966,2024-09-27,Female,50,Ranchi,Jharkhand,Social Media
C04419,2026-06-02,Female,37,Noida,Uttar Pradesh,Organic Search
C00529,2025-10-13,Female,29,Kanpur,Uttar Pradesh,Paid Ads
C00177,2025-08-15,Male,36,Thiruvananthapuram,Kerala,Organic Search
C03502,2024-11-23,Male,28,guwahati,Assam,Paid Ads
C02562,2025-06-12,Male,28,Noida,Uttar Pradesh,Organic Search
C04310,2025-12-27,,30,Gurugram,Haryana,Paid Ads
C00573,2025-05-27,Male,65,Bengaluru,Karnataka,Email
C02317,2026-03-01,Male,33,Bhopal,Madhya Pradesh,Paid Ads
C03528,2025-09-06,Male,32,Hyderabad,Telangana,Email
C02477,2025-11-11,Female,29,Patna,Bihar,Organic Search
C03915,2025-10-01,Male,30,Guwahati,Assam,Social Media
C02601,2026-03-31,Female,21,Chennai,Tamil Nadu,Paid Ads
C02209,2025-03-29,Male,37,Vijayawada,Andhra Pradesh,Referral
C02584,2026-04-02,Other,26,Noida,Uttar Pradesh,Organic Search
C02884,2026-03-19,Male,35,Lucknow,Uttar Pradesh,Referral
C00384,2025-10-05,Female,32,Kolkata,West Bengal,Paid Ads
C00853,2025-10-25,Male,26,Delhi,Delhi,Referral
C01881,2026-03-16,Male,23,Mysuru,Karnataka,Paid Ads
C00371,2025-08-04,Female,36,Mysuru,Karnataka,Referral
C02396,2025-08-06,Male,25,Bhopal,Madhya Pradesh,Email
C04336,2025-09-13,Male,27,Ranchi,Jharkhand,Paid Ads
C01106,2026-05-11,Female,32,Kolkata,West Bengal,Referral
C02590,2026-01-17,Male,28,Guwahati,Assam,Paid Ads
C03968,2026-07-05,Female,44,Delhi,Delhi,Referral
C01337,2025-03-10,Male,37,Guwahati,Assam,Paid Ads
C02190,2025-07-24,Female,32,Chandigarh,Chandigarh,Organic Search
C04607,2025-10-24,Female,29,Indore,Madhya Pradesh,Organic Search
C04168,2024-12-17,Male,33,Kanpur,Uttar Pradesh,Organic Search
C04504,2025-11-23,Female,34,Lucknow,Uttar Pradesh,Paid Ads
C02949,2025-11-20,Female,31,noida,Uttar Pradesh,Paid Ads
C04861,2024-12-21,Male,31,Nagpur,Maharashtra,Referral
C01172,2026-02-14,Female,28,Noida,Uttar Pradesh,Organic Search
C03613,2024-03-26,Male,30,Faridabad,Haryana,Organic Search
C04896,2025-12-28,Female,25,Surat,Gujarat,Organic Search
C01423,2024-09-02,Male,33,Vijayawada,Andhra Pradesh,Social Media
C04533,2026-01-21,Male,35,Kolkata,West Bengal,Social Media
C02670,2025-06-03,Female,18,Kolkata,West Bengal,Organic Search
C04167,2025-01-03,Female,53,Chandigarh,Chandigarh,Paid Ads
C01465,2026-03-02,Female,32,Gurugram,Haryana,Social Media
C00875,2026-04-15,Male,20,Kochi,Kerala,Paid Ads
C02342,2025-10-01,Female,40,Hyderabad,Telangana,Organic Search
C04353,2025-09-19,Female,38,Ranchi,Jharkhand,Social Media
C01252,2025-12-10,Male,20,Bengaluru,Karnataka,Social Media
C03138,2026-06-11,Male,31,Hyderabad,Telangana,Paid Ads
C00841,2025-08-16,Female,34,Gurugram,Haryana,Organic Search
C04611,2025-12-19,,22,Coimbatore,Tamil Nadu,Organic Search
C00582,2025-06-30,Female,22,Surat,Gujarat,Organic Search
C00205,2024-07-22,Female,41,Bengaluru,Karnataka,Referral
C01642,2025-03-12,Female,30,Ahmedabad,Gujarat,Email
C02015,2025-06-12,Male,54,Chennai,Tamil Nadu,Paid Ads
C00906,2025-09-15,Male,26,Vijayawada,Andhra Pradesh,Referral
C00632,2024-07-03,Male,24,Udaipur,Rajasthan,Paid Ads
C03517,2026-01-18,Female,46,Lucknow,Uttar Pradesh,Organic Search
C01975,2025-09-29,Female,34,Kochi,Kerala,Organic Search
C00163,2024-05-11,Female,35,Noida,Uttar Pradesh,Paid Ads
C03935,2026-01-08,Male,34,Gurugram,Haryana,Referral
C02883,2025-08-26,Female,34,Chandigarh,Chandigarh,Social Media
C04508,2026-03-29,Male,46,Vijayawada,Andhra Pradesh,Paid Ads
C00618,2025-03-08,Male,27,Indore,Madhya Pradesh,Social Media
C04090,2024-10-12,,37,Patna,Bihar,Paid Ads
C01432,2026-02-03,Male,35,Chennai,Tamil Nadu,Social Media
C00548,2025-09-18,Male,30,Patna,Bihar,Organic Search
C03353,2024-05-22,Female,33,BENGALURU,Karnataka,Paid Ads
C04559,2025-11-08,Female,43,Hyderabad,Telangana,Social Media
C04246,2025-07-29,Male,30,Patna,Bihar,Email
C02405,2025-11-09,Male,45,Delhi,Delhi,Organic Search
C02684,2025-01-02,Female,32,Bengaluru,Karnataka,Organic Search
C03559,2025-04-20,Male,18,Delhi,Delhi,Social Media
C04087,2024-10-11,Female,33,Mumbai,Maharashtra,Paid Ads
C01862,2024-08-20,Male,34,Mysuru,Karnataka,Social Media
C00641,2025-08-04,Female,40,Kochi,Kerala,Organic Search
C03809,2024-11-16,Female,20,Delhi,Delhi,Organic Search
C00638,2026-04-10,Female,18,Ahmedabad,Gujarat,Email
C03537,2024-07-15,Female,36,Udaipur,Rajasthan,Organic Search
C03932,2024-01-28,Female,18,Delhi,Delhi,Social Media
C03774,2026-01-25,Male,,Bhopal,Madhya Pradesh,Paid Ads
C02097,2025-08-06,Female,29,Mumbai,Maharashtra,Paid Ads
C02568,2025-11-11,Male,27,Ahmedabad,Gujarat,Email
C03383,2025-07-25,Male,44,Guwahati,Assam,Organic Search
C04943,2025-08-16,Male,32,Chandigarh,Chandigarh,Paid Ads
C02860,2024-07-24,Female,18,Faridabad,Haryana,Paid Ads
C00922,2025-03-08,Male,41,Gurugram,Haryana,Paid Ads
C00547,2025-08-15,Female,24,Pune,Maharashtra,Paid Ads
C04446,2025-06-23,Male,,Lucknow,Uttar Pradesh,Organic Search
C01901,2025-06-01,Male,40,Chandigarh,Chandigarh,Social Media
C02029,2024-10-30,Male,30,Mumbai,Maharashtra,Referral
C02302,2026-06-24,Male,32,Thiruvananthapuram,Kerala,Paid Ads
C01886,2026-05-24,Female,35,Coimbatore,Tamil Nadu,Paid Ads
C01643,2025-10-15,Male,18,Vijayawada,Andhra Pradesh,Social Media
C03529,2025-03-09,Female,25,Surat,,Social Media
C04822,2025-09-24,Male,46,Hyderabad,Telangana,Organic Search
C02098,2025-01-16,Male,36,Chennai,Tamil Nadu,Organic Search
C04370,2026-01-01,Male,24,Ahmedabad,Gujarat,Social Media
C04829,2025-06-25,Female,39,Faridabad,Haryana,Social Media
C04507,2025-09-06,Male,34,Gurugram,Haryana,Paid Ads
C04980,2025-05-14,Male,29,Chennai,Tamil Nadu,Paid Ads
C00837,2025-12-18,Female,30,Patna,Bihar,Paid Ads
C00602,2026-03-22,Male,24,Faridabad,Haryana,Organic Search
C02185,2026-04-24,Male,47,Hyderabad,Telangana,Paid Ads
C03887,2024-12-02,,38,AHMEDABAD,Gujarat,Social Media
C02499,2024-11-16,Female,35,Indore,Madhya Pradesh,Social Media
C04320,2025-11-26,Other,18,Mysuru,Karnataka,Social Media
C01583,2025-01-16,Female,24,Noida,Uttar Pradesh,Organic Search
C04279,2024-11-15,Female,18,Surat,Gujarat,Organic Search
C04258,2024-07-21,Other,,Guwahati,Assam,Paid Ads
C02744,2025-08-31,Female,34,Mumbai,Maharashtra,Organic Search
C01071,2024-04-04,Male,35,Jaipur,Rajasthan,Referral
C01776,2024-07-07,Male,28,Bhubaneswar,Odisha,Paid Ads
C04821,2026-01-19,Other,44,Udaipur,Rajasthan,Paid Ads
C01284,2024-11-30,Male,22,Nagpur,Maharashtra,Organic Search
C04170,2026-02-15,Male,32,Faridabad,Haryana,Paid Ads
C04766,2025-08-15,Female,29,Surat,Gujarat,Paid Ads
C01837,2026-05-07,Female,29,Thiruvananthapuram,Kerala,Social Media
C04255,2024-12-04,Male,45,Vijayawada,Andhra Pradesh,Paid Ads
C01020,2025-11-14,Female,25,Nagpur,Maharashtra,Organic Search
C03713,2025-01-20,Male,41,Chandigarh,Chandigarh,Social Media
C01327,2026-06-29,,40,Jaipur,Rajasthan,Social Media
C00476,2025-03-07,Male,24,Chandigarh,Chandigarh,Email
C03467,2025-12-09,Female,24,Kochi,Kerala,Paid Ads
C01652,2025-06-24,Female,23,Bhubaneswar,Odisha,Social Media
C04020,2026-02-08,Male,23,Nagpur,Maharashtra,Organic Search
C04948,2024-08-13,Male,39,Thiruvananthapuram,Kerala,Organic Search
C02629,2025-10-28,Female,29,Vijayawada,Andhra Pradesh,Organic Search
C03180,2025-09-10,Male,48,Kanpur,Uttar Pradesh,Organic Search
C02828,2025-10-01,,46,Nagpur,Maharashtra,Organic Search
C01374,2024-05-02,Male,39,Pune,Maharashtra,Paid Ads
C00740,2026-02-21,Male,39,Thiruvananthapuram,Kerala,Social Media
C03640,2026-01-08,Male,40,Guwahati,Assam,Paid Ads
C02458,2026-05-25,Female,30,Faridabad,Haryana,Paid Ads
C00868,2026-07-02,Male,21,Noida,Uttar Pradesh,Paid Ads
C01141,2024-09-14,Male,30,Mysuru,Karnataka,Organic Search
C00998,2025-12-18,Male,25,Patna,Bihar,Social Media
C01338,2026-03-20,Female,18,Patna,Bihar,Organic Search
C00542,2024-08-02,Male,36,thiruvananthapuram,Kerala,Email
C01100,2026-05-07,Female,18,Bhubaneswar,Odisha,Paid Ads
C01133,2026-07-03,Female,36,Bhopal,Madhya Pradesh,Organic Search
C04086,2025-12-25,Male,33,Chennai,Tamil Nadu,Paid Ads
C04711,2026-06-07,Female,37,Faridabad,Haryana,Email
C02259,2025-12-27,Other,46,Mumbai,Maharashtra,Paid Ads
C04009,2025-12-13,Male,35,Lucknow,Uttar Pradesh,Organic Search
C00060,2026-07-23,Female,46,Udaipur,Rajasthan,Social Media
C03920,2025-02-07,Male,21,Bhopal,Madhya Pradesh,Social Media
C01939,2024-10-17,Female,29,Noida,Uttar Pradesh,Paid Ads
C02595,2026-05-09,Female,48,Bhopal,Madhya Pradesh,Referral
C04949,2026-04-25,Male,23,Nagpur,Maharashtra,Organic Search
C01079,2025-01-20,,35,Guwahati,Assam,Social Media
C03292,2025-06-11,Female,36,Faridabad,Haryana,Paid Ads
C03146,2025-11-30,,37,Surat,Gujarat,Social Media
C02506,2024-01-22,Female,43,Vijayawada,Andhra Pradesh,Organic Search
C00941,2025-11-04,Female,31,Ranchi,,Referral
C01081,2026-06-10,Female,38,Udaipur,Rajasthan,Social Media
C00188,2025-05-18,Female,19,Kolkata,West Bengal,Paid Ads
C04811,2026-01-06,Male,34,Bhopal,Madhya Pradesh,Referral
C02086,2026-03-24,Female,48,Vijayawada,Andhra Pradesh,Referral
C02250,2026-06-15,Male,30,Delhi,Delhi,Paid Ads
C04903,2024-08-12,Female,,Ahmedabad,Gujarat,Referral
C02024,2026-05-07,Male,20,Guwahati,Assam,Organic Search
C02701,2025-09-10,,18,Thiruvananthapuram,Kerala,Organic Search
C04070,2026-03-11,Male,44,Pune,Maharashtra,Referral
C04471,2024-11-20,Male,30,Mysuru,Karnataka,Organic Search
C00227,2026-05-26,Female,31,Bengaluru,,Social Media
C03323,2025-12-30,Female,32,Nagpur,Maharashtra,Referral
C01930,2026-03-03,Male,28,Bhopal,Madhya Pradesh,Social Media
C04956,2024-04-16,Male,31,Chennai,Tamil Nadu,Organic Search
C04502,2026-01-19,Male,32,Surat,Gujarat,Referral
C01405,2025-11-15,Female,34,Mysuru,Karnataka,Paid Ads
C02180,2025-06-03,Female,28,bengaluru,Karnataka,Social Media
C00698,2025-03-04,Female,39,Jaipur,Rajasthan,Paid Ads
C01125,2024-09-26,Male,27,Kolkata,West Bengal,Organic Search
C02814,2024-07-22,Female,42,Pune,Maharashtra,Paid Ads
C02938,2025-07-18,Male,23,Kanpur,Uttar Pradesh,Organic Search
C01779,2024-06-25,Male,29,Pune,Maharashtra,Paid Ads
C02877,2025-08-31,Male,18,Lucknow,Uttar Pradesh,Social Media
C01038,2025-04-18,Male,25,Kanpur,Uttar Pradesh,Social Media
C04495,2024-02-18,Male,33,Ahmedabad,Gujarat,Social Media
C02257,2025-02-10,Male,21,Vijayawada,Andhra Pradesh,Referral
C00314,2026-07-22,Male,36,Bhubaneswar,Odisha,Paid Ads
C02282,2024-09-08,Female,18,Chandigarh,Chandigarh,Email
C01417,2024-06-25,Female,32,surat,Gujarat,Social Media
C01037,2024-11-17,Male,46,Vijayawada,Andhra Pradesh,Social Media
C02160,2025-05-16,Female,34,Bengaluru,Karnataka,Social Media
C04175,2025-01-07,Male,30,Vijayawada,Andhra Pradesh,Paid Ads
C01755,2024-11-11,Male,21,Noida,Uttar Pradesh,Paid Ads
C03131,2025-02-10,Male,30,Indore,Madhya Pradesh,Referral
C04451,2024-12-19,Female,18,Surat,Gujarat,Paid Ads
C04366,2025-06-05,Female,40,Delhi,Delhi,Organic Search
C03226,2026-05-10,Male,26,Patna,Bihar,Organic Search
C04907,2025-07-03,Male,34,Thiruvananthapuram,Kerala,Referral
C04321,2025-08-13,Female,41,Bhopal,Madhya Pradesh,Paid Ads
C01507,2024-09-16,Male,47,Guwahati,Assam,Referral
C01924,2026-04-14,Male,28,VISAKHAPATNAM,Andhra Pradesh,Paid Ads
C00449,2024-11-15,Female,37,Thiruvananthapuram,Kerala,Social Media
C02461,2025-07-05,Female,26,Nagpur,Maharashtra,Social Media
C02946,2024-10-04,Male,27,Chennai,Tamil Nadu,Social Media
C04982,2026-03-12,Female,25,Chennai,Tamil Nadu,Referral
C03485,2024-07-01,Male,36,Mumbai,Maharashtra,Social Media
C00362,2026-03-25,Female,28,Bhubaneswar,Odisha,Referral
C02184,2026-01-10,Male,23,Nagpur,Maharashtra,Social Media
C01135,2025-09-14,Male,24,Kochi,Kerala,Organic Search
C03902,2025-08-13,Female,34,Hyderabad,Telangana,Social Media
C02156,2026-07-05,Male,37,Bengaluru,Karnataka,Social Media
C01831,2025-07-02,Female,32,Bhopal,Madhya Pradesh,Social Media
C01054,2025-07-03,Other,27,Mysuru,Karnataka,Referral
C00023,2026-04-13,Male,32,Lucknow,Uttar Pradesh,Organic Search
C02067,2025-07-20,Female,24,Faridabad,Haryana,Organic Search
C01654,2024-09-10,Female,34,Bhopal,Madhya Pradesh,Organic Search
C02606,2024-07-18,Female,21,Bhopal,Madhya Pradesh,Social Media
C04422,2025-02-24,Female,25,Udaipur,Rajasthan,Paid Ads
C02816,2026-07-17,Female,35,Visakhapatnam,Andhra Pradesh,Referral
C04702,2026-06-24,Male,30,Vijayawada,Andhra Pradesh,Paid Ads
C02326,2025-10-06,Female,44,Chennai,Tamil Nadu,Referral
C00461,2026-04-24,Female,33,Bhubaneswar,Odisha,Paid Ads
C01068,2025-11-19,Female,25,Jaipur,Rajasthan,Paid Ads
C00088,2025-10-16,Male,48,Chandigarh,Chandigarh,Organic Search
C01431,2024-12-14,Other,27,Hyderabad,Telangana,Paid Ads
C02781,2026-02-07,,43,Mysuru,Karnataka,Email
C00283,2026-02-19,Female,33,Thiruvananthapuram,Kerala,Email
C00463,2025-07-14,Male,18,Noida,Uttar Pradesh,Organic Search
C00213,2025-09-10,Male,44,Surat,Gujarat,Paid Ads
C03966,2025-06-13,Female,45,Ranchi,,Social Media
C01369,2025-05-28,Male,28,Kochi,Kerala,Email
C00235,2025-12-03,Female,34,Nagpur,Maharashtra,Social Media
C02789,2025-05-12,Male,28,Ahmedabad,Gujarat,Social Media
C00598,2025-11-13,Male,19,Jaipur,Rajasthan,Organic Search
C04433,2025-09-02,Male,34,Faridabad,Haryana,Referral
C02251,2026-02-13,Female,27,Kanpur,Uttar Pradesh,Social Media
C04053,2025-05-25,Male,21,Mysuru,Karnataka,Social Media
C02284,2025-05-21,Male,41,Delhi,Delhi,Paid Ads
C00663,2026-06-08,,36,Surat,Gujarat,Social Media
C04976,2024-08-09,Male,18,Lucknow,Uttar Pradesh,Social Media
C02286,2025-09-28,Female,19,Mysuru,Karnataka,Referral
C04729,2024-11-25,Female,18,Kolkata,West Bengal,Organic Search
C03631,2025-02-28,Male,41,Mumbai,Maharashtra,Organic Search
C02521,2025-05-27,,31,Hyderabad,Telangana,Paid Ads
C03451,2025-12-26,Male,43,Kochi,Kerala,Paid Ads
C00780,2025-11-10,Male,42,Patna,Bihar,Paid Ads
C03560,2025-07-07,Male,33,Bhopal,Madhya Pradesh,Paid Ads
C04734,2025-11-08,Male,36,Coimbatore,Tamil Nadu,Paid Ads
C03306,2025-01-19,Male,21,Visakhapatnam,Andhra Pradesh,Paid Ads
C03215,2025-12-16,Male,18,Thiruvananthapuram,Kerala,Referral
C04848,2025-05-21,Female,31,Delhi,Delhi,Organic Search
C00686,2025-06-11,Male,26,Thiruvananthapuram,Kerala,Paid Ads
C03188,2025-05-07,Male,23,Jaipur,,Organic Search
C02766,2025-02-07,Male,29,Chennai,Tamil Nadu,Social Media
C03952,2026-03-06,Female,18,Visakhapatnam,Andhra Pradesh,Organic Search
C02172,2025-10-02,Female,39,Faridabad,Haryana,Paid Ads
C02686,2025-02-03,Male,30,Mysuru,Karnataka,Referral
C01851,2026-03-30,Female,18,Vijayawada,Andhra Pradesh,Organic Search
C00488,2025-10-02,Female,27,Mysuru,Karnataka,Email
C01689,2025-10-26,Female,39,Faridabad,Haryana,Organic Search
C02231,2024-07-05,Female,33,Pune,Maharashtra,Paid Ads
C03283,2025-12-04,Female,39,Vijayawada,Andhra Pradesh,Organic Search
C02321,2025-05-25,Male,31,Kolkata,West Bengal,Paid Ads
C00783,2024-12-10,Female,19,Kochi,Kerala,Organic Search
C00522,2025-09-18,Male,19,Kochi,Kerala,Paid Ads
C00523,2026-03-04,Male,45,Thiruvananthapuram,Kerala,Organic Search
C02856,2025-09-02,Female,24,Kolkata,West Bengal,Paid Ads
C03974,2025-07-15,Female,29,Ranchi,Jharkhand,Social Media
C02399,2025-03-02,Male,27,Chennai,Tamil Nadu,Referral
C02208,2024-08-24,Female,28,Indore,Madhya Pradesh,Paid Ads
C03497,2026-06-15,Male,44,Chandigarh,Chandigarh,Paid Ads
C03572,2024-05-24,Male,28,Visakhapatnam,Andhra Pradesh,Social Media
C03759,2025-06-13,Female,35,Bengaluru,Karnataka,Paid Ads
C02933,2026-05-07,Male,22,Coimbatore,Tamil Nadu,Organic Search
C01512,2025-07-14,Male,35,Jaipur,Rajasthan,Organic Search
C01883,2024-03-28,Female,28,Visakhapatnam,Andhra Pradesh,Organic Search
C00652,2024-08-23,Male,47,Lucknow,Uttar Pradesh,Email
C02805,2024-10-25,Male,30,Noida,Uttar Pradesh,Social Media
C03108,2024-05-02,Male,,Mysuru,Karnataka,Paid Ads
C00370,2026-03-27,Female,18,Jaipur,Rajasthan,Paid Ads
C03890,2024-08-13,Male,27,Gurugram,Haryana,Organic Search
C00119,2026-04-10,Female,33,Pune,Maharashtra,Social Media
C03339,2024-12-12,Male,18,Vijayawada,Andhra Pradesh,Paid Ads
C03140,2025-10-16,Male,18,Faridabad,Haryana,Paid Ads
C02217,2026-02-17,Female,40,Indore,Madhya Pradesh,Email
C03581,2024-10-18,Female,,Ahmedabad,Gujarat,Social Media
C01614,2025-01-16,Female,33,Nagpur,Maharashtra,Paid Ads
C03389,2025-12-01,Male,39,LUCKNOW,Uttar Pradesh,Social Media
C00963,2026-06-28,Female,31,Kolkata,West Bengal,Referral
C02511,2025-06-15,Male,31,Bhopal,Madhya Pradesh,Organic Search
C03567,2025-06-07,Male,18,Guwahati,Assam,Paid Ads
C02842,2025-07-03,Female,39,Ahmedabad,Gujarat,Paid Ads
C03464,2025-02-11,Female,35,Delhi,Delhi,Paid Ads
C03051,2026-03-13,Female,29,Surat,Gujarat,Email
C02416,2025-01-24,Female,27,Jaipur,,Social Media
C04667,2024-09-14,Female,46,Vijayawada,Andhra Pradesh,Organic Search
C04249,2025-11-08,Female,18,Lucknow,,Organic Search
C02186,2024-07-21,Female,29,Thiruvananthapuram,Kerala,Referral
C04610,2025-09-03,Female,44,Mumbai,Maharashtra,Referral
C02038,2025-01-01,Male,36,Ahmedabad,Gujarat,Social Media
C04274,2025-11-26,Male,44,Indore,Madhya Pradesh,Paid Ads
C00773,2025-04-05,Female,25,Mumbai,Maharashtra,Referral
C01285,2025-01-05,,18,Noida,Uttar Pradesh,Organic Search
C04616,2025-01-22,Male,,Udaipur,Rajasthan,Paid Ads
C04749,2025-09-16,Male,50,Ahmedabad,Gujarat,Social Media
C04589,2025-02-27,Male,19,Nagpur,Maharashtra,Social Media
C01415,2024-07-09,Male,35,Visakhapatnam,Andhra Pradesh,Email
C01235,2026-05-13,Male,23,Guwahati,Assam,Organic Search
C02779,2025-09-10,Female,38,Ahmedabad,Gujarat,Paid Ads
C00436,2025-11-22,Male,38,Bhopal,Madhya Pradesh,Paid Ads
C01675,2026-03-15,Male,30,Jaipur,Rajasthan,Paid Ads
C00366,2026-05-02,Male,24,Lucknow,Uttar Pradesh,Organic Search
C03711,2025-03-11,Male,44,Delhi,Delhi,Paid Ads
C00232,2026-03-16,Female,23,Chandigarh,Chandigarh,Social Media
C04280,2026-04-08,Female,35,Kanpur,Uttar Pradesh,Email
C04063,2026-04-03,,,Ahmedabad,Gujarat,Referral
C04412,2025-09-09,Female,32,Visakhapatnam,Andhra Pradesh,Referral
C00408,2024-01-09,Male,39,Bengaluru,Karnataka,Social Media
C02091,2024-12-16,Female,39,Bengaluru,Karnataka,Referral
C00087,2026-03-29,Male,40,Surat,Gujarat,Organic Search
C00845,2024-12-15,Male,40,patna,Bihar,Social Media
C01032,2024-08-28,Female,45,CHANDIGARH,Chandigarh,Organic Search
C02650,2024-12-30,Male,45,Bhubaneswar,Odisha,Paid Ads
C03814,2025-08-25,Male,33,Patna,Bihar,Referral
C02743,2025-09-07,Female,23,Ahmedabad,Gujarat,Organic Search
C03248,2025-02-20,,31,Chandigarh,Chandigarh,Referral
C02958,2024-07-04,Male,44,Mumbai,Maharashtra,Paid Ads
C00856,2025-06-16,Male,41,Bengaluru,Karnataka,Paid Ads
C00079,2025-08-20,Male,29,Surat,Gujarat,Social Media
C02248,2024-07-07,Male,50,Jaipur,Rajasthan,Paid Ads
C04583,2026-06-02,Male,33,Hyderabad,Telangana,Organic Search
C04225,2025-10-05,Female,38,Delhi,Delhi,Paid Ads
C03732,2026-03-14,Female,45,Patna,Bihar,Paid Ads
C02928,2025-02-18,Female,32,Lucknow,Uttar Pradesh,Paid Ads
C02280,2024-11-27,Female,43,Kolkata,West Bengal,Paid Ads
C04531,2026-03-10,Female,27,Bengaluru,Karnataka,Organic Search
C04263,2026-05-30,Female,34,Chandigarh,Chandigarh,Organic Search
C03892,2025-09-01,Male,40,Patna,Bihar,Organic Search
C04753,2024-09-12,Male,28,Kochi,Kerala,Paid Ads
C02177,2025-11-06,Other,34,Guwahati,Assam,Referral
C00425,2025-06-16,Male,25,Surat,Gujarat,Social Media
C00393,2025-04-16,Male,24,Chandigarh,Chandigarh,Paid Ads
C04739,2025-11-23,Female,24,Chennai,Tamil Nadu,Social Media
C03434,2025-05-12,Male,25,Hyderabad,Telangana,Organic Search
C00105,2026-04-29,Male,25,Mysuru,Karnataka,Paid Ads
C02991,2025-05-21,Female,32,Mysuru,Karnataka,Organic Search
C03155,2026-04-08,Female,19,Surat,Gujarat,Paid Ads
C01949,2024-10-06,Male,31,Hyderabad,Telangana,Organic Search
C01460,2025-10-18,Female,33,Coimbatore,Tamil Nadu,Organic Search
C03276,2024-02-26,Male,34,Mysuru,Karnataka,Organic Search
C03251,2026-04-25,Female,32,Faridabad,Haryana,Social Media
C04409,2024-08-16,Female,32,Hyderabad,Telangana,Email
C04802,2026-06-14,Male,41,Gurugram,Haryana,Paid Ads
C01588,2025-01-22,Female,29,Surat,Gujarat,Referral
C03983,2025-04-07,Male,40,Gurugram,Haryana,Organic Search
C01732,2024-04-28,Female,28,Bengaluru,Karnataka,Social Media
C04777,2026-05-11,Female,33,Lucknow,Uttar Pradesh,Social Media
C03735,2025-12-24,Male,41,Jaipur,Rajasthan,Referral
C03703,2025-01-31,Male,31,Kanpur,Uttar Pradesh,Referral
C01792,2025-01-11,Female,45,Visakhapatnam,Andhra Pradesh,Paid Ads
C02356,2025-09-29,Male,46,Faridabad,Haryana,Organic Search
C01941,2025-04-23,Male,32,Ranchi,Jharkhand,Organic Search
C00703,2026-04-13,Female,18,Indore,Madhya Pradesh,Paid Ads
C02443,2025-01-04,Male,18,Delhi,Delhi,Organic Search
C04231,2026-04-04,Female,45,Pune,Maharashtra,Referral
C00497,2024-04-02,Male,29,Gurugram,Haryana,Paid Ads
C00465,2026-03-09,Female,20,Noida,Uttar Pradesh,Referral
C02706,2025-04-06,Female,31,Nagpur,Maharashtra,Social Media
C04346,2026-03-25,Female,29,Gurugram,Haryana,Paid Ads
C00173,2025-09-11,Male,32,Nagpur,Maharashtra,Social Media
C03092,2026-06-27,Female,32,Hyderabad,Telangana,Paid Ads
C04809,2026-05-21,Female,18,Mysuru,Karnataka,Social Media
C02541,2025-08-19,Male,18,Indore,Madhya Pradesh,Paid Ads
C03907,2024-08-12,Male,,Udaipur,Rajasthan,Paid Ads
C02969,2026-07-28,Male,35,Coimbatore,Tamil Nadu,Email
C02261,2025-10-08,Male,24,Kochi,Kerala,Organic Search
C02113,2025-10-04,Male,38,Pune,Maharashtra,Organic Search
C00901,2026-01-17,Male,42,Bhubaneswar,Odisha,Paid Ads
C01447,2026-03-28,Male,22,Indore,Madhya Pradesh,Social Media
C03941,2025-07-07,Female,28,Thiruvananthapuram,Kerala,Organic Search
C00742,2024-09-01,Female,35,RANCHI,Jharkhand,Social Media
C02294,2026-04-17,Male,38,Kochi,Kerala,Email
C02453,2025-03-26,Male,30,Nagpur,Maharashtra,Social Media
C02641,2025-03-18,Female,43,Mysuru,Karnataka,Organic Search
C04099,2025-09-14,Female,37,Vijayawada,Andhra Pradesh,Organic Search
C01207,2025-10-02,Female,26,Kochi,,Paid Ads
C00510,2026-01-13,Male,35,Mysuru,Karnataka,Social Media
C02639,2024-06-15,Female,24,Chennai,Tamil Nadu,Paid Ads
C02821,2026-01-15,Female,22,jaipur,Rajasthan,Referral
C03332,2025-05-29,Female,29,Bengaluru,Karnataka,Social Media
C01550,2026-01-19,Female,26,Coimbatore,Tamil Nadu,Paid Ads
C03286,2025-11-13,Male,28,Mysuru,Karnataka,Referral
C02203,2025-11-24,Male,30,Bengaluru,Karnataka,Organic Search
C02567,2024-08-27,Female,24,Ranchi,Jharkhand,Organic Search
C02698,2025-06-26,Male,39,Patna,Bihar,Social Media
C02045,2025-07-22,Female,25,Ranchi,Jharkhand,Social Media
C00768,2026-03-10,Male,18,Ranchi,Jharkhand,Email
C04885,2026-06-07,Female,34,Bengaluru,Karnataka,Paid Ads
C03760,2025-09-25,Female,33,Udaipur,Rajasthan,Referral
C00422,2024-10-01,Male,28,KOLKATA,West Bengal,Organic Search
C00124,2025-03-26,Male,35,Mysuru,Karnataka,Social Media
C04174,2024-11-20,Male,31,Gurugram,Haryana,Social Media
C02647,2024-03-04,Female,33,vijayawada,Andhra Pradesh,Paid Ads
C00820,2024-12-24,Female,33,Vijayawada,Andhra Pradesh,Social Media
C01404,2025-05-23,Female,44,Bengaluru,Karnataka,Referral
C01383,2025-03-25,Female,39,Patna,Bihar,Organic Search
C02149,2026-01-30,Female,32,Ahmedabad,Gujarat,Paid Ads
C01576,2026-06-11,Male,20,Bengaluru,Karnataka,Social Media
C01639,2025-03-17,Female,38,Mysuru,Karnataka,Paid Ads
C01796,2025-05-16,Female,21,Ranchi,Jharkhand,Email
C04828,2026-02-16,Female,28,Ahmedabad,Gujarat,Organic Search
C00400,2026-05-18,Male,18,Kanpur,Uttar Pradesh,Paid Ads
C02311,2025-05-24,Female,43,Mysuru,Karnataka,Paid Ads
C00883,2026-07-14,Male,32,Faridabad,Haryana,Referral
C04986,2025-01-01,Male,26,Mumbai,Maharashtra,Organic Search
C02916,2025-04-15,Female,38,Bhubaneswar,Odisha,Paid Ads
C01353,2025-10-12,Male,31,Udaipur,Rajasthan,Paid Ads
C03889,2026-01-10,Female,39,Delhi,Delhi,Paid Ads
C04563,2025-03-06,Male,30,Ranchi,Jharkhand,Social Media
C02131,2026-05-15,Female,23,Noida,Uttar Pradesh,Organic Search
C00983,2025-01-06,Female,22,Surat,Gujarat,Paid Ads
C00457,2026-01-28,Male,26,Bhopal,,Email
C03551,2025-05-20,Male,41,Chandigarh,Chandigarh,Organic Search
C01080,2025-01-01,,26,Chennai,Tamil Nadu,Referral
C01951,2025-01-06,Female,24,Bhopal,Madhya Pradesh,Social Media
C04327,2026-04-19,Female,26,Indore,Madhya Pradesh,Social Media
C00690,2026-04-04,Female,43,Vijayawada,Andhra Pradesh,Paid Ads
C02430,2025-10-23,Female,38,Hyderabad,Telangana,Email
C00642,2025-05-03,Male,47,Nagpur,Maharashtra,Social Media
C02393,2025-12-04,Male,53,Visakhapatnam,Andhra Pradesh,Organic Search
C01954,2025-08-04,Female,30,Noida,Uttar Pradesh,Paid Ads
C04326,2025-12-13,Male,43,Kolkata,West Bengal,Organic Search
C02785,2025-12-02,Female,42,Jaipur,Rajasthan,Paid Ads
C03454,2025-04-25,Male,32,Bhopal,Madhya Pradesh,Organic Search
C04747,2025-08-06,Male,31,Visakhapatnam,Andhra Pradesh,Paid Ads
C04779,2026-04-22,Male,27,Jaipur,Rajasthan,Organic Search
C02950,2025-07-17,Female,36,Bengaluru,Karnataka,Social Media
C01885,2025-05-18,Male,50,Chandigarh,Chandigarh,Social Media
C00390,2025-04-07,Male,23,Kolkata,West Bengal,Organic Search
C02495,2024-10-06,Male,39,Chandigarh,Chandigarh,Paid Ads
C03136,2024-08-26,Male,39,Nagpur,Maharashtra,Paid Ads
C03189,2026-02-18,Male,31,kanpur,Uttar Pradesh,Paid Ads
C00846,2025-09-03,Male,27,Coimbatore,Tamil Nadu,Organic Search
C00543,2025-11-26,Male,36,Patna,Bihar,Paid Ads
C00092,2025-09-01,Male,23,Kanpur,Uttar Pradesh,Paid Ads
C03911,2026-02-11,Male,27,Guwahati,Assam,Social Media
C01980,2025-03-04,Female,30,Mumbai,Maharashtra,Organic Search
C04693,2026-02-27,Male,48,Chandigarh,Chandigarh,Paid Ads
C04102,2026-04-04,Female,27,Vijayawada,Andhra Pradesh,Email
C03387,2025-11-11,Male,23,Jaipur,Rajasthan,Referral
C02530,2024-12-19,Female,36,Visakhapatnam,Andhra Pradesh,Social Media
C01677,2025-12-20,Male,41,Jaipur,Rajasthan,Paid Ads
C01049,2024-10-16,Male,26,Gurugram,Haryana,Organic Search
C01961,2025-12-12,Male,23,Pune,Maharashtra,Paid Ads
C02531,2026-05-26,Female,30,Surat,Gujarat,Social Media
C04013,2026-01-09,Female,28,Thiruvananthapuram,Kerala,Organic Search
C00238,2026-05-09,Male,18,Bhopal,Madhya Pradesh,Referral
C02985,2025-05-05,Female,47,Faridabad,Haryana,Social Media
C04104,2025-08-16,Female,26,Ahmedabad,Gujarat,Referral
C01134,2025-07-24,Male,18,Gurugram,Haryana,Organic Search
C01806,2025-07-29,Female,30,Thiruvananthapuram,Kerala,Social Media
C04155,2026-01-20,Female,25,Udaipur,Rajasthan,Email
C00164,2025-07-27,Female,37,Delhi,Delhi,Paid Ads
C03660,2026-03-22,Female,30,Ranchi,Jharkhand,Organic Search
C04722,2024-10-15,Male,18,thiruvananthapuram,Kerala,Social Media
C03362,2025-08-03,Female,41,Bhopal,Madhya Pradesh,Social Media
C03472,2024-08-23,,42,Kanpur,Uttar Pradesh,Social Media
C04930,2025-09-04,Male,39,Noida,Uttar Pradesh,Social Media
C03656,2025-11-21,Male,27,Bhopal,Madhya Pradesh,Email
C03961,2025-11-15,Male,40,Mysuru,Karnataka,Social Media
C01812,2025-10-24,Male,29,Indore,Madhya Pradesh,Organic Search
C03129,2024-10-21,Female,39,Thiruvananthapuram,Kerala,Social Media
C03168,2026-06-11,Female,46,Visakhapatnam,Andhra Pradesh,Social Media
C01429,2026-01-18,Female,25,Patna,Bihar,Organic Search
C03635,2024-08-20,Male,41,Kanpur,Uttar Pradesh,Referral
C02818,2025-09-29,Female,30,Vijayawada,Andhra Pradesh,Social Media
C03415,2025-11-03,Male,34,Kochi,Kerala,Email
C04473,2025-10-30,Female,18,Hyderabad,Telangana,Organic Search
C04662,2025-02-22,Male,29,Mumbai,Maharashtra,Paid Ads
C04654,2026-02-09,Male,34,Delhi,Delhi,Organic Search
C01453,2025-04-21,Female,43,COIMBATORE,Tamil Nadu,Email
C00594,2025-07-20,,22,Nagpur,Maharashtra,Paid Ads
C00042,2024-10-15,Male,30,Surat,Gujarat,Organic Search
C00561,2024-07-17,Female,29,Kolkata,West Bengal,Organic Search
C02955,2026-02-02,Male,38,Lucknow,Uttar Pradesh,Paid Ads
C04628,2025-08-04,Female,36,Chandigarh,Chandigarh,Organic Search
C00244,2025-08-14,Female,34,Kochi,Kerala,Organic Search
C01340,2024-04-15,Male,32,Chennai,Tamil Nadu,Social Media
C02917,2025-06-02,Female,36,Patna,Bihar,Social Media
C03165,2025-06-30,Male,38,Bengaluru,Karnataka,Paid Ads
C03821,2026-03-24,Male,29,Bengaluru,Karnataka,Organic Search
C01443,2026-01-31,Male,34,Indore,Madhya Pradesh,Organic Search
C00262,2026-04-03,Female,35,Bhubaneswar,Odisha,Referral
C03964,2025-07-31,Female,28,Mysuru,Karnataka,Referral
C01690,2026-02-23,Male,35,Surat,Gujarat,Social Media
C01726,2025-05-18,Male,32,Vijayawada,Andhra Pradesh,Social Media
C04083,2026-02-26,Male,32,Udaipur,Rajasthan,Paid Ads
C00835,2024-05-22,Male,18,Vijayawada,Andhra Pradesh,Paid Ads
C01867,2025-07-27,Female,32,Bhopal,Madhya Pradesh,Social Media
C02497,2024-06-29,Male,18,Thiruvananthapuram,Kerala,Social Media
C02011,2024-08-02,Male,35,Patna,Bihar,Paid Ads
C00341,2025-02-28,Female,29,Ahmedabad,Gujarat,Organic Search
C03007,2025-03-01,Female,32,Ahmedabad,Gujarat,Email
C01602,2025-06-19,Female,30,Mumbai,Maharashtra,Paid Ads
C03022,2026-06-16,Male,,Faridabad,Haryana,Social Media
C04707,2026-06-08,Male,50,Kanpur,Uttar Pradesh,Social Media
C00481,2025-03-11,Female,25,Ahmedabad,Gujarat,Paid Ads
C02844,2025-04-27,Female,40,Kochi,Kerala,Organic Search
C03922,2025-09-27,Female,31,Bhopal,Madhya Pradesh,Paid Ads
C03413,2025-09-03,Male,28,Surat,Gujarat,Paid Ads
C04651,2025-07-26,Female,21,Jaipur,Rajasthan,Email
C03065,2026-06-21,Male,33,Guwahati,Assam,Referral
C04012,2024-07-09,Male,25,Chandigarh,Chandigarh,Organic Search
C01767,2025-05-01,Male,40,Udaipur,Rajasthan,Organic Search
C04486,2025-08-22,Female,39,Kanpur,Uttar Pradesh,Referral
C02454,2026-04-20,Male,27,Kanpur,Uttar Pradesh,Email
C02896,2026-04-16,Female,18,Chennai,Tamil Nadu,Paid Ads
C03837,2025-04-13,Female,36,Delhi,Delhi,Email
C04038,2026-06-10,Female,33,Bengaluru,Karnataka,Paid Ads
C04690,2025-05-10,Male,30,Bhubaneswar,Odisha,Email
C03871,2025-12-27,Female,34,Udaipur,Rajasthan,Paid Ads
C01272,2024-06-16,Female,25,Coimbatore,Tamil Nadu,Paid Ads
C03096,2025-09-17,Male,29,Bhopal,Madhya Pradesh,Social Media
C04514,2026-03-04,Male,18,Thiruvananthapuram,Kerala,Referral
C03113,2025-09-08,Male,34,Chandigarh,Chandigarh,Email
C04154,2024-11-11,Female,,Gurugram,Haryana,Organic Search
C00348,2024-09-01,Male,42,Kochi,,Social Media
C03903,2025-07-31,Female,30,Kanpur,Uttar Pradesh,Organic Search
C04636,2025-02-23,Female,,Gurugram,Haryana,Social Media
C02563,2026-06-13,Male,18,Ranchi,Jharkhand,Referral
C04603,2025-06-01,Male,18,Vijayawada,Andhra Pradesh,Social Media
C01424,2026-03-01,Male,26,Chandigarh,Chandigarh,Organic Search
C00657,2025-05-07,Female,18,Bhopal,Madhya Pradesh,Organic Search
C02103,2025-08-10,Male,34,Thiruvananthapuram,Kerala,Social Media
C00633,2025-11-05,Female,20,Bhubaneswar,Odisha,Organic Search
C02911,2025-02-01,Female,38,Bhubaneswar,Odisha,Email
C02494,2026-05-08,Female,23,Hyderabad,Telangana,Organic Search
C02666,2025-03-11,Female,28,Surat,Gujarat,Organic Search
C03367,2026-03-07,Other,34,Guwahati,Assam,Social Media
C03684,2025-12-29,Female,26,Gurugram,Haryana,Organic Search
C04148,2025-08-22,Male,25,Mumbai,Maharashtra,Social Media
C03115,2025-12-06,Female,42,Noida,Uttar Pradesh,Organic Search
C03616,2024-07-29,Male,44,Kochi,Kerala,Organic Search
C02501,2026-05-09,Female,32,Jaipur,Rajasthan,Organic Search
C01466,2025-12-09,Female,24,Hyderabad,Telangana,Email
C02852,2024-06-02,Male,29,Guwahati,Assam,Email
C00116,2025-06-28,Male,36,Lucknow,Uttar Pradesh,Social Media
C01822,2025-03-19,Female,24,Indore,Madhya Pradesh,Referral
C01495,2024-11-19,Male,46,Noida,Uttar Pradesh,Social Media
C02402,2025-08-05,Female,35,Mysuru,Karnataka,Organic Search
C01233,2026-01-09,Male,23,Thiruvananthapuram,Kerala,Referral
C02662,2025-11-19,Male,18,Kochi,Kerala,Social Media
C02891,2026-02-03,Male,29,Chennai,Tamil Nadu,Organic Search
C04586,2024-05-12,Female,34,Bhubaneswar,Odisha,Social Media
C01154,2025-07-16,Male,28,KOLKATA,West Bengal,Paid Ads
C03870,2026-01-24,Female,23,Ahmedabad,Gujarat,Paid Ads
C00058,2025-02-13,Female,30,Nagpur,Maharashtra,Paid Ads
C03414,2024-04-09,Male,44,Lucknow,Uttar Pradesh,Referral
C04363,2026-06-13,Female,42,Udaipur,Rajasthan,Organic Search
C04958,2025-06-16,,33,Pune,Maharashtra,Paid Ads
C01736,2025-02-21,Female,37,Bengaluru,Karnataka,Organic Search
C02197,2024-12-22,Male,30,Guwahati,Assam,Paid Ads
C04081,2026-03-20,Male,38,Mysuru,Karnataka,Paid Ads
C02476,2024-05-05,Male,20,Thiruvananthapuram,Kerala,Paid Ads
C02565,2024-07-20,Female,18,Ranchi,Jharkhand,Email
C03177,2025-11-24,Female,31,Surat,Gujarat,Paid Ads
C04056,2025-10-11,Female,39,Faridabad,Haryana,Social Media
C03677,2025-12-14,Male,38,Gurugram,Haryana,Paid Ads
C00708,2026-07-24,Female,41,Nagpur,Maharashtra,Organic Search
C04293,2026-02-16,Other,49,Patna,Bihar,Social Media
C01094,2025-02-14,Male,43,Gurugram,Haryana,Referral
C04855,2026-04-03,Female,39,Kanpur,Uttar Pradesh,Organic Search
C01377,2025-04-01,Male,43,Surat,Gujarat,Referral
C04926,2026-05-28,Female,40,Gurugram,Haryana,Referral
C00073,2026-01-12,Male,27,Chennai,Tamil Nadu,Social Media
C01923,2025-12-26,Male,56,Mysuru,Karnataka,Paid Ads
C03425,2024-04-22,Male,31,Ahmedabad,Gujarat,Paid Ads
C01765,2025-10-20,Male,47,Delhi,Delhi,Social Media
C00744,2024-04-28,Male,26,Kochi,Kerala,Paid Ads
C03381,2024-10-15,Female,42,Surat,Gujarat,Email
C01006,2024-10-09,Female,31,Faridabad,Haryana,Social Media
C02669,2025-05-24,Male,32,Visakhapatnam,Andhra Pradesh,Referral
C01191,2024-12-19,Female,37,gurugram,Haryana,Paid Ads
C03209,2024-09-07,Male,42,Coimbatore,Tamil Nadu,Referral
C02602,2025-09-26,Male,18,delhi,Delhi,Paid Ads
C01126,2025-06-20,Female,41,Hyderabad,,Paid Ads
C01242,2025-08-01,Male,22,Noida,Uttar Pradesh,Paid Ads
C02868,2025-11-07,Male,28,Bhopal,Madhya Pradesh,Social Media
C04142,2024-11-20,,34,Jaipur,Rajasthan,Referral
C03461,2026-05-16,Female,38,kanpur,Uttar Pradesh,Paid Ads
C00999,2026-03-09,Female,21,Chandigarh,Chandigarh,Email
C03405,2025-11-09,Male,32,Surat,Gujarat,Organic Search
C02685,2026-06-09,Male,26,Kanpur,Uttar Pradesh,Organic Search
C01578,2025-05-29,Female,36,Gurugram,Haryana,Referral
C04803,2026-01-09,Female,44,Chandigarh,Chandigarh,Paid Ads
C01827,2026-05-22,Male,43,Gurugram,Haryana,Social Media
C03987,2024-05-28,Male,41,Jaipur,Rajasthan,Social Media
C01377,2025-04-01,Male,43,Surat,Gujarat,Referral
C03556,2025-01-24,Male,22,Udaipur,Rajasthan,Paid Ads
C00441,2025-09-07,Other,35,Chennai,Tamil Nadu,Organic Search
C04964,2026-03-18,Female,39,Noida,Uttar Pradesh,Paid Ads
C01101,2025-06-16,Female,23,Bengaluru,Karnataka,Social Media
C04032,2026-01-13,Male,31,Guwahati,Assam,Organic Search
C03077,2025-04-06,Male,18,Thiruvananthapuram,Kerala,Referral
C00650,2024-06-10,,34,Lucknow,Uttar Pradesh,Paid Ads
C01547,2025-05-01,,44,Patna,Bihar,Referral
C03558,2025-05-09,Other,,Pune,Maharashtra,Paid Ads
C04367,2025-06-10,Male,21,NOIDA,Uttar Pradesh,Social Media
C03205,2025-07-12,Female,24,Noida,Uttar Pradesh,Social Media
C04195,2026-03-26,Female,22,Ranchi,Jharkhand,Paid Ads
C00631,2025-12-12,Female,27,Ranchi,Jharkhand,Social Media
C00673,2025-06-06,Male,36,Chandigarh,Chandigarh,Organic Search
C01250,2025-04-30,Female,47,THIRUVANANTHAPURAM,Kerala,Organic Search
C00483,2025-10-11,Male,38,Bhubaneswar,Odisha,Paid Ads
C01585,2024-11-22,Male,33,Ahmedabad,Gujarat,Social Media
C00330,2026-03-20,Male,25,Vijayawada,Andhra Pradesh,Social Media
C04640,2026-02-25,Male,23,Kolkata,West Bengal,Paid Ads
C03363,2026-06-20,Female,32,Udaipur,Rajasthan,Organic Search
C01463,2025-03-11,Female,24,Nagpur,Maharashtra,Paid Ads
C03951,2024-10-29,Male,24,Ahmedabad,Gujarat,Paid Ads
C03750,2026-06-04,Female,37,Lucknow,Uttar Pradesh,Social Media
C02579,2025-10-14,Female,34,Ranchi,Jharkhand,Paid Ads
C03823,2025-07-29,Male,27,Delhi,Delhi,Referral
C00050,2026-07-13,Male,29,Kolkata,West Bengal,Organic Search
C04302,2026-06-05,Female,24,Bengaluru,Karnataka,Social Media
C03075,2025-11-04,Female,18,Vijayawada,Andhra Pradesh,Paid Ads
C00859,2024-09-17,Male,35,Faridabad,Haryana,Social Media
C01073,2026-03-08,Female,42,Kanpur,Uttar Pradesh,Referral
C00720,2025-03-26,Other,26,Gurugram,Haryana,Organic Search
C04700,2025-09-20,Male,43,Kolkata,West Bengal,Paid Ads
C02632,2024-12-26,Female,39,Pune,Maharashtra,Referral
C04886,2026-03-04,Female,18,Vijayawada,Andhra Pradesh,Paid Ads
C01661,2025-12-14,,30,Thiruvananthapuram,Kerala,Referral
C01657,2025-12-12,Male,49,Coimbatore,Tamil Nadu,Paid Ads
C02426,2024-11-19,Female,39,Ahmedabad,Gujarat,Organic Search
C03544,2026-01-18,Male,,Noida,Uttar Pradesh,Organic Search
C04241,2024-03-17,Male,25,Ahmedabad,Gujarat,Paid Ads
C04987,2025-12-19,Male,31,Ahmedabad,Gujarat,Email
C04718,2026-06-19,Male,18,Faridabad,Haryana,Social Media
C04902,2025-11-20,Female,18,Delhi,Delhi,Paid Ads
C03324,2026-05-13,Female,21,Bengaluru,Karnataka,Organic Search
C04764,2024-12-22,,25,Bengaluru,Karnataka,Social Media
C04138,2025-05-26,Male,35,Bhubaneswar,Odisha,Organic Search
C02607,2026-01-27,Male,30,Vijayawada,Andhra Pradesh,Paid Ads
C01386,2025-12-27,Male,41,Surat,Gujarat,Paid Ads
C03857,2025-03-25,Female,20,Coimbatore,Tamil Nadu,Organic Search
C01400,2024-09-19,Female,34,Gurugram,Haryana,Social Media
C01196,2025-05-20,Female,23,Thiruvananthapuram,Kerala,Email
C01409,2024-12-28,Female,58,Chennai,Tamil Nadu,Referral
C03846,2025-09-15,Male,22,Surat,Gujarat,Organic Search
C01799,2025-12-05,Male,19,Gurugram,Haryana,Organic Search
C01476,2026-07-21,Female,33,Nagpur,Maharashtra,Organic Search
C03365,2026-03-24,Female,23,Bengaluru,Karnataka,Paid Ads
C00036,2025-12-12,Male,25,Patna,Bihar,Referral
C03561,2025-12-25,Male,29,Kolkata,West Bengal,Social Media
C02346,2026-01-30,Female,45,Nagpur,Maharashtra,Paid Ads
C03543,2024-06-04,Female,41,Visakhapatnam,Andhra Pradesh,Email
C02360,2025-12-24,Male,18,Delhi,Delhi,Paid Ads
C02207,2024-05-17,Female,43,Bhubaneswar,Odisha,Social Media
C03789,2025-07-28,Female,40,Pune,Maharashtra,Organic Search
C01287,2026-02-05,Female,29,Bhopal,Madhya Pradesh,Organic Search
C00350,2025-09-21,Male,25,Ranchi,Jharkhand,Organic Search
C02138,2026-01-12,Male,28,Ranchi,Jharkhand,Social Media
C02692,2026-03-14,Male,30,Indore,Madhya Pradesh,Organic Search
C02998,2025-01-03,Male,18,Nagpur,Maharashtra,Social Media
C03144,2025-11-13,Male,,Indore,Madhya Pradesh,Organic Search
C01682,2026-02-04,Male,30,Coimbatore,Tamil Nadu,Social Media
C04359,2026-02-12,Male,51,Noida,Uttar Pradesh,Paid Ads
C01444,2024-12-14,Male,18,Coimbatore,Tamil Nadu,Social Media
C04677,2024-02-24,Male,22,Faridabad,,Paid Ads
C01672,2025-01-31,Female,32,Kochi,Kerala,Paid Ads
C03200,2025-04-20,Male,38,PUNE,Maharashtra,Organic Search
C01180,2025-09-10,Female,31,Bhopal,Madhya Pradesh,Organic Search
C02799,2026-05-12,,25,Ranchi,Jharkhand,Organic Search
C01693,2025-05-11,Male,42,Visakhapatnam,Andhra Pradesh,Paid Ads
C03896,2024-08-19,Female,25,Bhopal,Madhya Pradesh,Social Media
C00373,2024-06-19,Female,31,Kanpur,Uttar Pradesh,Paid Ads
C03632,2025-11-01,Male,21,nagpur,Maharashtra,Social Media
C01917,2025-05-18,Female,32,Vijayawada,Andhra Pradesh,Organic Search
C01358,2025-05-03,Male,46,Visakhapatnam,Andhra Pradesh,Paid Ads
C01826,2026-03-25,Male,18,Patna,Bihar,Referral
C00787,2025-08-30,Male,31,jaipur,Rajasthan,Organic Search
C00470,2025-06-09,Female,31,Kochi,Kerala,Referral
C00141,2026-03-14,Male,21,Mysuru,Karnataka,Organic Search
C00789,2025-08-08,Female,28,Chandigarh,Chandigarh,Social Media
C00324,2025-10-11,Female,30,Ahmedabad,Gujarat,Social Media
C00051,2026-02-22,Female,44,Kolkata,West Bengal,Referral
C00715,2026-07-05,,31,Chandigarh,Chandigarh,Paid Ads
C04501,2025-12-22,Female,21,Mumbai,Maharashtra,Paid Ads
C02841,2025-12-16,Male,47,Chandigarh,Chandigarh,Paid Ads
C02447,2025-09-29,Female,25,Mumbai,Maharashtra,Paid Ads
C04826,2025-08-31,,29,Udaipur,Rajasthan,Organic Search
C04432,2026-02-22,Male,36,Kochi,Kerala,Referral
C04609,2026-03-29,Male,35,Chandigarh,Chandigarh,Email
C03704,2026-03-08,Female,24,patna,Bihar,Paid Ads
C02667,2026-05-19,Female,19,Coimbatore,Tamil Nadu,Paid Ads
C00407,2025-08-08,Male,30,Thiruvananthapuram,Kerala,Organic Search
C03378,2025-01-22,Female,32,Bhopal,Madhya Pradesh,Paid Ads
C01005,2025-03-21,Male,34,Bhopal,Madhya Pradesh,Social Media
C03758,2025-06-13,Male,25,Kochi,Kerala,Organic Search
C00891,2025-03-18,Male,37,Thiruvananthapuram,Kerala,Organic Search
C02412,2024-03-07,Male,36,Indore,Madhya Pradesh,Organic Search
C02546,2026-03-24,Female,52,Delhi,Delhi,Email
C03455,2025-03-08,Male,44,Chennai,Tamil Nadu,Paid Ads
C02391,2026-01-19,Male,19,Ahmedabad,Gujarat,Referral
C03962,2024-07-29,Male,31,Indore,Madhya Pradesh,Social Media
C00043,2026-02-07,Male,31,Patna,Bihar,Organic Search
C02831,2025-09-01,Male,44,Surat,Gujarat,Referral
C04804,2024-08-05,Female,25,Chandigarh,Chandigarh,Paid Ads
C00304,2024-06-10,Female,42,Jaipur,Rajasthan,Organic Search
C04526,2025-12-06,Female,36,Coimbatore,Tamil Nadu,Social Media
C03769,2025-10-22,Male,46,Kanpur,Uttar Pradesh,Social Media
C00665,2026-03-09,Female,33,Patna,Bihar,Paid Ads
C01178,2025-04-02,Male,18,Kanpur,Uttar Pradesh,Organic Search
C02677,2025-05-31,Female,33,Bengaluru,Karnataka,Email
C01948,2024-12-26,Male,29,Ranchi,Jharkhand,Organic Search
C02502,2026-02-26,Male,24,Bengaluru,Karnataka,Organic Search
C01474,2026-03-13,Male,24,Visakhapatnam,Andhra Pradesh,Organic Search
C04149,2024-12-30,Female,25,Bhopal,Madhya Pradesh,Paid Ads
C03540,2025-08-26,Female,28,Gurugram,,Organic Search
C02133,2025-12-13,Male,18,Bengaluru,Karnataka,Paid Ads
C01027,2025-10-01,Male,35,Gurugram,Haryana,Organic Search
C00962,2024-02-03,Female,32,Indore,Madhya Pradesh,Organic Search
C02890,2025-12-19,Male,32,Thiruvananthapuram,Kerala,Social Media
C03762,2024-05-08,Female,35,Faridabad,Haryana,Paid Ads
C02010,2025-11-15,Male,43,Kochi,Kerala,Organic Search
C02150,2024-11-17,Male,43,Surat,Gujarat,Paid Ads
C04276,2025-01-10,Female,29,Mumbai,Maharashtra,Referral
C02339,2026-02-08,Other,36,Chandigarh,Chandigarh,Paid Ads
C03910,2025-07-21,Female,30,Bhopal,Madhya Pradesh,Organic Search
C00305,2025-10-25,Male,39,Mumbai,Maharashtra,Organic Search
C01441,2025-08-30,Female,27,Jaipur,Rajasthan,Organic Search
C01497,2025-11-12,Male,27,delhi,Delhi,Social Media
C02653,2025-04-04,Male,35,Kolkata,West Bengal,Paid Ads
C02876,2026-03-08,Male,25,Mysuru,Karnataka,Paid Ads
C00917,2025-10-07,Male,37,Lucknow,Uttar Pradesh,Email
C04194,2025-02-12,Female,18,Hyderabad,Telangana,Organic Search
C03743,2024-10-16,Female,32,Delhi,Delhi,Social Media
C02773,2025-01-10,Male,33,CHENNAI,Tamil Nadu,Organic Search
C01625,2026-05-27,Female,40,FARIDABAD,Haryana,Social Media
C03859,2025-06-30,Male,25,Patna,Bihar,Social Media
C00822,2026-01-14,Male,33,visakhapatnam,Andhra Pradesh,Referral
C03319,2024-11-11,Female,29,Kochi,Kerala,Social Media
C01355,2024-07-10,Male,37,Lucknow,Uttar Pradesh,Social Media
C04510,2025-07-06,Female,25,Bhubaneswar,Odisha,Organic Search
C00851,2024-10-16,Male,18,Thiruvananthapuram,Kerala,Organic Search
C01001,2025-07-20,Male,22,Visakhapatnam,Andhra Pradesh,Paid Ads
C03436,2025-07-27,Female,18,Kolkata,West Bengal,Paid Ads
C00019,2026-03-04,Male,26,Coimbatore,Tamil Nadu,Paid Ads
C01638,2025-06-17,Female,29,Thiruvananthapuram,Kerala,Referral
C01668,2025-08-07,Male,20,Faridabad,Haryana,Social Media
C00494,2024-03-21,Female,25,Kolkata,West Bengal,Referral
C01348,2024-07-05,Male,32,Ahmedabad,Gujarat,Paid Ads
C04867,2026-04-27,Male,,Kochi,Kerala,Social Media
C03274,2025-04-30,,18,pune,Maharashtra,Organic Search
C03636,2026-05-05,Female,21,Bhopal,Madhya Pradesh,Organic Search
C03648,2025-05-27,Male,29,Bengaluru,Karnataka,Organic Search
C00688,2026-01-12,Other,29,Vijayawada,Andhra Pradesh,Referral
C03753,2026-04-17,Female,,Patna,Bihar,Organic Search
C01609,2026-04-30,Male,26,Bengaluru,Karnataka,Referral
C04103,2026-02-18,Female,18,Chennai,Tamil Nadu,Social Media
C04000,2025-11-08,Male,34,Ranchi,Jharkhand,Paid Ads
C01010,2025-11-16,Female,51,Gurugram,Haryana,Referral
C02409,2024-09-06,Male,44,Visakhapatnam,Andhra Pradesh,Social Media
C01093,2024-12-19,Male,31,Chandigarh,Chandigarh,Organic Search
C01328,2025-10-23,Male,40,Kanpur,Uttar Pradesh,Organic Search
C01678,2025-01-03,Female,42,udaipur,Rajasthan,Organic Search
C02000,2026-03-06,Male,21,Lucknow,Uttar Pradesh,Paid Ads
C01311,2025-06-02,Female,44,Chennai,Tamil Nadu,Social Media
C03277,2025-09-03,Other,32,Kochi,Kerala,Social Media
C01988,2025-02-15,Female,35,Lucknow,Uttar Pradesh,Organic Search
C03670,2026-02-23,Female,34,Vijayawada,Andhra Pradesh,Email
C00345,2025-04-15,Female,46,Faridabad,Haryana,Organic Search
C04198,2026-05-29,Male,34,Ranchi,Jharkhand,Paid Ads
C00987,2024-08-01,Male,36,Pune,Maharashtra,Organic Search
C03873,2025-03-02,Male,33,Pune,Maharashtra,Organic Search
C03829,2026-07-07,Female,37,Udaipur,Rajasthan,Social Media
C04325,2024-08-07,Female,37,Kochi,Kerala,Paid Ads
C04024,2025-05-25,Male,20,Bhubaneswar,Odisha,Social Media
C03110,2025-07-15,Female,22,Chennai,Tamil Nadu,Organic Search
C03049,2024-12-06,Female,32,Pune,Maharashtra,Organic Search
C01143,2025-03-05,Female,26,Mysuru,Karnataka,Organic Search
C02359,2026-04-23,Female,27,Kanpur,Uttar Pradesh,Social Media
C01199,2026-05-24,Male,33,Lucknow,Uttar Pradesh,Paid Ads
C00086,2025-04-01,Female,27,Delhi,Delhi,Organic Search
C01519,2025-11-30,Female,27,Patna,Bihar,Email
C00517,2025-10-05,Male,44,Indore,Madhya Pradesh,Email
C01382,2026-05-05,Female,21,Jaipur,Rajasthan,Paid Ads
C02717,2025-06-11,Male,21,Coimbatore,Tamil Nadu,Referral
C03103,2024-02-09,Female,31,Ranchi,Jharkhand,Paid Ads
C01015,2025-11-15,Female,29,Lucknow,Uttar Pradesh,Email
C00129,2024-11-23,Male,19,Ahmedabad,Gujarat,Paid Ads
C01365,2025-04-13,Male,18,Bhubaneswar,Odisha,Paid Ads
C04329,2025-12-10,Female,36,Bhopal,Madhya Pradesh,Referral
C03143,2024-11-28,Female,24,Bhopal,Madhya Pradesh,Paid Ads
C00892,2025-02-03,Female,19,Kanpur,Uttar Pradesh,Paid Ads
C02794,2025-12-04,Female,18,Bhubaneswar,Odisha,Social Media
C04220,2025-09-18,Female,36,Jaipur,,Social Media
C01360,2026-03-30,Male,18,Guwahati,Assam,Organic Search
C00308,2025-05-04,Male,25,Jaipur,Rajasthan,Paid Ads
C01662,2025-11-18,Female,18,Delhi,Delhi,Paid Ads
C02432,2024-12-28,Female,24,Visakhapatnam,Andhra Pradesh,Organic Search
C03956,2026-06-01,Female,22,Kanpur,Uttar Pradesh,Social Media
C01318,2025-08-23,Male,24,Chandigarh,Chandigarh,Referral
C04316,2024-11-12,Male,,Coimbatore,Tamil Nadu,Organic Search
C02475,2025-09-24,Female,41,Lucknow,Uttar Pradesh,Social Media
C02543,2025-04-11,Female,28,Surat,Gujarat,Social Media
C01247,2026-02-16,Male,32,Bengaluru,Karnataka,Social Media
C01209,2026-04-01,Female,18,Kochi,Kerala,Paid Ads
C00217,2025-10-22,Female,34,Delhi,Delhi,Paid Ads
C04305,2025-11-17,Female,28,Kanpur,Uttar Pradesh,Social Media
C03081,2025-02-12,Male,36,Vijayawada,Andhra Pradesh,Email
C01240,2025-07-26,Female,29,Kochi,Kerala,Social Media
C02290,2025-09-01,Female,32,Kanpur,Uttar Pradesh,Social Media
C02741,2025-07-20,Male,35,Indore,Madhya Pradesh,Social Media
C00276,2026-04-03,Male,25,Kanpur,Uttar Pradesh,Organic Search
C00490,2025-12-11,Other,47,Kanpur,Uttar Pradesh,Paid Ads
C01036,2026-02-25,Male,18,Patna,Bihar,Organic Search
C01230,2024-04-06,Female,21,Delhi,Delhi,Organic Search
C04598,2025-07-06,Male,27,Bhopal,Madhya Pradesh,Paid Ads
C01009,2025-09-18,Other,43,Surat,Gujarat,Organic Search
C04079,2024-09-18,Female,43,Thiruvananthapuram,Kerala,Social Media
C04537,2026-02-20,Male,23,Coimbatore,Tamil Nadu,Organic Search
C03201,2026-01-06,,31,kanpur,Uttar Pradesh,Email
C02533,2024-08-18,Female,36,Thiruvananthapuram,Kerala,Social Media
C04181,2026-03-18,Male,44,PATNA,Bihar,Paid Ads
C01059,2026-07-19,,39,NAGPUR,Maharashtra,Paid Ads
C02167,2024-11-04,Female,27,Ranchi,Jharkhand,Organic Search
C04213,2024-11-08,Female,38,Bengaluru,Karnataka,Paid Ads
C00282,2024-07-15,Male,18,thiruvananthapuram,Kerala,Organic Search
C03586,2024-09-18,Male,,Patna,Bihar,Organic Search
C01317,2026-07-12,Male,26,Nagpur,Maharashtra,Social Media
C04991,2026-04-10,Other,39,Ranchi,,Referral
C00969,2024-04-21,Female,20,Chandigarh,Chandigarh,Paid Ads
C03250,2025-12-13,Male,29,Udaipur,Rajasthan,Paid Ads
C03942,2026-07-17,Male,32,Gurugram,Haryana,Organic Search
C03185,2024-12-02,,30,Kanpur,Uttar Pradesh,Organic Search
C04285,2025-05-20,Female,47,Noida,Uttar Pradesh,Referral
C00620,2026-07-26,Male,43,Pune,Maharashtra,Organic Search
C03253,2025-03-30,Male,44,Bengaluru,Karnataka,Email
C01743,2025-05-08,Male,33,Vijayawada,Andhra Pradesh,Paid Ads
C01391,2025-05-07,Female,39,Delhi,Delhi,Paid Ads
C04072,2025-03-03,Female,22,Noida,Uttar Pradesh,Organic Search
C01848,2025-09-07,Male,30,Bengaluru,Karnataka,Organic Search
C01580,2024-05-15,Male,28,Thiruvananthapuram,Kerala,Social Media
C01656,2026-01-23,Male,25,Hyderabad,Telangana,Social Media
C02353,2026-05-27,Female,39,Coimbatore,Tamil Nadu,Social Media
C02213,2025-08-17,Male,34,Noida,Uttar Pradesh,Social Media
C02021,2026-04-17,Female,29,Kolkata,West Bengal,Email
C04985,2026-03-26,Male,35,Hyderabad,Telangana,Organic Search
C01957,2025-03-24,Female,31,Udaipur,Rajasthan,Organic Search
C01308,2026-02-11,,18,Patna,Bihar,Paid Ads
C02004,2025-02-02,,45,Noida,Uttar Pradesh,Social Media
C04468,2024-10-16,Female,27,Mysuru,Karnataka,Email
C00576,2025-07-29,Female,44,Bhopal,Madhya Pradesh,Organic Search
C02361,2025-07-21,Male,21,Kochi,Kerala,Organic Search
C04214,2025-03-04,Male,22,Hyderabad,Telangana,Paid Ads
C04449,2024-07-21,Male,19,Noida,Uttar Pradesh,Social Media
C01707,2024-03-12,Other,22,Noida,Uttar Pradesh,Organic Search
C04859,2024-09-10,Male,39,Hyderabad,Telangana,Paid Ads
C03979,2024-10-24,Male,54,Ranchi,Jharkhand,Paid Ads
C01281,2024-09-09,Female,19,Bhubaneswar,Odisha,Social Media
C00862,2026-03-29,,18,Jaipur,Rajasthan,Paid Ads
C04344,2024-02-17,Male,43,Chennai,Tamil Nadu,Social Media
C01802,2025-04-11,Male,18,Hyderabad,Telangana,Paid Ads
C01629,2026-05-05,Female,58,surat,Gujarat,Organic Search
C01994,2025-01-04,Other,51,Kanpur,Uttar Pradesh,Organic Search
C02640,2026-03-05,Male,35,Mumbai,Maharashtra,Email
C00270,2025-07-09,Male,43,Chandigarh,Chandigarh,Email
C00630,2025-01-18,Female,18,Surat,Gujarat,Social Media
C03082,2026-06-10,Female,18,Udaipur,Rajasthan,Organic Search
C02335,2024-10-01,Male,36,Visakhapatnam,Andhra Pradesh,Organic Search
C02967,2025-09-12,Male,18,Thiruvananthapuram,Kerala,Organic Search
C00301,2025-11-29,Male,29,Guwahati,Assam,Organic Search
C00460,2025-05-08,Female,42,Bhubaneswar,Odisha,Social Media
C01448,2025-09-03,Female,27,Mysuru,Karnataka,Paid Ads
C01473,2026-07-07,Female,23,Surat,Gujarat,Organic Search
C02047,2025-10-20,Male,42,Nagpur,Maharashtra,Organic Search
C04240,2025-05-20,Male,39,Jaipur,Rajasthan,Paid Ads
C03786,2026-04-04,,41,Udaipur,Rajasthan,Social Media
C02114,2026-03-06,Female,30,Chandigarh,Chandigarh,Paid Ads
C00028,2025-01-31,Female,30,Gurugram,Haryana,Paid Ads
C03861,2025-04-22,Female,32,Chandigarh,Chandigarh,Organic Search
C04535,2025-10-24,Male,43,Udaipur,Rajasthan,Paid Ads
C00838,2025-10-02,Female,33,Delhi,Delhi,Organic Search
C04689,2025-10-27,Male,40,Chennai,Tamil Nadu,Organic Search
C02009,2025-11-26,Female,34,Chandigarh,Chandigarh,Paid Ads
C04920,2025-10-31,Male,47,Bhubaneswar,Odisha,Social Media
C00504,2026-01-31,Female,20,Ahmedabad,Gujarat,Paid Ads
C03335,2024-09-10,,48,Visakhapatnam,Andhra Pradesh,Organic Search
C04317,2025-08-24,,27,Kolkata,West Bengal,Organic Search
C00381,2025-07-02,Male,38,Nagpur,Maharashtra,Organic Search
C01852,2024-04-27,Female,22,Lucknow,Uttar Pradesh,Organic Search
C01526,2026-01-13,Male,32,Faridabad,Haryana,Organic Search
C02366,2025-08-06,Female,18,Pune,Maharashtra,Social Media
C04873,2025-12-05,Female,18,Bhubaneswar,Odisha,Paid Ads
C03053,2025-12-18,Male,42,Coimbatore,Tamil Nadu,Organic Search
C02885,2025-08-11,Male,38,Visakhapatnam,Andhra Pradesh,Referral
C02341,2025-08-07,Male,41,Bengaluru,Karnataka,Social Media
C00375,2024-02-03,Male,34,Delhi,Delhi,Social Media
C04386,2026-03-18,Female,40,chandigarh,Chandigarh,Social Media
C02382,2025-06-21,Female,27,Udaipur,Rajasthan,Referral
C04322,2024-11-13,Male,29,Surat,Gujarat,Email
C00940,2024-07-07,Female,41,Hyderabad,Telangana,Organic Search
C03872,2024-08-16,Female,28,Kolkata,West Bengal,Organic Search
C04177,2025-10-09,Male,32,Bhopal,Madhya Pradesh,Referral
C02800,2025-07-04,Female,27,Coimbatore,Tamil Nadu,Paid Ads
C02148,2026-06-13,Male,32,Mysuru,Karnataka,Organic Search
C03839,2025-03-17,Male,37,Chandigarh,Chandigarh,Paid Ads
C04553,2026-05-12,Male,30,Ranchi,Jharkhand,Organic Search
C04228,2026-07-03,Female,18,Surat,Gujarat,Organic Search
C02069,2024-04-28,Male,47,Gurugram,Haryana,Paid Ads
C00530,2026-01-16,Male,27,Mysuru,Karnataka,Paid Ads
C03752,2026-05-26,Female,32,Delhi,Delhi,Paid Ads
C00637,2024-07-11,Male,40,Bengaluru,Karnataka,Organic Search
C01270,2026-07-17,,19,Surat,Gujarat,Organic Search
C00186,2025-11-02,Female,41,KOLKATA,,Organic Search
C03840,2025-09-29,Female,29,Bhopal,Madhya Pradesh,Organic Search
C03198,2025-09-30,Male,22,Delhi,Delhi,Organic Search
C03856,2026-03-31,Male,18,Hyderabad,Telangana,Paid Ads
C01798,2025-12-01,Female,33,Nagpur,Maharashtra,Paid Ads
C02980,2026-02-03,Female,31,Chandigarh,Chandigarh,Paid Ads
C01442,2026-03-26,Female,31,Nagpur,Maharashtra,Paid Ads
C04356,2024-09-03,Male,43,Noida,Uttar Pradesh,Organic Search
C04887,2025-12-28,Male,36,Mumbai,Maharashtra,Referral
C01536,2024-03-07,Male,41,Chandigarh,Chandigarh,Social Media
C04954,2025-09-09,Female,23,Udaipur,Rajasthan,Paid Ads
C01274,2025-01-18,Male,40,Thiruvananthapuram,Kerala,Social Media
C02468,2025-11-03,Female,42,Kolkata,West Bengal,Social Media
C00608,2024-04-07,Male,22,Vijayawada,Andhra Pradesh,Organic Search
C03406,2025-10-13,Male,18,Bhubaneswar,Odisha,Email
C01713,2026-03-03,Male,26,Mumbai,Maharashtra,Paid Ads
C02200,2026-02-12,Female,18,Surat,Gujarat,Paid Ads
C00956,2025-04-26,Female,27,Visakhapatnam,Andhra Pradesh,Organic Search
C02580,2026-02-17,Female,24,Surat,Gujarat,Social Media
C03919,2025-08-25,Male,22,Ahmedabad,Gujarat,Paid Ads
C04438,2025-04-27,Male,31,Nagpur,Maharashtra,Paid Ads
C03399,2024-11-05,Female,41,Bhopal,Madhya Pradesh,Paid Ads
C03707,2026-05-15,Male,32,Delhi,Delhi,Organic Search
C00404,2026-01-02,Female,42,Guwahati,Assam,Organic Search
C02072,2026-04-11,Male,23,Delhi,Delhi,Organic Search
C04768,2024-09-29,Female,,Thiruvananthapuram,Kerala,Referral
C01978,2025-10-29,Female,37,Delhi,,Paid Ads
C00159,2026-04-19,Male,18,Pune,Maharashtra,Paid Ads
C01749,2025-11-19,Male,46,Indore,Madhya Pradesh,Paid Ads
C02910,2025-05-07,Female,35,Nagpur,Maharashtra,Paid Ads
C03554,2026-02-23,Female,23,Ranchi,Jharkhand,Organic Search
C00903,2025-06-30,Male,18,Mumbai,Maharashtra,Referral
C00353,2025-10-13,Male,21,Kochi,Kerala,Paid Ads
C01231,2025-06-17,Male,49,Ahmedabad,Gujarat,Social Media
C04784,2025-09-25,Male,35,Udaipur,Rajasthan,Paid Ads
C02141,2025-05-30,Male,20,Ranchi,Jharkhand,Social Media
C00445,2026-05-21,,18,Ranchi,Jharkhand,Referral
C04961,2026-01-08,Female,24,Coimbatore,Tamil Nadu,Email
C00755,2025-11-27,Male,36,Delhi,,Organic Search
C01738,2025-11-05,Male,30,Indore,Madhya Pradesh,Paid Ads
C02972,2025-10-14,Male,27,Indore,Madhya Pradesh,Social Media
C04992,2025-02-12,,25,Coimbatore,Tamil Nadu,Organic Search
C02921,2024-07-07,Female,32,Noida,Uttar Pradesh,Email
C00312,2024-11-07,Female,48,Jaipur,Rajasthan,Paid Ads
C00549,2025-07-09,Female,25,Ahmedabad,Gujarat,Organic Search
C04074,2024-10-04,Male,33,Kanpur,Uttar Pradesh,Referral
C04774,2025-06-08,Male,35,Chennai,Tamil Nadu,Social Media
C01990,2024-10-25,Male,25,Bhubaneswar,Odisha,Organic Search
C00307,2026-01-03,Female,28,Thiruvananthapuram,Kerala,Organic Search
C02336,2025-01-02,Female,28,Kochi,Kerala,Paid Ads
C00695,2024-08-15,Female,32,Bengaluru,Karnataka,Social Media
C02357,2024-08-15,Male,40,Mysuru,Karnataka,Organic Search
C01928,2026-03-26,Male,27,Bhopal,Madhya Pradesh,Email
C00685,2024-12-04,Male,18,Chandigarh,Chandigarh,Social Media
C00750,2025-12-20,Female,33,Patna,Bihar,Organic Search
C03265,2024-08-24,Female,28,Pune,Maharashtra,Organic Search
C01267,2024-11-22,Other,36,Mysuru,Karnataka,Social Media
C03304,2025-03-07,Male,30,Bengaluru,Karnataka,Paid Ads
C03549,2025-05-07,Female,32,Mumbai,Maharashtra,Organic Search
C04436,2025-12-01,Female,43,Mumbai,Maharashtra,Email
C04006,2025-11-12,Male,34,Ranchi,Jharkhand,Referral
C03084,2025-04-06,Female,39,Mysuru,Karnataka,Organic Search
C03062,2026-07-13,Male,38,Jaipur,Rajasthan,Referral
C03026,2026-07-04,Female,23,Vijayawada,Andhra Pradesh,Organic Search
C00971,2025-02-09,Male,32,Mysuru,Karnataka,Social Media
C00014,2026-04-08,Male,28,Chandigarh,Chandigarh,Organic Search
C00874,2024-12-12,Female,25,Visakhapatnam,Andhra Pradesh,Paid Ads
C00809,2024-09-30,Female,25,Delhi,Delhi,Organic Search
C03199,2025-04-11,Male,32,Jaipur,Rajasthan,Paid Ads
C00515,2024-12-07,Female,21,Udaipur,Rajasthan,Social Media
C04485,2024-09-30,Female,19,Indore,Madhya Pradesh,Organic Search
C00410,2024-12-23,Male,32,Ranchi,Jharkhand,Organic Search
C03427,2024-06-18,Male,39,Kanpur,Uttar Pradesh,Paid Ads
C04355,2025-11-09,Female,36,Hyderabad,Telangana,Organic Search
C00208,2025-12-28,Female,35,Kanpur,Uttar Pradesh,Organic Search
C03682,2024-05-10,Male,18,Nagpur,Maharashtra,Email
C00459,2025-10-22,Male,24,Noida,Uttar Pradesh,Referral
C04226,2026-07-04,Female,18,KOLKATA,West Bengal,Paid Ads
C02431,2025-05-01,Female,31,Kolkata,West Bengal,Organic Search
C03679,2025-01-12,Male,23,Gurugram,Haryana,Paid Ads
C00111,2025-10-07,Female,31,Kochi,Kerala,Organic Search
C03768,2024-09-30,Female,32,Ranchi,Jharkhand,Organic Search
C04066,2026-03-31,Male,33,Chennai,Tamil Nadu,Social Media
C01884,2024-05-25,Female,27,Chandigarh,Chandigarh,Social Media
C01714,2026-05-19,Male,18,Patna,Bihar,Email
C03980,2025-12-29,Male,50,Faridabad,Haryana,Paid Ads
C04691,2025-09-21,Male,34,Udaipur,Rajasthan,Paid Ads
C00553,2025-10-16,Female,24,Chennai,Tamil Nadu,Organic Search
C01440,2025-01-25,Female,34,Thiruvananthapuram,Kerala,Organic Search
C02271,2025-03-25,Female,24,Kanpur,Uttar Pradesh,Organic Search
C03145,2025-03-05,Female,40,Ahmedabad,Gujarat,Paid Ads
C02822,2026-02-25,Female,33,Bhubaneswar,Odisha,Paid Ads
C04794,2025-03-29,Male,41,Mumbai,Maharashtra,Referral
C01926,2024-09-21,Female,40,Kanpur,Uttar Pradesh,Organic Search
C00635,2025-01-30,Male,40,Ranchi,Jharkhand,Organic Search
C04818,2025-07-02,Female,18,Kolkata,West Bengal,Email
C00317,2025-11-18,Female,31,VISAKHAPATNAM,Andhra Pradesh,Organic Search
C04229,2026-02-28,Male,24,Faridabad,Haryana,Social Media
C04712,2025-08-19,,31,Jaipur,Rajasthan,Paid Ads
C01329,2026-03-04,Male,26,Guwahati,Assam,Social Media
C00428,2025-05-13,Male,35,Pune,Maharashtra,Social Media
C03393,2025-02-19,Female,43,Guwahati,Assam,Paid Ads
C00106,2025-01-23,Male,29,Mysuru,Karnataka,Paid Ads
C03042,2025-09-09,Female,32,Jaipur,Rajasthan,Social Media
C00143,2025-04-30,Male,33,Faridabad,Haryana,Email
C02170,2025-02-04,Male,41,Noida,,Paid Ads
C03348,2024-05-01,Male,38,Udaipur,Rajasthan,Social Media
C00090,2026-04-27,Female,32,BENGALURU,Karnataka,Social Media
C02919,2025-09-30,Female,18,Mumbai,Maharashtra,Social Media
C03238,2026-05-18,Female,18,Chennai,Tamil Nadu,Organic Search
C02242,2025-02-09,Male,23,Thiruvananthapuram,Kerala,Organic Search
C03175,2026-07-09,Male,29,Visakhapatnam,Andhra Pradesh,Paid Ads
C03653,2025-10-25,,52,Gurugram,Haryana,Email
C02164,2026-01-15,Female,30,Jaipur,Rajasthan,Organic Search
C02637,2025-10-21,Female,31,Chennai,Tamil Nadu,Paid Ads
C01950,2025-04-13,Male,30,Guwahati,Assam,Organic Search
C01769,2026-04-03,Female,18,Chennai,Tamil Nadu,Organic Search
C04520,2025-05-19,Male,32,Guwahati,Assam,Social Media
C02273,2025-05-24,Male,31,Kanpur,Uttar Pradesh,Email
C00002,2025-11-15,Female,36,Vijayawada,Andhra Pradesh,Paid Ads
C03986,2025-09-11,Female,18,Mumbai,Maharashtra,Organic Search
C04970,2026-06-01,Male,26,jaipur,Rajasthan,Paid Ads
C01952,2025-11-12,Female,38,Surat,Gujarat,Organic Search
C00936,2025-08-20,Female,32,Bengaluru,Karnataka,Social Media
C04309,2025-11-10,Female,28,Bengaluru,Karnataka,Organic Search
C02721,2025-07-13,Male,18,Thiruvananthapuram,Kerala,Organic Search
C03506,2026-01-12,Female,33,Ranchi,Jharkhand,Social Media
C01110,2026-02-17,Female,34,Kolkata,West Bengal,Paid Ads
C03755,2026-02-24,Male,35,Coimbatore,Tamil Nadu,Organic Search
C00592,2025-05-04,Female,49,Ahmedabad,Gujarat,Paid Ads
C01696,2025-07-10,Male,37,Chennai,Tamil Nadu,Paid Ads
C03693,2025-04-07,Male,35,Gurugram,Haryana,Social Media
C02937,2026-04-08,Female,20,Lucknow,Uttar Pradesh,Organic Search
C04216,2025-07-09,Female,40,Visakhapatnam,Andhra Pradesh,Referral
C03430,2025-04-16,Female,28,Indore,Madhya Pradesh,Organic Search
C01577,2026-01-23,Female,26,Nagpur,Maharashtra,Organic Search
C03976,2025-08-22,Male,31,noida,Uttar Pradesh,Referral
C00214,2025-10-02,Female,29,Hyderabad,Telangana,Paid Ads
C00779,2026-05-15,Female,43,Hyderabad,Telangana,Paid Ads
C01416,2026-03-25,Female,21,Kochi,Kerala,Paid Ads
C03781,2026-06-12,Female,26,Visakhapatnam,Andhra Pradesh,Email
C02044,2026-01-20,Female,18,Faridabad,Haryana,Organic Search
C02849,2026-04-10,Male,29,Noida,Uttar Pradesh,Paid Ads
C04550,2026-02-13,Male,22,Pune,Maharashtra,Referral
C03525,2026-01-29,Male,49,Vijayawada,Andhra Pradesh,Referral
C03835,2025-08-20,Female,27,Udaipur,Rajasthan,Social Media
C01568,2024-05-07,Male,42,Chennai,Tamil Nadu,Organic Search
C00166,2026-05-24,Male,31,Bengaluru,Karnataka,Social Media
C04727,2025-08-15,Female,29,Hyderabad,Telangana,Social Media
C03605,2026-01-31,Female,18,Lucknow,Uttar Pradesh,Social Media
C04939,2025-09-29,,44,Lucknow,Uttar Pradesh,Social Media
C01344,2026-01-13,Male,42,Nagpur,Maharashtra,Organic Search
C02014,2026-01-04,Male,30,Chandigarh,Chandigarh,Paid Ads
C00274,2026-05-14,Female,45,Kolkata,West Bengal,Paid Ads
C00072,2026-06-24,Male,36,Gurugram,Haryana,Organic Search
C03909,2025-10-06,Female,40,Ahmedabad,Gujarat,Referral
C01088,2025-08-10,,18,Faridabad,Haryana,Organic Search
C00395,2026-04-11,Female,29,Mumbai,Maharashtra,Organic Search
C00584,2026-03-01,Male,22,Indore,Madhya Pradesh,Social Media
C01368,2024-06-28,Male,28,Nagpur,Maharashtra,Paid Ads
C05000,2025-04-05,Male,37,Bhubaneswar,Odisha,Organic Search
C04655,2024-11-27,Female,27,Udaipur,Rajasthan,Paid Ads
C02549,2024-12-02,Female,19,Indore,Madhya Pradesh,Referral
C01014,2025-01-27,Female,39,Delhi,Delhi,Organic Search
C04910,2026-03-27,Female,42,Bhopal,Madhya Pradesh,Social Media
C03004,2024-12-03,Male,27,Bhubaneswar,Odisha,Paid Ads
C04801,2024-12-23,Female,36,Delhi,Delhi,Organic Search
C04109,2025-10-29,Female,30,Chennai,Tamil Nadu,Paid Ads
C03552,2026-05-13,Female,32,Chennai,Tamil Nadu,Organic Search
C01764,2025-03-24,Male,54,Patna,Bihar,Social Media
C01876,2024-09-29,Female,24,Gurugram,Haryana,Referral
C01260,2024-09-13,Male,36,Thiruvananthapuram,Kerala,Paid Ads
C04543,2025-12-02,Female,35,Hyderabad,Telangana,Organic Search
C02254,2025-09-05,Female,45,Indore,Madhya Pradesh,Social Media
C02782,2024-08-20,Female,36,Indore,Madhya Pradesh,Referral
C03614,2024-03-17,Male,31,Jaipur,Rajasthan,Organic Search
C00527,2026-03-12,Male,37,Guwahati,Assam,Organic Search
C03440,2025-04-20,Male,30,Bhubaneswar,Odisha,Organic Search
C02947,2025-09-24,Female,36,NAGPUR,Maharashtra,Paid Ads
C00378,2026-04-12,Female,28,Coimbatore,Tamil Nadu,Referral
C01560,2026-07-13,Female,37,Jaipur,Rajasthan,Organic Search
C03842,2025-05-19,Male,39,Coimbatore,Tamil Nadu,Organic Search
C01964,2024-11-17,Male,42,Thiruvananthapuram,Kerala,Organic Search
C04869,2025-04-01,Female,41,Gurugram,Haryana,Social Media
C00349,2025-07-28,Male,40,Nagpur,Maharashtra,Paid Ads
C02435,2026-01-26,Female,36,Bengaluru,Karnataka,Email
C02247,2025-07-01,Male,44,Delhi,Delhi,Paid Ads
C04178,2024-11-30,Female,32,Mysuru,Karnataka,Paid Ads
C01710,2025-11-19,Female,28,Lucknow,Uttar Pradesh,Social Media
C01051,2026-03-22,Female,29,Noida,Uttar Pradesh,Paid Ads
C00591,2024-05-03,Female,32,Chennai,Tamil Nadu,Organic Search
C00520,2025-10-11,Female,31,Mysuru,Karnataka,Social Media
C04506,2026-01-05,Female,43,Noida,Uttar Pradesh,Paid Ads
C04536,2025-04-23,Female,25,Mysuru,Karnataka,Referral
C02478,2025-05-13,Male,39,Lucknow,Uttar Pradesh,Referral
C01084,2026-05-13,Male,39,noida,Uttar Pradesh,Social Media
C03610,2024-10-25,Male,30,Bengaluru,Karnataka,Paid Ads
C04791,2025-10-31,Female,26,Ahmedabad,Gujarat,Social Media
C04522,2026-04-09,Female,18,Pune,Maharashtra,Paid Ads
C01295,2024-06-10,Female,29,Udaipur,Rajasthan,Paid Ads
C01810,2025-06-27,Female,30,Bhopal,Madhya Pradesh,Social Media
C00792,2025-08-26,Male,43,Indore,Madhya Pradesh,Paid Ads
C00793,2026-03-22,Male,41,Mumbai,Maharashtra,Organic Search
C04126,2026-07-05,Male,38,Ahmedabad,Gujarat,Referral
C01856,2026-03-17,Female,37,Hyderabad,Telangana,Social Media
C04770,2025-05-30,Female,34,Chennai,Tamil Nadu,Paid Ads
C01981,2024-11-02,Female,42,Indore,Madhya Pradesh,Referral
C03234,2024-10-22,Female,48,Mumbai,Maharashtra,Social Media
C03930,2024-12-10,Female,41,Coimbatore,Tamil Nadu,Organic Search
C03404,2024-12-14,Male,25,Mysuru,Karnataka,Paid Ads
C03329,2025-01-16,Male,25,Bengaluru,Karnataka,Paid Ads
C01531,2025-02-20,Male,35,Lucknow,Uttar Pradesh,Organic Search
C01411,2026-04-07,Male,24,Delhi,Delhi,Referral
C04307,2025-10-07,Male,24,Ranchi,Jharkhand,Organic Search
C04661,2025-03-26,Male,18,Mysuru,Karnataka,Email
C00084,2025-01-20,Male,52,Guwahati,Assam,Social Media
C00869,2024-06-11,Male,31,Patna,Bihar,Referral
C02351,2025-05-23,Female,19,Visakhapatnam,Andhra Pradesh,Social Media
C00021,2024-10-25,Female,18,Jaipur,Rajasthan,Social Media
C03443,2025-12-14,Female,30,Surat,Gujarat,Paid Ads
C02796,2025-05-16,Female,42,Ahmedabad,Gujarat,Paid Ads
C04585,2026-04-29,Female,35,Bhubaneswar,Odisha,Organic Search
C01563,2025-10-03,Female,18,Thiruvananthapuram,Kerala,Organic Search
C03094,2025-02-25,Female,20,Kanpur,Uttar Pradesh,Referral
C03156,2025-03-23,Female,29,Hyderabad,Telangana,Paid Ads
C00974,2024-11-02,Female,18,Surat,Gujarat,Email
C01711,2024-07-03,Male,27,Pune,Maharashtra,Paid Ads
C03202,2024-07-06,Male,27,DELHI,Delhi,Paid Ads
C04003,2025-04-17,Female,19,Thiruvananthapuram,Kerala,Paid Ads
C04832,2025-10-15,Male,31,Kochi,Kerala,Paid Ads
C01099,2025-05-11,Male,33,Noida,Uttar Pradesh,Social Media
C04173,2025-01-27,Male,18,Faridabad,Haryana,Social Media
C02845,2025-12-17,Female,27,Thiruvananthapuram,Kerala,Organic Search
C00887,2024-05-16,Male,34,Vijayawada,Andhra Pradesh,Organic Search
C04944,2025-12-02,Male,30,Ahmedabad,Gujarat,Paid Ads
C03700,2025-07-30,Male,23,Pune,Maharashtra,Social Media
C04608,2025-05-27,Male,31,Coimbatore,Tamil Nadu,Organic Search
C03587,2026-02-05,Male,37,Noida,Uttar Pradesh,Paid Ads
C04868,2026-05-07,Male,41,Nagpur,Maharashtra,Paid Ads
C00516,2024-12-22,Female,44,Guwahati,Assam,Social Media
C04633,2025-01-29,Male,29,Gurugram,Haryana,Referral
C00738,2026-04-02,Male,30,Chandigarh,Chandigarh,Social Media
C01454,2025-04-26,Other,34,NAGPUR,Maharashtra,Social Media
C03993,2026-07-23,Male,37,Surat,Gujarat,Organic Search
C04713,2025-06-03,Male,48,Visakhapatnam,Andhra Pradesh,Organic Search
C02507,2025-05-11,Female,40,Kolkata,West Bengal,Organic Search
C02995,2024-06-30,Male,29,Udaipur,Rajasthan,Referral
C02127,2026-04-09,Male,33,Lucknow,Uttar Pradesh,Paid Ads
C02927,2024-06-18,Female,23,Coimbatore,Tamil Nadu,Social Media
C04758,2024-04-30,Female,25,Faridabad,Haryana,Paid Ads
C00907,2026-01-07,Female,42,Thiruvananthapuram,Kerala,Paid Ads
C03669,2025-03-11,Male,23,Bengaluru,Karnataka,Organic Search
C01031,2024-12-23,Male,25,Coimbatore,Tamil Nadu,Paid Ads
C02508,2026-01-23,Male,29,Udaipur,Rajasthan,Organic Search
C02429,2024-04-17,Female,29,Bengaluru,Karnataka,Email
C00948,2026-01-23,Male,24,Delhi,Delhi,Referral
C03828,2026-01-25,Male,28,Coimbatore,Tamil Nadu,Organic Search
C04089,2026-04-14,Male,33,Faridabad,Haryana,Organic Search
C00716,2025-11-16,Male,23,Mumbai,Maharashtra,Paid Ads
C04077,2025-07-25,Female,43,Patna,Bihar,Social Media
C00687,2025-01-10,Female,24,UDAIPUR,Rajasthan,Paid Ads
C00704,2025-05-05,Male,23,Bhubaneswar,Odisha,Social Media
C03342,2025-08-21,Female,30,Bhubaneswar,Odisha,Organic Search
C02354,2025-08-11,Male,24,Ahmedabad,Gujarat,Social Media
C02258,2025-08-13,,29,Kanpur,Uttar Pradesh,Paid Ads
C03571,2025-02-09,Female,29,Vijayawada,Andhra Pradesh,Referral
C00474,2025-11-11,Female,32,Chennai,Tamil Nadu,Paid Ads
C00022,2024-08-23,Male,30,Nagpur,Maharashtra,Paid Ads
C02753,2024-12-13,Male,26,Ahmedabad,Gujarat,Email
C00886,2025-10-18,Male,47,Nagpur,Maharashtra,Paid Ads
C02449,2024-09-25,Female,25,Kanpur,Uttar Pradesh,Referral
C00918,2026-02-25,Female,26,Bhubaneswar,Odisha,Social Media
C03779,2025-01-11,Male,22,Udaipur,Rajasthan,Paid Ads
C01515,2026-02-18,Male,20,Hyderabad,,Paid Ads
C02240,2024-04-17,Female,22,Noida,Uttar Pradesh,Organic Search
C03866,2024-12-05,Male,25,Lucknow,Uttar Pradesh,Organic Search
C03396,2026-02-08,Male,24,Udaipur,Rajasthan,Social Media
C01266,2026-05-01,Male,27,Pune,Maharashtra,Social Media
C00484,2025-10-23,Male,30,Ahmedabad,Gujarat,Organic Search
C04350,2025-04-01,Female,33,Kolkata,West Bengal,Social Media
C02964,2026-07-09,,40,Mysuru,Karnataka,Paid Ads
C01220,2026-03-22,Male,38,Ahmedabad,Gujarat,Paid Ads
C00278,2024-10-03,Female,26,Hyderabad,Telangana,Referral
C00989,2024-08-13,Male,33,Indore,Madhya Pradesh,Organic Search
C02085,2024-08-11,Female,33,Chandigarh,Chandigarh,Organic Search
C01246,2025-06-18,Female,33,Thiruvananthapuram,Kerala,Social Media
C02383,2025-12-24,Male,22,Guwahati,Assam,Social Media
C00572,2024-10-04,Male,28,Nagpur,Maharashtra,Organic Search
C01436,2026-04-03,Female,43,Bengaluru,Karnataka,Social Media
C00994,2025-09-25,Male,29,Nagpur,Maharashtra,Email
C03471,2025-09-22,Female,33,Mumbai,Maharashtra,Paid Ads
C03483,2026-01-15,Female,29,Ranchi,Jharkhand,Social Media
C00586,2026-05-01,Female,39,Kochi,Kerala,Social Media
C03680,2025-06-07,Female,21,Kochi,Kerala,Organic Search
C02515,2025-10-01,Female,19,Guwahati,Assam,Social Media
C01350,2024-12-30,Female,29,Bhopal,Madhya Pradesh,Referral
C01008,2025-10-05,Male,30,Bengaluru,Karnataka,Organic Search
C00675,2026-04-13,Female,49,Mumbai,Maharashtra,Social Media
C02413,2025-10-07,Female,36,Bhopal,Madhya Pradesh,Paid Ads
C02904,2025-11-19,Female,18,Chennai,Tamil Nadu,Paid Ads
C00448,2026-04-24,Male,34,vijayawada,Andhra Pradesh,Social Media
C03492,2026-03-03,Male,24,Guwahati,Assam,Referral
C03780,2026-04-15,Male,28,Bhubaneswar,Odisha,Organic Search
C03725,2026-05-20,Female,36,Gurugram,Haryana,Paid Ads
C00360,2025-05-10,Female,27,Bhubaneswar,Odisha,Social Media
C02065,2025-07-29,Female,29,Ahmedabad,Gujarat,Referral
C04462,2025-11-15,Male,27,Pune,Maharashtra,Organic Search
C03832,2026-04-03,Female,43,Ahmedabad,Gujarat,Referral
C01691,2025-07-30,Male,18,Nagpur,Maharashtra,Organic Search
C04339,2025-08-12,,37,Coimbatore,Tamil Nadu,Social Media
C01549,2025-09-23,,28,Kolkata,West Bengal,Paid Ads
C01248,2026-04-24,Female,31,Indore,Madhya Pradesh,Paid Ads
C01986,2025-08-19,Female,31,Delhi,Delhi,Organic Search
C00295,2025-10-27,Male,22,Udaipur,Rajasthan,Social Media
C01548,2026-07-23,Female,33,Udaipur,Rajasthan,Social Media
C02013,2026-04-21,Male,24,Bhubaneswar,Odisha,Organic Search
C00589,2024-09-28,Male,29,Surat,Gujarat,Paid Ads
C03330,2025-11-19,Female,38,Ahmedabad,Gujarat,Paid Ads
C02404,2025-05-05,Male,29,Faridabad,Haryana,Social Media
C02130,2026-02-26,Female,43,Bengaluru,Karnataka,Referral
C04401,2025-04-20,Female,27,Bhubaneswar,Odisha,Paid Ads
C02411,2025-05-05,Male,43,Mumbai,Maharashtra,Organic Search
C02720,2025-09-24,Male,22,Ranchi,Jharkhand,Social Media
C04567,2025-08-20,Female,41,Jaipur,Rajasthan,Referral
C00426,2025-06-15,Male,32,Faridabad,Haryana,Email
C02583,2024-11-20,Female,36,Guwahati,Assam,Referral
C01055,2025-09-24,Male,41,Bengaluru,Karnataka,Organic Search
C04763,2025-09-18,Female,40,Lucknow,Uttar Pradesh,Paid Ads
C04575,2025-10-09,Female,18,Bhopal,Madhya Pradesh,Organic Search
C00557,2024-01-24,Female,39,Faridabad,Haryana,Paid Ads
C04371,2024-09-12,Male,25,Ranchi,Jharkhand,Organic Search
C03960,2025-09-05,Female,35,Kanpur,Uttar Pradesh,Organic Search
C04725,2026-02-08,Female,,Gurugram,Haryana,Organic Search
C02470,2026-01-01,Male,29,Noida,Uttar Pradesh,Paid Ads
C04723,2026-07-15,Male,28,Lucknow,Uttar Pradesh,Social Media
C00356,2024-03-09,Other,39,Coimbatore,Tamil Nadu,Organic Search
C01194,2025-05-30,Male,31,Vijayawada,Andhra Pradesh,Paid Ads
C01717,2026-07-03,Other,18,Visakhapatnam,Andhra Pradesh,Email
C03417,2025-07-22,Female,23,Visakhapatnam,Andhra Pradesh,Organic Search
C02605,2025-05-09,Male,34,Nagpur,Maharashtra,Paid Ads
C04141,2026-06-16,Female,33,Lucknow,Uttar Pradesh,Paid Ads
C02829,2025-08-25,Female,18,Bhubaneswar,Odisha,Paid Ads
C01705,2025-07-22,Male,34,Delhi,Delhi,Referral
C02864,2026-07-30,Male,26,Kolkata,West Bengal,Referral
C02619,2025-12-08,Male,31,Ranchi,Jharkhand,Social Media
C02401,2024-10-14,Male,43,Hyderabad,Telangana,Email
C02140,2025-12-13,Male,28,Lucknow,Uttar Pradesh,Organic Search
C03240,2025-03-26,Male,39,Delhi,Delhi,Email
C02384,2024-10-17,Male,44,Bhubaneswar,Odisha,Social Media
C03219,2025-07-28,Female,39,Patna,Bihar,Organic Search
C03766,2025-02-26,Male,40,Nagpur,Maharashtra,Social Media
C01286,2025-12-26,Female,22,Hyderabad,Telangana,Organic Search
C03818,2024-10-11,Male,28,Faridabad,Haryana,Email
C03862,2025-10-05,Other,20,Thiruvananthapuram,Kerala,Email
C04481,2026-04-23,Female,37,Gurugram,Haryana,Organic Search
C02088,2026-06-30,Male,31,Hyderabad,Telangana,Paid Ads
C01890,2026-03-11,Male,33,Thiruvananthapuram,Kerala,Social Media
C03526,2025-08-13,Male,24,Mumbai,Maharashtra,Organic Search
C01592,2025-02-08,Male,26,Coimbatore,Tamil Nadu,Organic Search
C01347,2024-10-23,Female,27,Kolkata,West Bengal,Referral
C04444,2026-04-21,Male,23,Mumbai,Maharashtra,Social Media
C02163,2025-08-23,Female,24,Kochi,Kerala,Paid Ads
C02397,2025-01-22,Female,27,Faridabad,Haryana,Social Media
C03665,2024-12-23,Male,,Kolkata,West Bengal,Organic Search
C02272,2024-11-19,Male,35,Lucknow,Uttar Pradesh,Organic Search
C04503,2025-10-04,Male,25,Bhopal,Madhya Pradesh,Email
C03112,2025-06-05,Female,28,DELHI,Delhi,Paid Ads
C01138,2026-04-16,Female,33,GURUGRAM,Haryana,Paid Ads
C03917,2026-06-22,Female,35,Bengaluru,Karnataka,Social Media
C00973,2026-05-19,,18,Pune,Maharashtra,Paid Ads
C00796,2025-01-10,Female,21,Thiruvananthapuram,Kerala,Paid Ads
C03021,2024-06-25,Male,21,Nagpur,Maharashtra,Email
C01712,2025-12-04,Male,27,Ahmedabad,Gujarat,Social Media
C03388,2025-04-25,Male,41,Pune,Maharashtra,Organic Search
C00037,2026-02-15,Male,42,Mysuru,Karnataka,Paid Ads
C00454,2025-07-27,Female,18,Indore,Madhya Pradesh,Organic Search
C00914,2024-10-28,Male,24,Kolkata,West Bengal,Paid Ads
C04101,2026-05-07,Female,38,patna,Bihar,Paid Ads
C01200,2025-12-15,Female,37,Surat,,Referral
C01275,2025-12-21,Male,29,Faridabad,Haryana,Paid Ads
C02376,2026-05-29,Male,22,Patna,Bihar,Organic Search
C00038,2025-04-23,Male,24,Chennai,Tamil Nadu,Paid Ads
C00975,2026-07-21,Male,30,Mysuru,Karnataka,Social Media
C03196,2026-01-28,Male,29,Bengaluru,Karnataka,Paid Ads
C00984,2025-05-07,Female,32,Bhopal,Madhya Pradesh,Referral
C04421,2025-12-26,Female,35,Chennai,Tamil Nadu,Social Media
C04795,2025-07-24,Male,32,Pune,Maharashtra,Organic Search
C01419,2026-02-26,Female,42,Ranchi,Jharkhand,Paid Ads
C03333,2024-11-26,Male,47,Coimbatore,Tamil Nadu,Paid Ads
C01561,2024-11-20,Male,43,Nagpur,Maharashtra,Organic Search
C00040,2026-03-30,Male,36,Visakhapatnam,Andhra Pradesh,Referral
C01487,2025-08-30,,18,Ahmedabad,Gujarat,Email
C03905,2025-12-26,Other,18,Mysuru,Karnataka,Organic Search
C00170,2024-09-07,Female,48,Kochi,Kerala,Paid Ads
C01356,2026-05-12,Female,33,Kanpur,Uttar Pradesh,Organic Search
C02786,2025-06-20,Other,18,Udaipur,Rajasthan,Organic Search
C03654,2025-03-18,Female,37,Gurugram,Haryana,Organic Search
C04761,2026-05-15,Male,22,Hyderabad,Telangana,Email
C04026,2026-06-19,Male,18,Visakhapatnam,Andhra Pradesh,Paid Ads
C02683,2026-03-30,Male,40,Indore,Madhya Pradesh,Referral
C04717,2025-01-21,Female,33,Chennai,Tamil Nadu,Social Media
C04047,2025-09-18,Female,36,Vijayawada,Andhra Pradesh,Organic Search
C01641,2025-12-02,Male,27,Indore,Madhya Pradesh,Paid Ads
C01291,2025-09-15,Male,32,Kochi,Kerala,Social Media
C01381,2024-10-29,Female,33,Hyderabad,Telangana,Paid Ads
C01934,2024-03-06,Male,30,Indore,Madhya Pradesh,Paid Ads
C00580,2025-09-25,Female,21,Gurugram,Haryana,Paid Ads
C04232,2025-09-27,Male,21,Kochi,Kerala,Organic Search
C03161,2026-06-01,Female,21,Coimbatore,Tamil Nadu,Organic Search
C02031,2025-11-16,Male,38,Mumbai,Maharashtra,Organic Search
C00893,2025-11-08,Female,41,Ranchi,Jharkhand,Organic Search
C03973,2026-05-14,Female,41,Bengaluru,Karnataka,Paid Ads
C00781,2024-07-13,Female,27,Jaipur,Rajasthan,Paid Ads
C00160,2025-05-19,Female,42,Faridabad,Haryana,Paid Ads
C00003,2025-02-24,Female,43,GURUGRAM,Haryana,Organic Search
C02264,2024-09-13,Male,40,Nagpur,Maharashtra,Organic Search
C03217,2025-11-22,Female,44,Delhi,Delhi,Paid Ads
C02110,2025-06-16,Female,22,Ahmedabad,Gujarat,Organic Search
C00850,2025-09-13,Male,40,Visakhapatnam,Andhra Pradesh,Referral
C02738,2024-06-15,Male,18,Udaipur,Rajasthan,Social Media
C02467,2025-08-10,Male,29,Ranchi,Jharkhand,Referral
C03718,2025-04-26,Male,20,Chennai,Tamil Nadu,Organic Search
C03672,2025-11-19,Male,38,Hyderabad,Telangana,Social Media
C01597,2025-07-29,Male,26,Patna,Bihar,Paid Ads
C01777,2025-10-09,Female,41,Vijayawada,Andhra Pradesh,Organic Search
C01914,2025-07-16,Male,36,Kochi,Kerala,Organic Search
C01044,2025-07-03,Male,39,Delhi,Delhi,Paid Ads
C04726,2024-08-13,Male,21,Chandigarh,Chandigarh,Email
C01545,2024-07-16,Male,22,Lucknow,Uttar Pradesh,Email
C02737,2025-03-28,Male,47,Jaipur,Rajasthan,Social Media
C03728,2024-08-02,Other,35,Mumbai,Maharashtra,Paid Ads
C04630,2024-09-17,Male,30,Indore,Madhya Pradesh,Social Media
C00054,2026-04-06,Male,31,Coimbatore,Tamil Nadu,Social Media
C01797,2026-03-20,Female,42,Guwahati,Assam,Email
C03589,2025-07-19,Male,35,Guwahati,Assam,Organic Search
C01912,2024-11-20,Female,42,Jaipur,Rajasthan,Social Media
C02307,2025-02-22,Male,30,Ahmedabad,Gujarat,Paid Ads
C02554,2025-12-25,Female,26,Kanpur,Uttar Pradesh,Organic Search
C02801,2026-02-25,Male,27,Coimbatore,Tamil Nadu,Paid Ads
C00937,2024-10-25,Male,30,Bengaluru,Karnataka,Paid Ads
C04544,2024-07-28,Female,31,Delhi,Delhi,Paid Ads
C00825,2025-10-07,Female,25,Nagpur,Maharashtra,Referral
C04746,2024-10-17,Male,34,Lucknow,,Paid Ads
C03179,2024-05-13,Female,42,Bhubaneswar,Odisha,Organic Search
C03402,2024-06-25,Female,29,Ranchi,Jharkhand,Paid Ads
C01390,2025-05-15,Male,36,Mysuru,Karnataka,Social Media
C03565,2025-11-11,Male,31,Pune,Maharashtra,Organic Search
C04889,2025-06-27,Male,28,Mysuru,Karnataka,Organic Search
C00885,2025-06-09,Female,38,Bhubaneswar,Odisha,Social Media
C03827,2025-04-06,Male,18,Vijayawada,Andhra Pradesh,Paid Ads
C01608,2025-10-25,Female,42,Vijayawada,,Organic Search
C01595,2025-03-18,Female,25,Mysuru,Karnataka,Social Media
C00772,2025-03-30,Female,30,Mysuru,Karnataka,Paid Ads
C02612,2025-05-06,Female,40,Noida,Uttar Pradesh,Organic Search
C03876,2026-02-25,Female,48,Guwahati,Assam,Social Media
C02274,2025-12-27,Male,23,Mumbai,Maharashtra,Organic Search
C01869,2024-11-30,Male,18,Visakhapatnam,Andhra Pradesh,Social Media
C01086,2024-08-05,Female,50,Chennai,Tamil Nadu,Organic Search
C00011,2025-10-16,Female,46,Chandigarh,Chandigarh,Email
C03633,2025-05-04,Female,43,Mumbai,Maharashtra,Email
C01326,2024-06-30,Male,31,Nagpur,Maharashtra,Email
C03391,2025-03-05,Female,37,Kochi,Kerala,Social Media
C01464,2026-05-20,Female,38,Delhi,Delhi,Email
C00807,2025-05-12,Male,22,Pune,Maharashtra,Paid Ads
C04156,2024-11-29,Female,40,Jaipur,Rajasthan,Organic Search
C04007,2026-01-31,Male,39,Vijayawada,Andhra Pradesh,Paid Ads
C03793,2025-12-14,Male,29,Ranchi,Jharkhand,Social Media
C02109,2025-10-15,Female,21,Ranchi,Jharkhand,Social Media
C04248,2025-10-20,Male,44,Surat,Gujarat,Social Media
C04969,2024-12-26,Female,25,Surat,Gujarat,Referral
C02235,2024-04-14,Male,31,Indore,Madhya Pradesh,Referral
C03212,2026-01-10,Female,41,Nagpur,Maharashtra,Organic Search
C00964,2025-10-05,,32,Kanpur,Uttar Pradesh,Organic Search
C03416,2026-01-08,Female,21,Pune,Maharashtra,Organic Search
C03775,2025-03-15,Female,33,Indore,Madhya Pradesh,Paid Ads
C00399,2025-11-20,Female,35,Noida,Uttar Pradesh,Paid Ads
C02633,2025-09-26,Male,28,Guwahati,Assam,Organic Search
C04864,2026-04-13,Female,44,Udaipur,Rajasthan,Organic Search
C02997,2025-08-20,Male,28,Kolkata,West Bengal,Organic Search
C00705,2024-10-30,Other,32,Ranchi,Jharkhand,Paid Ads
C00432,2025-02-13,,43,Bengaluru,Karnataka,Social Media
C00293,2026-06-05,Female,36,Kanpur,Uttar Pradesh,Paid Ads
C04880,2025-12-29,Male,45,Surat,Gujarat,Referral
C00146,2025-05-04,Female,27,Udaipur,Rajasthan,Email
C04158,2025-06-19,Female,18,Thiruvananthapuram,Kerala,Organic Search
C02034,2025-10-07,Female,22,Visakhapatnam,Andhra Pradesh,Organic Search
C04218,2025-08-15,Male,18,Surat,Gujarat,Social Media
C01166,2025-10-30,Male,38,Delhi,Delhi,Paid Ads
C03501,2026-01-04,Female,30,Nagpur,Maharashtra,Organic Search
C02051,2026-01-29,Female,46,Bengaluru,Karnataka,Paid Ads
C02625,2024-06-14,Male,32,Gurugram,Haryana,Paid Ads
C04391,2025-10-22,Female,21,Bhubaneswar,Odisha,Social Media
C00340,2024-12-09,Male,56,Faridabad,Haryana,Paid Ads
C04699,2025-08-12,Male,41,Guwahati,Assam,Organic Search
C03694,2026-02-24,Male,33,Jaipur,Rajasthan,Social Media
C02974,2025-04-15,Female,26,Kochi,Kerala,Organic Search
C00266,2026-05-11,Male,36,kochi,Kerala,Email
C02425,2025-02-25,Male,55,Hyderabad,Telangana,Paid Ads
C01263,2026-05-29,Female,21,Visakhapatnam,Andhra Pradesh,Referral
C01772,2025-01-21,Male,29,Nagpur,Maharashtra,Paid Ads
C03512,2025-06-28,Female,27,Nagpur,Maharashtra,Paid Ads
C00272,2026-02-13,Female,18,Surat,,Email
C00697,2025-02-21,Male,33,Bhopal,Madhya Pradesh,Referral
C00748,2026-04-17,Male,32,chandigarh,Chandigarh,Email
C00245,2025-03-12,,32,Surat,Gujarat,Organic Search
C00318,2026-03-14,Male,28,Delhi,Delhi,Organic Search
C00477,2025-08-24,Male,39,Kanpur,Uttar Pradesh,Referral
C02033,2025-10-12,Male,21,Indore,Madhya Pradesh,Social Media
C00958,2024-10-11,Female,31,Udaipur,Rajasthan,Paid Ads
C03838,2024-07-14,Female,51,Faridabad,Haryana,Referral
C00814,2026-02-14,,42,Surat,Gujarat,Social Media
C04183,2024-07-28,Male,44,Ahmedabad,Gujarat,Organic Search
C01915,2026-05-03,Male,28,Chandigarh,Chandigarh,Email
C04615,2026-02-27,Female,28,Chandigarh,Chandigarh,Paid Ads
C03488,2026-05-23,Other,21,Bhopal,Madhya Pradesh,Organic Search
C01298,2026-01-03,Female,26,Bhubaneswar,Odisha,Paid Ads
C04052,2025-05-29,Male,33,Delhi,Delhi,Paid Ads
C01805,2025-09-06,Other,34,Noida,Uttar Pradesh,Paid Ads
C00759,2025-02-19,Female,31,Thiruvananthapuram,Kerala,Paid Ads
C00251,2025-09-20,Female,47,Guwahati,Assam,Referral
C02462,2026-07-07,Male,40,Nagpur,Maharashtra,Organic Search
C00546,2025-04-15,Female,34,Indore,Madhya Pradesh,Organic Search
C03242,2026-05-19,Male,48,Thiruvananthapuram,Kerala,Organic Search
C00739,2025-05-17,Female,37,Mumbai,Maharashtra,Paid Ads
C00311,2024-11-13,Male,55,Vijayawada,Andhra Pradesh,Paid Ads
C03802,2025-04-15,,40,Bhubaneswar,Odisha,Social Media
C02942,2024-09-21,Male,28,Noida,Uttar Pradesh,Social Media
C01132,2024-09-11,Male,39,Kanpur,Uttar Pradesh,Social Media
C01450,2025-04-15,Male,29,Noida,Uttar Pradesh,Organic Search
C04932,2026-01-14,Male,27,Kolkata,West Bengal,Organic Search
C00016,2024-10-25,Female,32,Coimbatore,Tamil Nadu,Organic Search
C03233,2025-01-28,Male,20,Ahmedabad,Gujarat,Organic Search
C02770,2024-06-05,Female,39,Mumbai,Maharashtra,Organic Search
C03469,2025-11-01,Female,23,Gurugram,Haryana,Email
C00921,2025-07-08,Male,31,Chandigarh,Chandigarh,Referral
C03030,2024-07-26,Male,39,Delhi,Delhi,Paid Ads
C01373,2025-06-01,Female,31,Guwahati,Assam,Email
C03588,2026-02-08,Other,36,Kanpur,Uttar Pradesh,Paid Ads
C02545,2025-04-26,Female,31,Thiruvananthapuram,,Social Media
C03599,2025-01-29,Female,29,Vijayawada,Andhra Pradesh,Referral
C00039,2026-05-03,Male,18,Gurugram,Haryana,Social Media
C00364,2026-05-19,Female,18,Kochi,Kerala,Email
C04113,2024-06-19,Female,39,Visakhapatnam,Andhra Pradesh,Organic Search
C00183,2025-05-06,Female,35,Faridabad,Haryana,Organic Search
C03034,2026-05-10,Female,32,AHMEDABAD,Gujarat,Social Media
C02984,2026-04-17,Male,36,Visakhapatnam,Andhra Pradesh,Social Media
C01195,2024-11-29,Female,29,Gurugram,Haryana,Organic Search
C02853,2025-01-19,Male,23,Vijayawada,Andhra Pradesh,Referral
C03788,2026-06-17,Male,25,Bengaluru,Karnataka,Organic Search
C01122,2024-05-18,Male,18,Ranchi,Jharkhand,Email
C02236,2025-03-23,Female,30,Mysuru,,Organic Search
C02668,2025-07-18,Female,36,Faridabad,Haryana,Organic Search
C03721,2025-02-01,Female,45,Thiruvananthapuram,Kerala,Paid Ads
C03224,2026-03-18,Other,37,Patna,Bihar,Organic Search
C01183,2025-08-25,Male,28,Coimbatore,Tamil Nadu,Email
C04196,2025-06-10,Female,37,SURAT,Gujarat,Social Media
C04306,2026-01-27,Male,40,Ahmedabad,Gujarat,Paid Ads
C00615,2026-06-07,Male,31,Delhi,Delhi,Social Media
C04921,2026-01-31,,45,Thiruvananthapuram,Kerala,Referral
C01467,2026-06-17,Male,30,Bhopal,Madhya Pradesh,Organic Search
C00402,2025-02-07,Male,21,Ranchi,Jharkhand,Organic Search
C03043,2026-07-23,Male,30,Vijayawada,Andhra Pradesh,Organic Search
C00935,2025-07-25,Male,26,Hyderabad,Telangana,Email
C02420,2025-07-04,Female,32,Kochi,Kerala,Social Media
C04051,2024-08-28,Male,46,Thiruvananthapuram,Kerala,Paid Ads
C04527,2024-08-05,Female,31,Bengaluru,Karnataka,Email
C02642,2025-04-21,Male,23,Chennai,Tamil Nadu,Social Media
C04039,2026-01-26,Male,18,JAIPUR,Rajasthan,Organic Search
C00727,2024-11-06,Male,32,Lucknow,Uttar Pradesh,Paid Ads
C00827,2025-10-28,Female,29,Thiruvananthapuram,Kerala,Paid Ads
C01522,2024-07-01,Male,27,Nagpur,Maharashtra,Organic Search
C04757,2024-10-24,Female,48,Mumbai,Maharashtra,Referral
C02931,2026-06-17,Female,39,Patna,Bihar,Social Media
C00137,2026-04-16,Male,38,Bhubaneswar,Odisha,Organic Search
C03591,2025-10-31,Female,28,Chandigarh,Chandigarh,Organic Search
C00629,2026-02-15,Male,18,Kochi,Kerala,Paid Ads
C00335,2026-02-21,Male,18,Pune,Maharashtra,Referral
C00391,2025-01-08,Female,25,Patna,Bihar,Paid Ads
C04400,2024-09-10,Male,19,Lucknow,Uttar Pradesh,Paid Ads
C04936,2025-12-19,Female,28,Jaipur,Rajasthan,Social Media
C03854,2025-02-10,Female,30,Indore,Madhya Pradesh,Email
C01818,2025-10-03,Female,39,Chennai,Tamil Nadu,Organic Search
C00401,2025-12-17,Male,43,Surat,Gujarat,Organic Search
C00711,2024-10-05,Female,46,BENGALURU,Karnataka,Paid Ads
C01040,2026-02-04,Female,18,Surat,Gujarat,Paid Ads
C04011,2026-01-15,Male,27,Udaipur,Rajasthan,Email
C03360,2025-09-18,Female,39,Udaipur,Rajasthan,Referral
C00047,2025-08-01,Male,42,Thiruvananthapuram,Kerala,Paid Ads
C01562,2026-03-15,Female,35,Bhubaneswar,Odisha,Social Media
C04812,2025-10-15,Female,26,Kanpur,Uttar Pradesh,Paid Ads
C03643,2024-08-31,Female,32,Ahmedabad,Gujarat,Social Media
C03727,2025-12-04,Female,43,Lucknow,Uttar Pradesh,Paid Ads
C04856,2025-09-15,Female,30,Kolkata,West Bengal,Social Media
C01113,2025-10-11,Female,37,Gurugram,Haryana,Organic Search
C02514,2024-12-11,Other,27,Udaipur,Rajasthan,Referral
C03609,2025-08-12,Male,41,Chandigarh,Chandigarh,Paid Ads
C01224,2025-08-30,Male,20,Patna,Bihar,Paid Ads
C04082,2025-03-24,Female,30,Lucknow,Uttar Pradesh,Paid Ads
C03024,2026-07-12,Female,25,Kolkata,West Bengal,Social Media
C02422,2024-09-07,Female,32,Noida,Uttar Pradesh,Paid Ads
C01509,2025-07-08,,31,Gurugram,Haryana,Paid Ads
C01751,2025-07-28,Male,30,Bhubaneswar,Odisha,Social Media
C04850,2026-01-02,Male,42,Nagpur,Maharashtra,Social Media
C04592,2025-01-19,Male,29,Guwahati,Assam,Paid Ads
C01800,2024-11-08,,39,Udaipur,Rajasthan,Organic Search
C00339,2024-06-04,Female,29,Noida,Uttar Pradesh,Paid Ads
C00216,2025-01-22,Female,39,Jaipur,Rajasthan,Email
C03664,2026-03-14,Male,24,Kolkata,West Bengal,Organic Search
C01342,2024-06-23,Other,37,Faridabad,Haryana,Paid Ads
C00012,2025-01-10,Male,35,Gurugram,Haryana,Referral
C01521,2026-02-05,Female,24,Kanpur,Uttar Pradesh,Paid Ads
C03641,2025-09-11,Male,25,Kochi,Kerala,Paid Ads
C03959,2025-09-05,Male,40,Guwahati,Assam,Paid Ads
C03797,2025-10-15,Female,43,Udaipur,Rajasthan,Organic Search
C03005,2025-07-25,Male,25,Bhubaneswar,Odisha,Paid Ads
C02865,2024-05-17,Male,27,Vijayawada,Andhra Pradesh,Organic Search
C03116,2026-03-05,Male,25,Chandigarh,Chandigarh,Paid Ads
C04853,2025-09-13,Male,42,Jaipur,Rajasthan,Paid Ads
C02323,2026-05-03,Male,22,Noida,Uttar Pradesh,Social Media
C02572,2025-12-11,Female,29,Thiruvananthapuram,Kerala,Referral
C02914,2026-01-13,Female,29,Delhi,Delhi,Email
C00102,2024-09-30,Female,43,Bhopal,Madhya Pradesh,Social Media
C03550,2024-10-24,Female,24,Bhopal,Madhya Pradesh,Referral
C01459,2026-04-25,Male,38,Surat,Gujarat,Referral
C00172,2024-12-10,Female,37,kanpur,Uttar Pradesh,Organic Search
C00108,2024-09-09,Female,34,Kolkata,West Bengal,Social Media
C04208,2026-03-13,Male,21,Mysuru,Karnataka,Paid Ads
C03570,2025-06-06,Female,25,Kolkata,West Bengal,Paid Ads
C00714,2025-11-03,Male,18,Bengaluru,Karnataka,Paid Ads
C04308,2024-12-01,Female,18,Hyderabad,Telangana,Social Media
C04085,2024-07-16,Female,29,Mysuru,Karnataka,Email
C03883,2024-12-01,Female,36,Delhi,Delhi,Paid Ads
C04134,2024-12-15,Male,36,Thiruvananthapuram,Kerala,Social Media
C04092,2025-03-12,Female,29,Hyderabad,Telangana,Email
C00061,2025-01-09,Male,23,Visakhapatnam,Andhra Pradesh,Organic Search
C01241,2024-09-26,Male,36,Lucknow,Uttar Pradesh,Social Media
C04650,2024-09-16,Male,18,Guwahati,Assam,Organic Search
C01041,2025-03-16,Male,52,Lucknow,Uttar Pradesh,Paid Ads
C04199,2024-05-16,Male,28,Bhubaneswar,Odisha,Social Media
C02761,2025-06-07,Female,20,Bhopal,Madhya Pradesh,Paid Ads
C02121,2025-09-22,Male,25,Nagpur,Maharashtra,Paid Ads
C01525,2025-05-19,Female,24,Patna,Bihar,Paid Ads
C03522,2025-08-18,Female,46,Noida,Uttar Pradesh,Email
C00154,2026-02-24,,28,Vijayawada,Andhra Pradesh,Paid Ads
C02249,2026-06-20,Male,18,Udaipur,Rajasthan,Email
C00482,2025-09-24,Male,35,Vijayawada,Andhra Pradesh,Paid Ads
C04245,2026-02-23,Female,21,Kochi,Kerala,Email
C04318,2025-07-02,Female,30,Surat,Gujarat,Social Media
C03579,2026-02-23,Female,28,Hyderabad,Telangana,Organic Search
C04441,2025-04-12,Female,38,Faridabad,Haryana,Social Media
C03563,2024-09-01,Male,40,Kolkata,West Bengal,Email
C03316,2025-07-20,Female,33,Nagpur,Maharashtra,Social Media
C01763,2024-06-01,Female,25,Noida,Uttar Pradesh,Paid Ads
C03539,2024-11-29,Male,45,Udaipur,Rajasthan,Paid Ads
C04816,2024-08-12,Other,24,Delhi,Delhi,Social Media
C00751,2026-05-20,Female,18,Coimbatore,Tamil Nadu,Paid Ads
C03620,2026-02-06,Female,28,Indore,Madhya Pradesh,Paid Ads
C01786,2026-03-05,Male,19,Kanpur,Uttar Pradesh,Paid Ads
C04825,2025-11-14,Female,55,Coimbatore,Tamil Nadu,Organic Search
C03384,2024-08-17,Male,18,Kochi,Kerala,Paid Ads
C04150,2024-09-30,Male,25,Jaipur,Rajasthan,Organic Search
C00406,2024-10-07,Female,22,Mysuru,Karnataka,Social Media
C00758,2025-11-12,Male,49,Jaipur,Rajasthan,Social Media
C02712,2025-03-24,Female,21,Udaipur,Rajasthan,Email
C02671,2025-07-19,Female,52,Pune,Maharashtra,Paid Ads
C04005,2025-07-02,Male,38,Faridabad,Haryana,Social Media
C00098,2025-09-30,Female,29,Chandigarh,Chandigarh,Social Media
C01334,2025-09-03,Male,29,Delhi,Delhi,Paid Ads
C04464,2024-12-19,Female,21,bengaluru,Karnataka,Social Media
C02792,2025-05-26,Female,37,Nagpur,Maharashtra,Social Media
C02855,2025-12-11,Male,44,Kanpur,Uttar Pradesh,Paid Ads
C00187,2025-04-12,Female,36,Lucknow,Uttar Pradesh,Email
C04025,2026-03-21,Male,34,Hyderabad,Telangana,Social Media
C02724,2026-03-06,Male,39,Kanpur,Uttar Pradesh,Organic Search
C03584,2025-01-25,Female,34,Ahmedabad,Gujarat,Social Media
C02059,2025-12-08,Male,34,Coimbatore,Tamil Nadu,Social Media
C01320,2025-09-27,Male,30,Patna,Bihar,Paid Ads
C00149,2025-04-19,Male,39,Gurugram,Haryana,Organic Search
C00029,2025-03-11,Female,28,Guwahati,Assam,Social Media
C04152,2026-01-23,Male,45,Kochi,Kerala,Organic Search
C04031,2025-10-09,Female,37,Kanpur,Uttar Pradesh,Referral
C03364,2025-11-04,Female,32,Nagpur,Maharashtra,Email
C00693,2025-06-27,Male,21,Kochi,Kerala,Email
C02867,2026-01-05,Female,29,Jaipur,Rajasthan,Organic Search
C03777,2025-09-01,Male,32,Bhopal,,Referral
C01387,2025-01-08,Male,37,Indore,Madhya Pradesh,Referral
C01846,2025-11-06,Male,29,Ahmedabad,Gujarat,Referral
C04743,2026-04-21,Male,54,Patna,Bihar,Paid Ads
C00130,2025-09-19,Female,27,Kochi,Kerala,Referral
C01600,2025-09-12,Female,28,Chandigarh,Chandigarh,Social Media
C03630,2025-06-03,Female,20,Mumbai,Maharashtra,Paid Ads
C04516,2025-11-12,Female,22,Nagpur,,Email
C00702,2024-03-09,Male,32,Visakhapatnam,Andhra Pradesh,Social Media
C04004,2025-12-27,Female,34,Mumbai,Maharashtra,Paid Ads
C03029,2025-12-03,Male,42,Lucknow,Uttar Pradesh,Paid Ads
C02970,2026-01-19,Female,30,Surat,Gujarat,Social Media
C04369,2025-08-22,,23,Indore,Madhya Pradesh,Social Media
C01709,2026-06-14,Male,29,Nagpur,Maharashtra,Paid Ads
C02954,2026-06-22,Male,41,Mysuru,Karnataka,Paid Ads
C00455,2025-03-11,Other,39,Jaipur,Rajasthan,Social Media
C02869,2025-12-11,Male,27,Pune,Maharashtra,Referral
C02041,2026-02-21,Male,27,Mysuru,Karnataka,Organic Search
C01773,2024-08-18,Male,25,Surat,Gujarat,Social Media
C02316,2025-08-25,,42,Guwahati,Assam,Social Media
C00610,2025-09-03,Female,21,Coimbatore,Tamil Nadu,Social Media
C00168,2024-02-03,Male,22,Hyderabad,Telangana,Social Media
C00731,2026-07-24,Male,32,Indore,Madhya Pradesh,Paid Ads
C04261,2026-03-05,Male,18,Patna,Bihar,Referral
C03359,2026-02-08,Male,40,Noida,Uttar Pradesh,Paid Ads
C02075,2025-03-29,Male,47,KANPUR,Uttar Pradesh,Paid Ads
C04061,2025-04-09,,29,Hyderabad,Telangana,Organic Search
C03701,2026-03-08,Female,31,Noida,Uttar Pradesh,Organic Search
C01623,2025-01-19,Female,52,Thiruvananthapuram,Kerala,Organic Search
C00588,2025-02-22,Female,27,Nagpur,Maharashtra,Paid Ads
C01402,2024-10-22,Other,29,Indore,Madhya Pradesh,Referral
C03046,2026-07-04,Female,41,Chennai,Tamil Nadu,Organic Search
C03225,2026-05-08,Male,34,Udaipur,Rajasthan,Paid Ads
C01701,2024-07-07,Female,27,Chennai,Tamil Nadu,Social Media
C03089,2026-03-11,,20,Patna,Bihar,Social Media
C04403,2026-04-30,Female,24,Bhubaneswar,Odisha,Referral
C02982,2026-05-16,Female,26,Faridabad,Haryana,Organic Search
C00041,2025-03-12,Male,31,Kanpur,Uttar Pradesh,Paid Ads
C01380,2025-07-21,Female,18,Patna,Bihar,Referral
C02090,2026-03-19,Male,29,Bhopal,Madhya Pradesh,Email
C02176,2025-10-17,Male,18,Nagpur,Maharashtra,Referral
C03218,2024-06-17,Male,37,Mysuru,Karnataka,Referral
C02886,2026-05-23,Male,31,Indore,Madhya Pradesh,Organic Search
C00075,2026-07-21,Female,26,Kanpur,Uttar Pradesh,Paid Ads
C03931,2025-10-31,Male,51,Faridabad,Haryana,Social Media
C03912,2026-05-13,Female,32,Surat,Gujarat,Referral
C02658,2025-08-19,Male,25,Delhi,Delhi,Paid Ads
C03181,2026-03-18,Female,22,Guwahati,Assam,Paid Ads
C02077,2024-08-11,Male,21,Jaipur,Rajasthan,Paid Ads
C00442,2025-08-27,Other,32,Faridabad,Haryana,Organic Search
C04073,2025-04-06,Male,18,Jaipur,Rajasthan,Paid Ads
C02052,2025-06-09,Male,22,Udaipur,Rajasthan,Organic Search
C02542,2026-02-27,Male,38,KANPUR,Uttar Pradesh,Paid Ads
C03307,2025-06-23,,38,Delhi,Delhi,Referral
C01302,2025-05-04,Male,36,Indore,Madhya Pradesh,Organic Search
C01782,2025-03-02,Male,25,Chennai,Tamil Nadu,Social Media
C04827,2025-10-23,Female,26,Bhubaneswar,Odisha,Social Media
C03431,2025-04-04,Male,38,Ranchi,Jharkhand,Paid Ads
C01305,2025-07-11,Male,33,Kolkata,West Bengal,Paid Ads
C00237,2025-08-04,Male,36,Ahmedabad,Gujarat,Organic Search
C02600,2025-09-27,Male,27,Coimbatore,Tamil Nadu,Paid Ads
C00521,2025-07-24,Female,26,Bhubaneswar,Odisha,Organic Search
C02574,2025-01-02,Female,37,Thiruvananthapuram,Kerala,Paid Ads
C03281,2025-01-10,Female,29,Chennai,Tamil Nadu,Organic Search
C03187,2025-08-05,Male,40,Mumbai,Maharashtra,Social Media
C02769,2025-09-19,Male,22,Mumbai,Maharashtra,Organic Search
C00736,2025-01-28,Female,21,Visakhapatnam,Andhra Pradesh,Paid Ads
C04716,2026-03-08,Female,28,Thiruvananthapuram,Kerala,Social Media
C04942,2026-05-10,Male,42,Bengaluru,Karnataka,Social Media
C02107,2024-12-20,Male,18,Kolkata,West Bengal,Organic Search
C02680,2025-08-30,Female,31,Ahmedabad,Gujarat,Email
C03230,2024-12-21,Male,18,Guwahati,Assam,Organic Search
C02762,2026-03-29,Male,31,Kolkata,West Bengal,Organic Search
C00593,2026-07-05,Male,23,Kochi,Kerala,Social Media
C01304,2026-05-09,Male,38,Delhi,Delhi,Paid Ads
C01388,2026-03-13,Male,29,Lucknow,Uttar Pradesh,Organic Search
C04708,2026-01-07,Male,34,Mumbai,Maharashtra,Paid Ads
C04539,2025-09-27,Male,37,Visakhapatnam,Andhra Pradesh,Organic Search
C03969,2026-05-28,Male,,Bhubaneswar,Odisha,Email
C01891,2024-12-02,Female,41,Nagpur,Maharashtra,Social Media
C02988,2025-04-08,Female,37,Udaipur,Rajasthan,Social Media
C04937,2025-01-25,Male,26,Bhubaneswar,Odisha,Email
C03298,2025-05-09,Female,23,Bengaluru,Karnataka,Social Media
C00905,2025-09-19,Male,42,Faridabad,Haryana,Email
C04622,2025-11-06,,31,Thiruvananthapuram,Kerala,Referral
C01280,2025-03-21,Female,27,Patna,Bihar,Social Media
C00934,2024-07-08,Female,31,Visakhapatnam,Andhra Pradesh,Paid Ads
C04945,2026-04-19,Female,22,Visakhapatnam,Andhra Pradesh,Social Media
C02309,2025-10-17,Female,39,Thiruvananthapuram,Kerala,Paid Ads
C01556,2026-04-04,Female,40,Udaipur,Rajasthan,Social Media
C04546,2025-12-17,Male,18,Kochi,Kerala,Referral
C03191,2026-07-03,,32,Kanpur,Uttar Pradesh,Social Media
C04454,2024-10-12,Female,22,Delhi,Delhi,Organic Search
C00707,2026-07-18,Female,24,Mysuru,Karnataka,Social Media
C04703,2026-06-27,Male,27,Vijayawada,Andhra Pradesh,Paid Ads
C03071,2026-02-08,Female,46,Noida,Uttar Pradesh,Organic Search
C00746,2025-06-13,Female,32,Kanpur,Uttar Pradesh,Paid Ads
C03595,2025-11-22,Male,24,Visakhapatnam,Andhra Pradesh,Paid Ads
C01940,2026-01-20,Male,31,Ahmedabad,Gujarat,Email
C04413,2025-02-06,Male,33,Noida,Uttar Pradesh,Paid Ads
C02863,2026-07-16,Female,35,Surat,Gujarat,Social Media
C04018,2026-03-10,Female,36,Kanpur,Uttar Pradesh,Social Media
C00514,2026-05-29,Male,18,Surat,Gujarat,Organic Search
C00082,2024-10-20,Male,39,Chennai,Tamil Nadu,Social Media
C04989,2024-10-02,Female,30,JAIPUR,Rajasthan,Organic Search
C01309,2024-07-03,Male,18,Delhi,Delhi,Email
C04561,2025-04-24,Female,37,Udaipur,Rajasthan,Organic Search
C00915,2024-08-25,Male,23,Mumbai,Maharashtra,Organic Search
C03453,2025-12-20,Male,39,Vijayawada,Andhra Pradesh,Paid Ads
C03696,2025-08-20,Female,50,Lucknow,,Organic Search
C04817,2026-06-13,Male,,Kochi,Kerala,Social Media
C03157,2026-05-21,Female,35,Thiruvananthapuram,Kerala,Referral
C02199,2026-01-27,Other,22,Kanpur,Uttar Pradesh,Referral
C04244,2024-08-10,Male,44,Kochi,Kerala,Paid Ads
C00775,2025-10-29,Male,41,Thiruvananthapuram,Kerala,Organic Search
C00330,2026-03-20,Male,25,Vijayawada,Andhra Pradesh,Social Media
C02055,2025-03-28,Female,29,Visakhapatnam,Andhra Pradesh,Paid Ads
C02002,2024-03-31,Male,34,Kochi,Kerala,Organic Search
C00944,2025-06-25,Female,28,Coimbatore,Tamil Nadu,Paid Ads
C00823,2024-08-04,Male,29,Jaipur,Rajasthan,Paid Ads
C04540,2025-11-10,Male,37,Hyderabad,Telangana,Paid Ads
C00910,2025-10-03,Male,40,Surat,Gujarat,Social Media
C02517,2026-05-01,Female,47,Noida,Uttar Pradesh,Social Media
C00182,2025-01-01,Female,36,Jaipur,Rajasthan,Organic Search
C00165,2025-04-27,Female,25,Noida,Uttar Pradesh,Organic Search
C01524,2025-07-03,Female,37,Patna,Bihar,Paid Ads
C00452,2025-12-24,Male,28,Mumbai,Maharashtra,Paid Ads
C02539,2025-07-26,Female,21,Visakhapatnam,Andhra Pradesh,Paid Ads
C04996,2025-11-24,Female,30,Bhopal,Madhya Pradesh,Organic Search
C04788,2025-10-09,Female,18,Bhopal,Madhya Pradesh,Organic Search
C01312,2026-07-24,Female,30,Vijayawada,Andhra Pradesh,Referral
C03150,2024-09-17,Female,19,Bengaluru,Karnataka,Organic Search
C01112,2026-02-25,Male,37,Vijayawada,Andhra Pradesh,Social Media
C04560,2025-05-18,Male,20,Gurugram,Haryana,Paid Ads
C03875,2025-03-12,Male,36,ranchi,Jharkhand,Social Media
C03490,2026-05-24,Male,35,Visakhapatnam,Andhra Pradesh,Email
C01288,2025-09-01,Female,33,Lucknow,Uttar Pradesh,Organic Search
C04347,2025-03-29,Male,24,Patna,Bihar,Paid Ads
C04658,2025-02-26,Male,24,Ahmedabad,Gujarat,Organic Search
C03681,2025-07-22,Female,18,Udaipur,Rajasthan,Paid Ads
C04343,2024-08-03,Male,20,Gurugram,Haryana,Paid Ads
C04180,2025-10-26,Female,36,Indore,Madhya Pradesh,Referral
C03301,2025-08-28,Female,32,Vijayawada,Andhra Pradesh,Organic Search
C03311,2025-05-02,Male,43,Kochi,Kerala,Referral
C04569,2024-07-14,,31,Bhopal,Madhya Pradesh,Social Media
C03126,2025-12-28,Female,35,Nagpur,Maharashtra,Social Media
C00328,2024-08-16,Male,41,Lucknow,Uttar Pradesh,Organic Search
C01791,2026-05-07,Female,27,Bengaluru,Karnataka,Social Media
C02491,2026-02-11,Female,33,Indore,Madhya Pradesh,Paid Ads
C02007,2025-08-24,Male,42,Coimbatore,Tamil Nadu,Email
C02008,2025-03-11,Female,33,Visakhapatnam,Andhra Pradesh,Organic Search
C01859,2025-07-01,Female,21,Chandigarh,Chandigarh,Organic Search
C04698,2024-06-13,Female,42,Bhopal,Madhya Pradesh,Social Media
C00313,2025-02-04,Female,30,Kolkata,West Bengal,Organic Search
C00833,2026-06-25,Male,24,Kanpur,Uttar Pradesh,Referral
C03080,2024-10-11,Female,41,Vijayawada,Andhra Pradesh,Social Media
C04730,2026-03-08,Male,29,Bhubaneswar,Odisha,Referral
C03463,2026-03-25,Female,24,Udaipur,Rajasthan,Social Media
C01202,2026-04-18,Male,48,Bengaluru,Karnataka,Paid Ads
C04404,2026-05-05,Female,39,Thiruvananthapuram,Kerala,Paid Ads
C03548,2026-06-04,Male,27,Ahmedabad,Gujarat,Paid Ads
C04709,2026-07-07,Female,35,Gurugram,Haryana,Email
C02135,2025-05-07,Male,18,Nagpur,Maharashtra,Referral
C03452,2024-11-23,Other,23,Mumbai,Maharashtra,Email
C02210,2025-03-18,Male,35,Ranchi,Jharkhand,Social Media
C01902,2025-03-12,Male,28,Lucknow,Uttar Pradesh,Social Media
C01482,2026-01-03,Female,28,Coimbatore,Tamil Nadu,Paid Ads
C00778,2025-07-29,Male,44,Surat,Gujarat,Paid Ads
C00800,2026-02-15,Female,29,Bhopal,Madhya Pradesh,Social Media
C03715,2024-07-02,Male,26,Udaipur,Rajasthan,Organic Search
C03943,2025-08-21,Male,42,Vijayawada,Andhra Pradesh,Organic Search
C00055,2026-03-07,Female,27,Vijayawada,Andhra Pradesh,Referral
C02973,2024-08-16,Male,28,Hyderabad,Telangana,Paid Ads
C03336,2026-01-02,Male,46,Thiruvananthapuram,Kerala,Paid Ads
C01921,2026-07-13,,24,Udaipur,Rajasthan,Referral
C03716,2025-09-17,Female,30,Bengaluru,Karnataka,Social Media
C04983,2025-07-14,Male,30,Surat,Gujarat,Social Media
C00947,2024-12-20,Female,37,Lucknow,Uttar Pradesh,Paid Ads
C01702,2025-12-02,Male,27,Pune,Maharashtra,Email
C03294,2025-07-13,Male,31,Ranchi,Jharkhand,Organic Search
C02162,2025-05-21,Male,29,Guwahati,Assam,Organic Search
C01137,2026-05-05,Male,30,Chennai,Tamil Nadu,Email
C00988,2025-05-20,Male,32,Noida,,Paid Ads
C02550,2024-09-17,Female,34,Delhi,Delhi,Organic Search
C00194,2024-07-25,Female,23,Vijayawada,Andhra Pradesh,Social Media
C03058,2025-09-21,Male,28,Thiruvananthapuram,Kerala,Paid Ads
C03247,2024-08-20,Female,29,Gurugram,Haryana,Referral
C01395,2025-08-24,Male,41,Pune,Maharashtra,Social Media
C02638,2026-02-09,Male,25,Bhubaneswar,Odisha,Paid Ads
C00769,2024-10-30,Female,32,Coimbatore,Tamil Nadu,Paid Ads
C04715,2025-06-02,Female,36,Gurugram,Haryana,Social Media
C03091,2026-05-10,Female,32,Lucknow,Uttar Pradesh,Social Media
C03496,2024-12-20,Female,36,Bhubaneswar,Odisha,Organic Search
C03216,2025-08-20,Male,34,Chennai,Tamil Nadu,Social Media
C00286,2025-10-27,Female,39,Guwahati,Assam,Organic Search
C04951,2025-11-28,Male,19,Bhubaneswar,Odisha,Paid Ads
C00429,2025-12-26,Female,25,Surat,Gujarat,Social Media
C04461,2025-10-20,Female,45,Hyderabad,Telangana,Referral
C02333,2025-12-18,Female,33,Ahmedabad,,Referral
C02718,2025-11-10,Male,48,Chandigarh,Chandigarh,Organic Search
C02080,2024-07-03,,33,Bhopal,Madhya Pradesh,Organic Search
C03390,2025-12-26,Male,47,Thiruvananthapuram,Kerala,Organic Search
C00723,2025-01-04,Male,28,Bengaluru,Karnataka,Paid Ads
C00952,2024-07-21,Male,41,Patna,Bihar,Social Media
C04396,2025-10-05,Male,,Kanpur,Uttar Pradesh,Social Media
C04379,2024-07-22,Male,28,Bhubaneswar,Odisha,Social Media
C02263,2025-07-29,Female,29,Guwahati,Assam,Email
C00990,2025-04-03,Male,25,Thiruvananthapuram,Kerala,Referral
C03213,2024-08-07,Female,45,Bengaluru,Karnataka,Organic Search
C01760,2026-06-11,Male,29,Lucknow,Uttar Pradesh,Paid Ads
C04119,2025-08-02,Female,51,Mumbai,Maharashtra,Social Media
C00327,2025-06-09,Male,28,Pune,Maharashtra,Organic Search
C02609,2026-02-07,Female,18,Kanpur,Uttar Pradesh,Paid Ads
C01384,2025-03-28,Male,28,Hyderabad,Telangana,Referral
C01725,2026-02-20,Female,38,Bhopal,Madhya Pradesh,Referral
C01087,2025-12-20,Male,29,Pune,Maharashtra,Paid Ads
C02524,2025-01-09,Male,24,Mumbai,Maharashtra,Social Media
C00342,2025-03-17,Female,41,Patna,Bihar,Organic Search
C03702,2026-03-01,Female,27,Chennai,Tamil Nadu,Paid Ads
C00148,2026-07-08,Female,36,Chennai,Tamil Nadu,Paid Ads
C00689,2024-07-26,Male,35,Faridabad,Haryana,Organic Search
C03433,2026-03-19,Female,51,Mumbai,Maharashtra,Social Media
C01108,2026-04-09,Female,41,Kochi,Kerala,Referral
C00849,2025-02-28,Male,28,Lucknow,Uttar Pradesh,Social Media
C00967,2026-02-18,Female,29,Ranchi,Jharkhand,Organic Search
C04740,2025-08-28,Female,34,Pune,Maharashtra,Email
C01493,2026-02-19,Male,18,Surat,Gujarat,Social Media
C03954,2026-05-27,,34,Bhopal,Madhya Pradesh,Email
C02204,2025-12-20,Male,46,Surat,Gujarat,Referral
C02714,2025-03-28,Other,30,Vijayawada,Andhra Pradesh,Organic Search
C00662,2025-11-21,Male,31,Kanpur,Uttar Pradesh,Social Media
C01003,2025-11-01,Female,43,Mumbai,Maharashtra,Email
C00063,2025-10-30,Female,31,Hyderabad,Telangana,Referral
C00285,2026-02-11,Female,31,Bhopal,Madhya Pradesh,Organic Search
C02225,2024-06-26,Female,18,Guwahati,Assam,Organic Search
C04719,2024-04-06,Female,18,Udaipur,Rajasthan,Paid Ads
C01880,2024-11-28,Male,21,Delhi,Delhi,Paid Ads
C03573,2026-02-10,Male,31,Mumbai,Maharashtra,Referral
C04870,2026-04-13,Male,28,Visakhapatnam,Andhra Pradesh,Social Media
C01204,2025-12-16,Female,37,Hyderabad,Telangana,Organic Search
C01991,2025-10-08,Male,51,Nagpur,Maharashtra,Organic Search
C00025,2025-11-24,Male,49,Thiruvananthapuram,Kerala,Referral
C04865,2025-12-26,Male,20,Udaipur,Rajasthan,Paid Ads
C04114,2025-11-11,Female,32,Hyderabad,Telangana,Organic Search
C04408,2025-05-16,Female,45,Chennai,Tamil Nadu,Social Media
C00763,2025-11-01,Female,18,Lucknow,Uttar Pradesh,Paid Ads
C00876,2025-08-27,Male,32,Bhubaneswar,Odisha,Social Media
C04755,2025-07-31,Male,34,Bhopal,Madhya Pradesh,Organic Search
C00939,2025-03-01,Male,32,BHUBANESWAR,,Paid Ads
C02688,2024-08-02,Female,20,Nagpur,Maharashtra,Social Media
C03601,2026-05-05,Female,40,Lucknow,Uttar Pradesh,Paid Ads
C02395,2025-08-21,Male,61,Gurugram,Haryana,Referral
C04580,2025-11-21,Male,18,Ranchi,Jharkhand,Paid Ads
C04993,2024-08-31,Female,48,Mumbai,Maharashtra,Social Media
C04136,2025-08-24,Female,32,Thiruvananthapuram,Kerala,Paid Ads
C00386,2025-06-29,Female,23,Lucknow,Uttar Pradesh,Referral
C04383,2025-12-25,Male,24,Chennai,Tamil Nadu,Social Media
C04582,2024-07-18,Male,26,Surat,Gujarat,Email
C00537,2025-06-28,Female,18,Surat,Gujarat,Email
C04678,2026-05-05,Female,40,Kochi,Kerala,Paid Ads
C03508,2025-08-05,Female,32,Bengaluru,Karnataka,Social Media
C00202,2025-08-03,Male,33,Ranchi,Jharkhand,Paid Ads
C01333,2026-07-16,Female,37,Mumbai,Maharashtra,Paid Ads
C03503,2025-09-25,Female,31,Patna,Bihar,Organic Search
C02709,2026-04-17,Male,33,Hyderabad,Telangana,Social Media
C04022,2026-03-16,Male,35,NAGPUR,Maharashtra,Social Media
C01855,2025-04-07,Male,23,Chennai,Tamil Nadu,Organic Search
C04482,2025-12-01,Female,26,Indore,Madhya Pradesh,Organic Search
C02873,2024-10-14,,40,Udaipur,Rajasthan,Paid Ads
C03031,2024-04-20,Male,20,Coimbatore,Tamil Nadu,Social Media
C01206,2026-02-28,Female,40,Bhopal,Madhya Pradesh,Organic Search
C01646,2025-12-26,Female,19,Bhubaneswar,Odisha,Social Media
C03418,2025-09-30,Male,38,Delhi,Delhi,Organic Search
C03477,2026-01-03,Male,41,Vijayawada,Andhra Pradesh,Organic Search
C02862,2026-04-19,,24,Kolkata,West Bengal,Referral
C01793,2026-06-06,Male,20,Nagpur,Maharashtra,Paid Ads
C03798,2025-06-25,Female,20,Delhi,Delhi,Email
C03369,2026-05-11,Female,32,Ahmedabad,Gujarat,Paid Ads
C03368,2025-09-07,Female,28,Nagpur,Maharashtra,Paid Ads
C03534,2025-11-13,Female,26,Delhi,Delhi,Social Media
C03450,2025-11-14,Male,25,Vijayawada,Andhra Pradesh,Social Media
C00604,2025-12-07,Female,33,Guwahati,,Paid Ads
C03057,2026-05-24,Female,20,Guwahati,Assam,Referral
C04373,2025-05-18,Female,38,Kanpur,Uttar Pradesh,Social Media
C00127,2025-11-17,Male,36,Nagpur,Maharashtra,Paid Ads
C03877,2025-08-13,Female,31,Surat,Gujarat,Paid Ads
C02936,2024-09-11,Male,37,Vijayawada,Andhra Pradesh,Paid Ads
C03532,2025-04-02,Male,51,Hyderabad,Telangana,Social Media
C02731,2024-11-01,Other,28,Nagpur,Maharashtra,Referral
C00828,2024-09-09,Male,31,Kanpur,Uttar Pradesh,Organic Search
C01640,2024-05-23,Male,23,Noida,Uttar Pradesh,Organic Search
C00985,2026-04-13,Female,25,Ranchi,Jharkhand,Paid Ads
C03282,2024-10-23,Male,41,Hyderabad,Telangana,Social Media
C04984,2025-06-20,Female,19,Coimbatore,Tamil Nadu,Referral
C02189,2025-05-21,Female,18,Kolkata,West Bengal,Paid Ads
C04625,2025-11-14,Female,19,Noida,Uttar Pradesh,Paid Ads
C02444,2024-09-14,Male,42,Kolkata,West Bengal,Organic Search
C00363,2024-09-17,Male,38,Guwahati,Assam,Paid Ads
C02350,2026-07-09,Female,21,Noida,Uttar Pradesh,Paid Ads
C00346,2026-04-24,Female,18,Nagpur,Maharashtra,Organic Search
C00815,2025-11-11,Male,31,MYSURU,Karnataka,Social Media
C03206,2025-03-10,Male,33,Visakhapatnam,Andhra Pradesh,Organic Search
C04545,2026-05-11,Female,23,Bhubaneswar,Odisha,Paid Ads
C04808,2025-11-30,,20,gurugram,Haryana,Paid Ads
C03326,2025-12-25,Other,45,Ranchi,Jharkhand,Referral
C04107,2025-02-01,Female,27,Mumbai,Maharashtra,Paid Ads
C02117,2026-02-28,Female,26,Guwahati,Assam,Social Media
C01835,2024-12-02,Female,30,Bhopal,Madhya Pradesh,Organic Search
C00794,2025-10-26,Female,18,Jaipur,Rajasthan,Paid Ads
C04959,2024-09-18,Female,26,Pune,Maharashtra,Social Media
C02675,2024-10-26,Female,18,Guwahati,Assam,Organic Search
C00095,2024-10-02,Female,37,Nagpur,Maharashtra,Social Media
C03757,2024-12-31,Female,25,Nagpur,Maharashtra,Social Media
C02892,2024-05-12,Female,33,Patna,Bihar,Social Media
C02372,2026-06-04,Male,35,Faridabad,Haryana,Organic Search
C04161,2024-10-19,Male,18,Nagpur,Maharashtra,Social Media
C04445,2026-02-20,Male,42,Guwahati,Assam,Organic Search
C03229,2025-02-03,,40,Mysuru,Karnataka,Organic Search
C02854,2025-12-30,Male,41,Kolkata,West Bengal,Social Media
C02913,2026-03-10,Female,33,Faridabad,Haryana,Organic Search
C01866,2024-12-17,,44,Jaipur,Rajasthan,Social Media
C01858,2026-02-18,Male,36,Hyderabad,Telangana,Email
C02646,2025-09-16,Male,18,Ahmedabad,Gujarat,Paid Ads
C02244,2026-05-24,Male,31,Guwahati,Assam,Organic Search
C02337,2025-09-26,Male,39,Delhi,Delhi,Organic Search
C00951,2024-01-30,Male,18,visakhapatnam,Andhra Pradesh,Social Media
C03069,2025-06-05,Male,42,Jaipur,Rajasthan,Social Media
C01121,2025-04-04,Male,22,Thiruvananthapuram,Kerala,Paid Ads
C02598,2026-06-14,Female,19,Ranchi,Jharkhand,Paid Ads
C02205,2026-07-02,Male,21,Surat,Gujarat,Organic Search
C00420,2024-12-19,Female,31,Nagpur,Maharashtra,Organic Search
C00923,2025-09-17,Female,26,Bhubaneswar,Odisha,Referral
C01255,2026-04-01,Female,32,Guwahati,Assam,Social Media
C00478,2026-04-25,Male,46,Jaipur,Rajasthan,Organic Search
C02036,2024-11-08,Male,35,Ranchi,Jharkhand,Paid Ads
C01203,2026-03-03,Male,23,Gurugram,Haryana,Organic Search
C02627,2025-09-28,Male,21,Bhubaneswar,Odisha,Social Media
C04831,2026-02-04,Male,25,Kanpur,,Organic Search
C01971,2026-05-04,Male,31,Hyderabad,Telangana,Organic Search
C03111,2025-07-31,Female,43,Hyderabad,Telangana,Organic Search
C04019,2025-03-29,Male,30,Ahmedabad,Gujarat,Social Media
C02152,2026-02-16,Male,33,Bengaluru,Karnataka,Paid Ads
C03688,2024-01-22,Male,36,Udaipur,Rajasthan,Referral
C01998,2025-08-13,Male,41,Thiruvananthapuram,Kerala,Organic Search
C04034,2025-12-09,Male,33,Mumbai,Maharashtra,Social Media
C03055,2026-01-17,Female,32,Kolkata,West Bengal,Paid Ads
C01249,2024-08-17,Male,37,Jaipur,Rajasthan,Social Media
C02193,2025-08-02,Female,18,Patna,Bihar,Organic Search
C02713,2025-11-02,Female,44,Pune,Maharashtra,Paid Ads
C00993,2024-06-23,,44,Delhi,Delhi,Referral
C02191,2026-06-12,Male,30,Ranchi,Jharkhand,Organic Search
C03763,2026-01-26,Female,38,Chennai,Tamil Nadu,Paid Ads
C03598,2024-12-16,Female,31,Kolkata,West Bengal,Social Media
C01319,2025-12-18,Male,36,faridabad,Haryana,Paid Ads
C01864,2024-09-23,Male,26,Mumbai,Maharashtra,Social Media
C02344,2024-11-24,Male,23,Ranchi,Jharkhand,Referral
C02450,2025-06-12,Male,35,Mumbai,Maharashtra,Email
C02137,2025-11-16,Female,32,Udaipur,Rajasthan,Social Media
C01066,2025-07-24,Female,41,Delhi,Delhi,Referral
C04973,2025-09-09,Female,33,Mysuru,Karnataka,Social Media
C02622,2025-11-26,Male,29,Guwahati,Assam,Organic Search
C00078,2025-10-06,Male,35,Bhopal,Madhya Pradesh,Paid Ads
C02899,2024-06-19,Female,18,Chennai,Tamil Nadu,Organic Search
C01315,2026-05-13,Female,30,Nagpur,Maharashtra,Organic Search
C04385,2024-05-05,Female,32,Udaipur,Rajasthan,Paid Ads
C00873,2024-11-11,,42,Faridabad,Haryana,Paid Ads
C03851,2025-10-03,,35,Pune,Maharashtra,Paid Ads
C04800,2025-04-30,Female,18,Ahmedabad,Gujarat,Organic Search
C02966,2025-01-11,Female,22,Surat,Gujarat,Paid Ads
C03392,2025-07-12,Other,38,Mysuru,Karnataka,Paid Ads
C02561,2025-05-31,,34,Kochi,Kerala,Social Media
C04909,2025-12-31,Female,4,Kanpur,Uttar Pradesh,Paid Ads
C02636,2024-09-04,Male,50,Patna,Bihar,Paid Ads
C03531,2025-04-03,Female,60,Noida,Uttar Pradesh,Email
C00376,2026-03-09,Male,42,Hyderabad,Telangana,Paid Ads
C01909,2025-09-12,Male,45,Pune,Maharashtra,Paid Ads
C04376,2024-07-17,Male,39,Kolkata,West Bengal,Paid Ads
C04392,2024-11-27,Female,18,Faridabad,Haryana,Organic Search
C04028,2025-11-04,Female,32,Hyderabad,,Social Media
C01605,2024-12-12,Female,39,Thiruvananthapuram,Kerala,Paid Ads
C01119,2024-09-12,Female,30,Jaipur,Rajasthan,Social Media
C03678,2024-03-02,Male,25,Kolkata,West Bengal,Paid Ads
C03491,2026-06-16,Male,37,Udaipur,Rajasthan,Social Media
C04877,2024-12-07,Female,18,Surat,Gujarat,Social Media
C02959,2025-07-05,Male,34,Guwahati,Assam,Paid Ads
C01995,2026-07-06,Male,18,Jaipur,Rajasthan,Paid Ads
C04968,2025-06-12,Female,39,Surat,Gujarat,Social Media
C04368,2025-04-03,Male,43,Kanpur,Uttar Pradesh,Paid Ads
C02377,2026-03-16,Male,18,Vijayawada,Andhra Pradesh,Social Media
C01343,2026-03-11,Female,28,Patna,Bihar,Organic Search
C00321,2024-09-03,Male,36,Kanpur,Uttar Pradesh,Paid Ads
C01620,2025-09-28,Male,30,Pune,Maharashtra,Paid Ads
C03714,2025-04-23,Female,28,Lucknow,Uttar Pradesh,Social Media
C02061,2025-11-26,Male,49,Ranchi,Jharkhand,Referral
C02220,2026-05-27,Male,34,Faridabad,Haryana,Referral
C01674,2025-06-29,Male,44,Nagpur,,Organic Search
C00261,2024-10-14,Female,45,Delhi,Delhi,Social Media
C04430,2025-11-26,Female,27,Hyderabad,Telangana,Social Media
C02040,2026-07-20,Male,30,Ranchi,Jharkhand,Organic Search
C00902,2025-04-21,Male,18,Guwahati,Assam,Social Media
C03745,2025-06-07,Female,30,Ranchi,Jharkhand,Social Media
C02027,2025-07-08,,25,Guwahati,Assam,Email
C04235,2024-09-13,,18,ranchi,Jharkhand,Paid Ads
C01918,2026-04-25,Female,40,Nagpur,Maharashtra,Organic Search
C01829,2025-08-13,Male,27,Noida,Uttar Pradesh,Social Media
C01574,2026-02-26,Male,28,Surat,Gujarat,Social Media
C04407,2025-07-21,Male,30,Lucknow,Uttar Pradesh,Paid Ads
C04209,2025-07-12,Male,27,Lucknow,Uttar Pradesh,Social Media
C00225,2025-07-04,Female,18,Kochi,Kerala,Social Media
C00724,2025-07-23,Male,31,Udaipur,Rajasthan,Social Media
C04498,2025-07-25,Female,20,Pune,Maharashtra,Email
C01142,2025-05-06,Male,31,Lucknow,Uttar Pradesh,Social Media
C02763,2025-05-10,Female,23,Lucknow,Uttar Pradesh,Referral
C00847,2025-04-02,Male,48,Delhi,Delhi,Paid Ads
C02552,2025-08-04,Female,28,Chennai,Tamil Nadu,Organic Search
C02929,2024-03-18,Male,37,Hyderabad,Telangana,Social Media
C00118,2026-02-18,Female,23,Chandigarh,Chandigarh,Organic Search
C00646,2026-02-23,Male,36,Guwahati,Assam,Email
C00004,2026-02-18,Male,38,Thiruvananthapuram,Kerala,Paid Ads
C04171,2025-11-10,Female,18,Lucknow,,Social Media
C00468,2024-07-10,Male,24,Chandigarh,Chandigarh,Social Media
C00006,2026-01-15,Female,41,Bhubaneswar,Odisha,Referral
C00920,2024-07-09,Female,20,Mumbai,Maharashtra,Organic Search
C02596,2025-02-23,Female,25,Patna,Bihar,Referral
C01064,2026-07-25,Female,29,Bhopal,Madhya Pradesh,Social Media
C02591,2026-04-19,Female,33,Patna,Bihar,Organic Search
C00243,2025-07-06,Male,28,Chandigarh,Chandigarh,Organic Search
C01161,2024-01-10,Male,26,Mysuru,Karnataka,Social Media
C02871,2026-03-26,Female,28,Kochi,Kerala,Social Media
C03736,2026-01-05,Male,38,Kanpur,Uttar Pradesh,Paid Ads
C02398,2026-01-30,Female,38,Coimbatore,Tamil Nadu,Email
C03518,2025-11-18,Female,24,Mumbai,,Social Media
C03422,2025-10-27,Male,18,Visakhapatnam,Andhra Pradesh,Organic Search
C02564,2024-10-13,Male,39,Gurugram,Haryana,Referral
C01606,2026-07-04,Male,20,Chandigarh,Chandigarh,Social Media
C04841,2024-09-09,Male,37,Coimbatore,Tamil Nadu,Paid Ads
C02325,2026-04-11,Female,21,Noida,Uttar Pradesh,Paid Ads
C02710,2024-09-11,Female,32,Thiruvananthapuram,Kerala,Social Media
C04411,2026-01-08,Female,35,Jaipur,Rajasthan,Social Media
C01313,2025-08-16,Female,30,Chennai,Tamil Nadu,Social Media
C03449,2025-12-16,Male,47,Gurugram,Haryana,Organic Search
C03813,2025-06-02,Female,22,Surat,Gujarat,Organic Search
C04668,2025-04-07,Female,35,Surat,Gujarat,Referral
C02363,2024-12-28,Male,35,Thiruvananthapuram,Kerala,Paid Ads
C01976,2025-11-25,Male,39,Chandigarh,Chandigarh,Organic Search
C03515,2026-01-21,Male,18,Patna,Bihar,Social Media
C01762,2026-04-16,Female,43,Kolkata,West Bengal,Organic Search
C02740,2026-01-13,Female,22,Lucknow,Uttar Pradesh,Referral
C04672,2025-10-02,Female,27,GURUGRAM,Haryana,Email
C02473,2025-06-01,Female,48,Surat,Gujarat,Paid Ads
C04008,2025-04-30,Female,29,Noida,Uttar Pradesh,Paid Ads
C01494,2024-09-25,Male,60,Mysuru,Karnataka,Organic Search
C04207,2025-11-14,Female,30,Bhubaneswar,Odisha,Paid Ads
C02159,2026-02-15,Other,32,Bhubaneswar,Odisha,Paid Ads
C01170,2024-11-09,Male,44,Noida,Uttar Pradesh,Social Media
C04529,2025-07-17,Male,24,Jaipur,Rajasthan,Referral
C00233,2024-05-06,Male,35,Pune,Maharashtra,Organic Search
C00067,2024-06-05,Male,28,Gurugram,Haryana,Social Media
C01604,2025-12-08,Male,34,Thiruvananthapuram,Kerala,Organic Search
C03284,2025-09-15,Female,34,Coimbatore,Tamil Nadu,Paid Ads
C03597,2025-12-31,Female,18,Noida,Uttar Pradesh,Paid Ads
C00126,2025-05-05,Female,33,Udaipur,Rajasthan,Paid Ads
C01297,2025-05-14,Male,26,Ahmedabad,Gujarat,Organic Search
C01977,2026-01-27,Male,43,Nagpur,Maharashtra,Organic Search
C04530,2025-03-13,Female,34,Udaipur,Rajasthan,Paid Ads
C04765,2025-12-12,Other,29,Jaipur,Rajasthan,Referral
C02076,2025-04-20,Female,37,chennai,Tamil Nadu,Paid Ads
C03087,2026-06-23,Male,21,Pune,Maharashtra,Paid Ads
C04358,2026-01-24,Male,34,Coimbatore,Tamil Nadu,Social Media
C03346,2024-06-07,Female,20,Delhi,Delhi,Social Media
C04477,2026-07-07,Female,26,Indore,Madhya Pradesh,Organic Search
C02798,2024-11-03,Female,38,Hyderabad,Telangana,Social Media
C00919,2026-02-11,Female,35,Chandigarh,Chandigarh,Organic Search
C01647,2026-05-02,Female,26,Surat,Gujarat,Paid Ads
C00365,2024-11-07,Male,37,Indore,Madhya Pradesh,Social Media
C03288,2026-04-08,Male,30,Guwahati,Assam,Organic Search
C02126,2025-08-20,Male,31,Gurugram,Haryana,Referral
C04124,2025-06-07,Male,37,Bengaluru,Karnataka,Paid Ads
C00526,2024-09-09,Male,41,Faridabad,Haryana,Referral
C00056,2025-11-27,Other,31,Ranchi,Jharkhand,Social Media
C00639,2026-04-16,Male,28,Vijayawada,Andhra Pradesh,Paid Ads
C00303,2025-11-21,Female,42,Visakhapatnam,Andhra Pradesh,Paid Ads
C02767,2026-04-25,Male,28,Visakhapatnam,Andhra Pradesh,Social Media
C01277,2024-03-13,Male,48,Chandigarh,Chandigarh,Social Media
C02056,2026-04-16,Female,36,Mumbai,Maharashtra,Organic Search
C03645,2025-10-30,Male,34,Kanpur,Uttar Pradesh,Social Media
C04144,2026-06-21,Female,35,Vijayawada,Andhra Pradesh,Organic Search
C02879,2024-08-19,Male,39,Guwahati,Assam,Organic Search
C04203,2025-10-02,Male,26,Udaipur,Rajasthan,Organic Search
C02287,2024-09-21,Female,25,Kolkata,West Bengal,Organic Search
C02262,2026-01-19,Female,35,Jaipur,Rajasthan,Email
C02297,2026-06-09,Female,35,Guwahati,Assam,Social Media
C01754,2024-12-31,Female,24,Patna,Bihar,Social Media
C01969,2026-02-05,Female,31,Surat,Gujarat,Paid Ads
C04395,2025-09-28,Male,44,SURAT,Gujarat,Organic Search
C03118,2025-10-17,Female,18,Surat,Gujarat,Paid Ads
C02394,2026-06-04,Male,41,Nagpur,Maharashtra,Organic Search
C00524,2025-10-01,Male,32,Ahmedabad,Gujarat,Paid Ads
C03901,2024-07-01,Male,24,Lucknow,Uttar Pradesh,Organic Search
C03123,2026-01-14,Male,35,Hyderabad,Telangana,Social Media
C04157,2025-11-17,Female,37,Mysuru,Karnataka,Referral
C01970,2025-12-21,Female,36,Faridabad,Haryana,Organic Search
C00672,2026-01-20,Male,23,Kochi,Kerala,Organic Search
C04189,2025-07-26,Female,31,Patna,Bihar,Referral
C00667,2025-12-26,Male,40,Kochi,Kerala,Organic Search
C04351,2026-06-04,Female,34,Vijayawada,Andhra Pradesh,Social Media
C01888,2026-01-19,Female,41,Visakhapatnam,Andhra Pradesh,Paid Ads
C03267,2026-01-26,Male,30,Faridabad,Haryana,Referral
C00281,2024-05-09,Female,29,Mumbai,Maharashtra,Social Media
C01720,2025-06-16,Female,30,Jaipur,Rajasthan,Social Media
C02948,2025-09-04,Male,29,Jaipur,Rajasthan,Paid Ads
C00900,2025-06-19,Male,40,Bhopal,Madhya Pradesh,Organic Search
C04863,2025-02-11,Female,32,Patna,,Organic Search
C00761,2024-12-13,Female,27,Faridabad,Haryana,Organic Search
C01907,2024-06-10,Male,31,Noida,Uttar Pradesh,Organic Search
C04043,2026-01-03,Female,42,Kolkata,West Bengal,Organic Search
C03824,2026-03-08,Male,35,Hyderabad,Telangana,Paid Ads
C04139,2024-11-16,Male,44,Hyderabad,Telangana,Organic Search
C03819,2025-10-25,Male,38,Coimbatore,Tamil Nadu,Paid Ads
C04301,2025-03-08,Male,43,Mysuru,Karnataka,Social Media
C02594,2024-09-26,Other,27,Ahmedabad,Gujarat,Referral
C04165,2024-08-13,Male,37,Mysuru,Karnataka,Organic Search
C03032,2024-12-16,Female,33,Kochi,Kerala,Organic Search
C03580,2024-11-21,Female,23,PUNE,Maharashtra,Organic Search
C02833,2026-01-29,Female,24,Ranchi,Jharkhand,Paid Ads
C03473,2026-02-10,Male,31,Chandigarh,Chandigarh,Paid Ads
C00138,2026-02-02,Female,21,Bengaluru,Karnataka,Paid Ads
C02181,2026-06-06,Male,25,Bengaluru,Karnataka,Paid Ads
C02129,2024-04-19,Male,35,Delhi,Delhi,Organic Search
C03178,2026-06-04,Male,40,Kochi,Kerala,Paid Ads
C04380,2026-07-08,Male,18,Jaipur,Rajasthan,Paid Ads
C04262,2025-08-28,Female,32,Patna,Bihar,Paid Ads
C04345,2025-03-21,Male,28,Bhopal,Madhya Pradesh,Organic Search
C01332,2025-10-11,Female,18,Ranchi,Jharkhand,Social Media
C02018,2025-03-11,Male,45,Chennai,Tamil Nadu,Organic Search
C02483,2025-05-31,Female,30,Delhi,Delhi,Paid Ads
C01359,2025-05-18,Female,43,Hyderabad,Telangana,Social Media
C01330,2026-06-09,Male,37,Chandigarh,Chandigarh,Social Media
C02151,2024-05-03,Female,33,Pune,Maharashtra,Email
C02123,2024-09-04,Female,42,Thiruvananthapuram,Kerala,Referral
C03982,2025-03-19,Male,40,Kolkata,West Bengal,Organic Search
C01253,2025-02-11,Female,31,Gurugram,Haryana,Organic Search
C03279,2024-05-04,Male,23,Thiruvananthapuram,Kerala,Social Media
C03375,2025-07-21,Male,29,Indore,Madhya Pradesh,Referral
C02815,2026-05-06,Male,23,kochi,Kerala,Paid Ads
C01849,2025-08-25,Female,24,Jaipur,Rajasthan,Paid Ads
C03038,2025-07-31,Female,26,Nagpur,Maharashtra,Paid Ads
C00389,2025-12-20,Male,26,Udaipur,Rajasthan,Organic Search
C00236,2025-07-12,Other,22,Indore,Madhya Pradesh,Organic Search
C01078,2025-06-19,Female,18,Lucknow,Uttar Pradesh,Paid Ads
C01985,2026-04-24,,41,Bhopal,Madhya Pradesh,Organic Search
C04364,2025-12-21,Male,43,Vijayawada,Andhra Pradesh,Social Media
C03963,2025-04-21,Male,25,Patna,Bihar,Paid Ads
C00771,2025-02-04,Female,28,Coimbatore,Tamil Nadu,Social Media
C02166,2026-02-24,Male,28,Patna,Bihar,Paid Ads
C00674,2024-09-20,Male,30,Guwahati,Assam,Email
C00250,2025-02-01,Male,21,Noida,Uttar Pradesh,Social Media
C01575,2026-07-14,Male,32,Ahmedabad,Gujarat,Social Media
C03420,2025-06-20,Male,21,Vijayawada,Andhra Pradesh,Organic Search
C02082,2025-11-10,Male,29,Bhubaneswar,Odisha,Referral
C01824,2026-02-10,Male,42,Kochi,Kerala,Paid Ads
C00717,2026-07-21,Female,42,Indore,Madhya Pradesh,Paid Ads
C04681,2026-06-28,Female,29,COIMBATORE,Tamil Nadu,Paid Ads
C02049,2025-02-15,Male,27,Kolkata,West Bengal,Referral
C04179,2025-10-30,Female,23,Ahmedabad,Gujarat,Organic Search
C02725,2026-04-08,Female,20,Ranchi,Jharkhand,Paid Ads
C04534,2024-08-11,Female,22,Indore,Madhya Pradesh,Organic Search
C01461,2024-07-27,Male,29,Faridabad,Haryana,Organic Search
C01669,2026-03-09,Male,27,Jaipur,Rajasthan,Paid Ads
C02757,2025-02-12,Other,31,Chennai,Tamil Nadu,Social Media
C02001,2025-11-13,Female,27,Patna,Bihar,Email
C00405,2026-05-17,Female,24,Surat,Gujarat,Referral
C00385,2025-11-16,Male,24,Visakhapatnam,Andhra Pradesh,Social Media
C04505,2025-08-18,Female,18,Delhi,Delhi,Social Media
C02153,2025-04-25,Female,36,Mysuru,Karnataka,Organic Search
C01634,2026-02-16,Female,19,Chennai,Tamil Nadu,Organic Search
C04915,2025-06-07,Male,25,gurugram,Haryana,Paid Ads
C03926,2025-04-12,Other,25,Gurugram,Haryana,Organic Search
C04159,2026-07-03,Female,19,Bhopal,Madhya Pradesh,Organic Search
C00224,2025-07-11,Male,25,Chandigarh,Chandigarh,Paid Ads
C02194,2025-04-30,Female,34,Mysuru,Karnataka,Social Media
C03137,2025-08-23,Male,30,Hyderabad,Telangana,Social Media
C01825,2025-04-21,Female,24,Pune,Maharashtra,Paid Ads
C04613,2024-11-27,Male,26,Kolkata,West Bengal,Organic Search
C00798,2026-07-15,Male,39,coimbatore,Tamil Nadu,Organic Search
C02872,2025-07-15,Female,44,Guwahati,Assam,Referral
C00010,2025-11-01,Female,20,Bengaluru,Karnataka,Social Media
C01945,2025-08-07,Female,34,Pune,Maharashtra,Organic Search
C01839,2025-09-28,Male,31,Coimbatore,Tamil Nadu,Referral
C00256,2025-07-21,Male,27,Nagpur,Maharashtra,Organic Search
C04521,2025-04-08,Female,39,Bengaluru,Karnataka,Paid Ads
C01582,2025-07-10,Male,32,Chennai,Tamil Nadu,Social Media
C02957,2025-07-02,Male,26,Kanpur,Uttar Pradesh,Referral
C00925,2024-05-04,Male,37,Coimbatore,Tamil Nadu,Email
C04442,2026-04-03,Male,48,Mumbai,Maharashtra,Referral
C02509,2025-09-22,Female,23,Bengaluru,Karnataka,Paid Ads
C03776,2025-02-03,Female,39,Pune,Maharashtra,Referral
C04137,2025-08-23,Female,29,Guwahati,Assam,Organic Search
C02780,2026-03-29,Male,18,Coimbatore,Tamil Nadu,Paid Ads
C00540,2026-05-01,Female,20,jaipur,Rajasthan,Email
C02746,2026-04-29,Female,42,Bengaluru,Karnataka,Organic Search
C04511,2026-06-23,Male,42,Surat,Gujarat,Organic Search
C04644,2025-01-30,Female,29,Pune,Maharashtra,Paid Ads
C01146,2024-07-20,Female,22,Udaipur,Rajasthan,Paid Ads
C00668,2024-07-18,Female,43,Bengaluru,Karnataka,Organic Search
C03020,2026-02-07,Male,25,Kanpur,Uttar Pradesh,Social Media
C00358,2025-11-27,Female,30,Bhubaneswar,Odisha,Social Media
C02832,2025-09-02,,18,Kolkata,West Bengal,Organic Search
C02784,2025-08-14,Female,34,Bengaluru,Karnataka,Organic Search
C01354,2026-03-09,Female,30,kochi,Kerala,Referral
C00471,2024-11-16,Female,44,Ahmedabad,Gujarat,Paid Ads
C02704,2025-09-11,Male,37,Chandigarh,Chandigarh,Social Media
C03331,2024-12-18,Female,18,Udaipur,Rajasthan,Social Media
C03638,2026-02-20,,33,Bengaluru,Karnataka,Organic Search
C01397,2025-08-21,Male,47,bhopal,Madhya Pradesh,Organic Search
C03585,2024-11-09,Female,31,Gurugram,Haryana,Referral
C04499,2026-07-21,Male,18,Mumbai,Maharashtra,Organic Search
C03377,2024-08-07,Male,42,Pune,Maharashtra,Organic Search
C01257,2025-11-20,Male,41,Kochi,Kerala,Social Media
C03513,2026-05-21,Male,22,Visakhapatnam,Andhra Pradesh,Organic Search
C01251,2026-02-18,Other,44,Ahmedabad,Gujarat,Paid Ads
C04820,2026-06-10,Male,29,Kanpur,Uttar Pradesh,Referral
C04299,2025-09-01,Female,27,Bengaluru,Karnataka,Social Media
C03285,2026-05-07,Female,65,Bengaluru,Karnataka,Organic Search
C02934,2025-06-17,Female,37,Faridabad,Haryana,Organic Search
C04176,2025-09-01,Male,23,Nagpur,Maharashtra,Social Media
C01853,2025-10-13,Female,19,Bhubaneswar,Odisha,Paid Ads
C04882,2026-02-07,Male,38,Jaipur,Rajasthan,Referral
C02106,2025-12-15,Female,32,Gurugram,Haryana,Paid Ads
C00134,2025-07-07,Female,27,Mumbai,Maharashtra,Paid Ads
C00929,2025-01-08,Male,39,Guwahati,Assam,Organic Search
C00824,2025-04-17,Female,38,Hyderabad,Telangana,Paid Ads
C04756,2025-01-11,Male,58,Patna,Bihar,Paid Ads
C01532,2025-09-11,Male,28,Mumbai,Maharashtra,Organic Search
C01215,2024-12-22,Male,30,Kanpur,Uttar Pradesh,Paid Ads
C00505,2025-04-09,Male,23,Bengaluru,Karnataka,Paid Ads
C04286,2025-11-20,Male,39,Visakhapatnam,Andhra Pradesh,Email
C01997,2025-02-08,Female,18,Indore,Madhya Pradesh,Referral
C03073,2025-06-18,Male,24,Jaipur,Rajasthan,Paid Ads
C01959,2025-08-06,Female,32,Bhopal,Madhya Pradesh,Paid Ads
C01385,2025-04-02,Male,41,Noida,Uttar Pradesh,Referral
C00895,2025-02-02,Female,36,Hyderabad,Telangana,Organic Search
C00456,2025-05-01,Male,33,Noida,Uttar Pradesh,Paid Ads
C04649,2025-12-29,Male,31,Mysuru,Karnataka,Email
C03710,2025-04-03,Male,34,Noida,Uttar Pradesh,Organic Search
C04631,2024-10-17,Female,21,Nagpur,Maharashtra,Organic Search
C04269,2024-12-15,Female,31,Jaipur,Rajasthan,Paid Ads
C03523,2024-05-27,Female,42,Chennai,Tamil Nadu,Paid Ads
C04135,2026-07-06,Female,29,Kochi,Kerala,Organic Search
C03603,2025-09-16,Male,34,Udaipur,Rajasthan,Paid Ads
C00714,2025-11-03,Male,18,Bengaluru,Karnataka,Paid Ads
C04187,2026-04-15,Female,45,Noida,Uttar Pradesh,Paid Ads
C02215,2025-12-05,Male,40,Delhi,Delhi,Paid Ads
C02924,2026-05-13,Male,51,Bhubaneswar,Odisha,Organic Search
C01811,2025-03-03,Female,24,Kanpur,Uttar Pradesh,Organic Search
C03487,2024-04-15,Male,31,Indore,Madhya Pradesh,Organic Search
C03142,2026-03-27,Male,25,Kanpur,Uttar Pradesh,Paid Ads
C01828,2024-11-12,Female,43,udaipur,Rajasthan,Organic Search
C01156,2025-07-10,Male,33,Bengaluru,Karnataka,Referral
C01325,2026-03-10,Female,19,Kolkata,West Bengal,Paid Ads
C04313,2025-11-22,Female,52,Lucknow,Uttar Pradesh,Organic Search
C00511,2026-04-10,Male,24,Visakhapatnam,Andhra Pradesh,Paid Ads
C01681,2024-10-29,Other,37,Indore,Madhya Pradesh,Paid Ads
C00500,2024-10-26,Male,130,Kolkata,West Bengal,Paid Ads
C04627,2025-10-05,Male,43,guwahati,Assam,Social Media
C01857,2025-05-08,Male,30,Kochi,Kerala,Organic Search
C01389,2026-02-16,Male,27,Patna,Bihar,Organic Search
C03720,2025-07-16,Female,49,Surat,Gujarat,Paid Ads
C02387,2025-09-08,Female,28,Ahmedabad,Gujarat,Organic Search
C03237,2024-12-08,Male,39,Indore,Madhya Pradesh,Social Media
C01541,2025-12-04,Male,29,Bengaluru,Karnataka,Referral
C01218,2025-02-19,Male,33,Nagpur,Maharashtra,Referral
C02682,2025-01-15,Male,34,Ahmedabad,Gujarat,Paid Ads
C02994,2024-10-05,Male,38,Chennai,Tamil Nadu,Referral
C01192,2026-05-18,,31,Ahmedabad,Gujarat,Paid Ads
C01543,2025-11-11,Male,24,Faridabad,Haryana,Paid Ads
C03302,2025-12-02,Female,26,Kanpur,Uttar Pradesh,Referral
C03325,2024-10-29,Male,33,Bengaluru,Karnataka,Social Media
C02540,2024-07-13,Male,33,Ranchi,Jharkhand,Paid Ads
C00954,2025-06-01,Male,26,Nagpur,Maharashtra,Social Media
C04331,2024-09-03,Female,51,Ranchi,Jharkhand,Organic Search
C00733,2025-06-14,Female,38,Jaipur,Rajasthan,Organic Search
C01157,2024-10-31,Female,34,Surat,Gujarat,Organic Search
C03295,2026-02-27,Male,18,Jaipur,Rajasthan,Referral
C02983,2026-05-27,Female,33,Patna,Bihar,Social Media
C02157,2026-03-11,Male,46,Noida,Uttar Pradesh,Social Media
C01063,2026-03-02,Male,33,Udaipur,Rajasthan,Organic Search
C02617,2026-02-16,Male,40,Noida,Uttar Pradesh,Paid Ads
C01168,2026-04-03,Female,33,Chennai,Tamil Nadu,Social Media
C03223,2025-02-24,Male,26,Jaipur,Rajasthan,Paid Ads
C03637,2024-06-27,Female,27,Coimbatore,Tamil Nadu,Organic Search
C02939,2025-03-16,Other,32,Patna,Bihar,Email
C04492,2025-12-28,Male,30,Kolkata,West Bengal,Email
C03141,2024-12-14,Male,41,Gurugram,Haryana,Referral
C00144,2025-07-29,,34,Patna,Bihar,Paid Ads
C03578,2026-01-12,Female,18,Mumbai,Maharashtra,Referral
C02783,2025-06-03,Male,48,Nagpur,Maharashtra,Referral
C00718,2025-08-01,Male,40,Jaipur,Rajasthan,Paid Ads
C01820,2025-03-11,Female,40,Ahmedabad,,Organic Search
C02503,2026-01-30,Female,18,Mumbai,Maharashtra,Organic Search
C04361,2024-10-08,Female,21,Ahmedabad,Gujarat,Paid Ads
C04172,2026-07-25,Male,32,delhi,Delhi,Paid Ads
C00396,2025-10-16,Male,26,Udaipur,Rajasthan,Social Media
C04849,2026-01-12,Male,40,Bengaluru,Karnataka,Social Media
C04493,2026-01-06,Female,41,Kochi,Kerala,Paid Ads
C01366,2026-02-15,Female,26,Gurugram,Haryana,Social Media
C04571,2025-10-19,Male,35,Bhubaneswar,Odisha,Social Media
C00596,2024-10-30,Female,18,Lucknow,Uttar Pradesh,Paid Ads
C03953,2024-05-19,Female,18,Patna,Bihar,Organic Search
C02915,2025-08-19,Male,44,Thiruvananthapuram,Kerala,Email
C02327,2025-06-26,Male,35,Lucknow,Uttar Pradesh,Social Media
C03767,2024-08-28,Male,26,Vijayawada,Andhra Pradesh,Organic Search
C03441,2026-04-08,Male,18,Udaipur,Rajasthan,Paid Ads
C03852,2026-01-18,Female,23,Vijayawada,Andhra Pradesh,Paid Ads
C04133,2026-03-07,Female,24,Bengaluru,Karnataka,Organic Search
C04604,2025-03-29,Male,28,Chandigarh,Chandigarh,Organic Search
C02144,2025-07-02,Male,26,Kolkata,West Bengal,Organic Search
C01572,2026-05-02,Female,40,Mumbai,Maharashtra,Paid Ads
C04080,2025-04-28,Female,31,Chandigarh,Chandigarh,Social Media
C01123,2025-07-06,Female,29,Surat,Gujarat,Referral
C02787,2025-07-05,Female,33,Pune,Maharashtra,Social Media
C02968,2024-08-28,Female,22,Jaipur,Rajasthan,Social Media
C02505,2025-04-11,Male,19,Patna,Bihar,Referral
C03466,2025-08-10,Male,25,Chandigarh,Chandigarh,Organic Search
C00676,2025-06-01,,54,Udaipur,Rajasthan,Referral
C02809,2025-07-30,Male,30,Mumbai,Maharashtra,Organic Search
C03349,2026-06-11,Female,28,Kochi,Kerala,Paid Ads
C00729,2025-04-28,Female,38,Ranchi,Jharkhand,Paid Ads
C00413,2026-06-19,Female,38,Bhubaneswar,Odisha,Organic Search
C03147,2025-03-18,Female,46,RANCHI,Jharkhand,Social Media
C01517,2025-03-07,Male,32,udaipur,Rajasthan,Referral
C00826,2026-06-03,Male,21,Nagpur,Maharashtra,Social Media
C03268,2025-11-27,Female,44,Pune,Maharashtra,Organic Search
C03975,2025-06-21,Male,31,Kochi,Kerala,Organic Search
C00617,2025-05-02,Male,41,Mumbai,Maharashtra,Organic Search
C00115,2025-01-07,Female,46,Guwahati,Assam,Email
C00418,2025-12-03,Female,34,Mysuru,Karnataka,Paid Ads
C03070,2025-03-23,Female,43,Surat,Gujarat,Paid Ads
C01626,2025-08-08,Female,50,Faridabad,Haryana,Organic Search
C04963,2024-08-18,Female,40,Bhubaneswar,Odisha,Paid Ads
C04186,2024-08-06,Male,18,Udaipur,Rajasthan,Paid Ads
C02897,2024-08-02,Male,29,Coimbatore,Tamil Nadu,Organic Search
C04684,2024-10-22,Female,34,Visakhapatnam,Andhra Pradesh,Social Media
C02083,2026-03-07,Male,24,Indore,Madhya Pradesh,Social Media
C00754,2025-08-14,Male,19,Bhubaneswar,Odisha,Social Media
C02547,2024-08-10,Female,18,Lucknow,Uttar Pradesh,Email
C03970,2024-08-02,Male,32,Ahmedabad,Gujarat,Paid Ads
C03374,2024-09-20,Female,40,Mysuru,Karnataka,Organic Search
C04108,2025-10-23,Female,18,Visakhapatnam,Andhra Pradesh,Organic Search
C02445,2025-12-17,Female,37,Noida,Uttar Pradesh,Paid Ads
C04381,2025-11-05,Female,25,Patna,Bihar,Email
C01067,2025-11-22,Male,27,Gurugram,Haryana,Paid Ads
C03914,2026-04-20,Female,41,Kolkata,West Bengal,Social Media
C03499,2024-11-24,Female,31,Patna,Bihar,Organic Search
C02739,2025-11-18,Female,34,Kochi,Kerala,Paid Ads
C04001,2026-01-06,Female,37,Visakhapatnam,Andhra Pradesh,Organic Search
C01569,2026-06-18,Male,31,Chandigarh,Chandigarh,Email
C02428,2026-07-05,Male,33,Hyderabad,Telangana,Organic Search
C03747,2025-12-29,Male,48,Gurugram,Haryana,Email
C04652,2024-11-29,Female,35,Jaipur,Rajasthan,Paid Ads
C01688,2026-01-12,Female,34,Lucknow,Uttar Pradesh,Paid Ads
C00852,2025-04-23,Male,18,Jaipur,Rajasthan,Referral
C03547,2025-05-17,Male,21,Kochi,Kerala,Organic Search
C00896,2026-01-04,Male,26,Gurugram,Haryana,Referral
C04593,2025-09-12,Female,40,Indore,Madhya Pradesh,Organic Search
C00336,2024-10-03,Male,37,Visakhapatnam,Andhra Pradesh,Social Media
C02840,2025-02-10,Male,20,Jaipur,Rajasthan,Paid Ads
C03088,2024-12-03,Female,25,Kolkata,West Bengal,Email
C01349,2025-01-06,Male,28,Kochi,Kerala,Social Media
C01016,2026-04-14,Male,27,Gurugram,Haryana,Referral
C02817,2024-11-13,Female,35,Chennai,Tamil Nadu,Email
C01632,2026-01-02,Female,21,Chennai,Tamil Nadu,Organic Search
C02490,2024-12-27,Male,26,Guwahati,Assam,Social Media
C03731,2025-06-08,Male,21,Nagpur,Maharashtra,Organic Search
C03252,2025-06-07,Female,39,Mysuru,Karnataka,Social Media
C04647,2025-08-16,Male,31,Guwahati,Assam,Email
C02071,2026-03-17,Female,29,Kochi,Kerala,Organic Search
C04453,2025-03-14,Male,39,Noida,Uttar Pradesh,Organic Search
C04895,2025-07-25,Male,33,Mysuru,Karnataka,Social Media
C01636,2026-01-21,Male,38,Chandigarh,Chandigarh,Organic Search
C02480,2025-11-10,Female,40,Kochi,Kerala,Referral
C02266,2025-02-28,Male,36,Delhi,Delhi,Paid Ads
C02960,2026-06-10,Female,36,Udaipur,Rajasthan,Email
C04744,2025-02-03,Female,35,Kolkata,West Bengal,Organic Search
C03060,2025-07-11,Female,32,Vijayawada,Andhra Pradesh,Paid Ads
C02142,2024-11-20,Male,33,Coimbatore,Tamil Nadu,Email
C03119,2024-11-24,Male,43,Thiruvananthapuram,Kerala,Referral
C04846,2025-08-10,Female,36,Patna,Bihar,Email
C04046,2024-11-01,Male,48,Faridabad,Haryana,Social Media
C03357,2026-04-30,Male,34,kolkata,West Bengal,Organic Search
C02745,2025-09-01,Female,35,Ranchi,Jharkhand,Referral
C03507,2026-03-18,Male,20,Kochi,Kerala,Organic Search
C01680,2025-02-23,Female,39,Jaipur,Rajasthan,Organic Search
C04250,2024-12-03,Female,25,Indore,Madhya Pradesh,Social Media
C03148,2025-05-29,Male,43,Vijayawada,Andhra Pradesh,Social Media
C02295,2025-12-06,Male,39,Ahmedabad,Gujarat,Social Media
C00581,2026-05-13,Female,40,Delhi,Delhi,Email
C01471,2026-04-20,Female,39,Patna,Bihar,Organic Search
C04071,2025-11-07,Female,38,Udaipur,Rajasthan,Paid Ads
C03344,2025-08-24,Female,36,Faridabad,Haryana,Organic Search
C04584,2024-04-16,Female,30,Lucknow,Uttar Pradesh,Social Media
C03673,2025-02-03,Female,30,Udaipur,Rajasthan,Organic Search
C00560,2024-11-07,Female,27,Faridabad,Haryana,Referral
C02850,2025-09-17,,32,Faridabad,Haryana,Organic Search
C00513,2025-03-06,Male,18,Bhopal,Madhya Pradesh,Referral
C01082,2026-02-08,Male,42,Vijayawada,Andhra Pradesh,Organic Search
C01665,2025-09-25,Female,42,surat,Gujarat,Paid Ads
C01013,2025-12-29,Male,41,Thiruvananthapuram,Kerala,Organic Search
C01932,2025-07-01,Other,21,Vijayawada,Andhra Pradesh,Social Media
C01151,2025-12-15,Male,33,Gurugram,Haryana,Organic Search
C02839,2026-06-05,Female,43,Faridabad,Haryana,Referral
C00117,2026-04-01,Male,37,Thiruvananthapuram,Kerala,Organic Search
C00741,2026-01-24,Female,32,Visakhapatnam,Andhra Pradesh,Referral
C04819,2024-09-04,Male,40,Nagpur,Maharashtra,Email
C03676,2025-05-15,Male,39,Udaipur,Rajasthan,Referral
C00831,2025-11-13,Male,33,Vijayawada,Andhra Pradesh,Paid Ads
C00120,2025-04-01,Male,42,Indore,Madhya Pradesh,Organic Search
C04792,2026-03-10,Female,41,Noida,Uttar Pradesh,Referral
C04751,2024-09-12,Male,42,Guwahati,Assam,Email
C00636,2025-08-02,Female,25,Udaipur,Rajasthan,Paid Ads
C04466,2025-07-27,Female,36,Guwahati,Assam,Paid Ads
C04365,2024-12-21,Female,28,Chandigarh,Chandigarh,Organic Search
C04143,2025-10-16,Female,18,Ahmedabad,Gujarat,Social Media
C00992,2025-05-01,Female,27,Bhopal,Madhya Pradesh,Organic Search
C00877,2026-04-16,Male,42,MUMBAI,Maharashtra,Organic Search
C00005,2026-03-07,Female,18,Bengaluru,Karnataka,Organic Search
C03052,2025-12-13,Female,40,bengaluru,Karnataka,Social Media
C03125,2025-01-31,Female,35,Patna,Bihar,Paid Ads
C02661,2024-03-24,Male,28,Mumbai,Maharashtra,Email
C02492,2025-04-19,Female,27,Faridabad,Haryana,Organic Search
C03855,2026-03-25,Male,38,Lucknow,Uttar Pradesh,Social Media
C01716,2026-01-12,Female,24,Hyderabad,Telangana,Referral
C01149,2025-05-06,Male,25,Noida,Uttar Pradesh,Social Media
C03262,2026-03-22,Female,41,Noida,Uttar Pradesh,Paid Ads
C00575,2025-11-09,Male,34,Bhubaneswar,Odisha,Paid Ads
C03770,2025-09-03,Male,23,Ahmedabad,Gujarat,Referral
C03737,2025-02-26,Male,30,Kochi,Kerala,Social Media
C04147,2026-07-07,Male,32,Mysuru,Karnataka,Organic Search
C00854,2026-03-30,Male,26,Bengaluru,Karnataka,Referral
C01983,2026-05-11,Male,35,Delhi,Delhi,Social Media
C02775,2025-03-07,Female,41,VIJAYAWADA,Andhra Pradesh,Organic Search
C01167,2026-04-08,Male,20,Chandigarh,Chandigarh,Social Media
C00972,2025-01-24,Female,38,Mumbai,Maharashtra,Social Media
C02702,2025-06-28,Female,39,Visakhapatnam,Andhra Pradesh,Organic Search
C04496,2024-05-24,Female,39,Bhopal,Madhya Pradesh,Referral
C03848,2025-10-26,Male,25,Delhi,Delhi,Social Media
C02369,2026-04-12,Female,27,Ranchi,Jharkhand,Paid Ads
C04116,2026-03-21,Female,21,Bhopal,Madhya Pradesh,Organic Search
C04132,2024-05-17,Female,40,Pune,Maharashtra,Social Media
C02951,2024-09-23,Female,25,Mumbai,Maharashtra,Paid Ads
C00525,2026-04-12,Male,23,Chennai,Tamil Nadu,Social Media
C02456,2024-03-29,Female,44,Pune,Maharashtra,Email
C01842,2026-03-15,Female,41,CHENNAI,Tamil Nadu,Paid Ads
C00538,2025-10-10,Male,31,Guwahati,Assam,Organic Search
C02807,2025-06-28,Male,20,Lucknow,Uttar Pradesh,Paid Ads
C04342,2026-04-26,Female,30,Guwahati,Assam,Organic Search
C03176,2025-12-17,Male,35,Pune,Maharashtra,Paid Ads
C00785,2024-08-21,Male,40,Ahmedabad,Gujarat,Paid Ads
C04058,2026-06-20,Male,37,Faridabad,Haryana,Paid Ads
C01410,2026-02-09,Male,37,Kochi,Kerala,Organic Search
C02538,2025-08-25,Male,30,Hyderabad,Telangana,Organic Search
C00155,2025-06-01,Male,27,Surat,Gujarat,Social Media
C03010,2026-04-20,Male,31,Mumbai,Maharashtra,Social Media
C01687,2026-02-13,Female,18,Surat,Gujarat,Email
C02902,2024-10-30,Female,25,Udaipur,Rajasthan,Referral
C04962,2025-12-12,Female,34,Bengaluru,Karnataka,Paid Ads
C03864,2025-06-12,Female,35,Surat,Gujarat,Organic Search
C02734,2026-06-17,Male,21,Ranchi,Jharkhand,Paid Ads
C01896,2024-09-08,Female,29,Indore,Madhya Pradesh,Paid Ads
C00570,2025-06-04,Female,26,Mysuru,Karnataka,Social Media
C01817,2025-10-03,,33,Ranchi,Jharkhand,Organic Search
C02066,2026-02-05,,29,Lucknow,Uttar Pradesh,Social Media
C00128,2025-07-21,Female,38,Ahmedabad,Gujarat,Referral
C03395,2025-03-14,Male,28,Ahmedabad,Gujarat,Social Media
C03328,2026-05-17,Male,26,Hyderabad,Telangana,Paid Ads
C04999,2025-04-10,Male,34,Hyderabad,Telangana,Organic Search
C02976,2026-02-14,Male,37,Jaipur,Rajasthan,Social Media
C00981,2025-02-14,Female,24,Ahmedabad,Gujarat,Social Media
C02301,2024-05-11,Male,38,Patna,Bihar,Organic Search
C00191,2025-08-18,Female,38,JAIPUR,Rajasthan,Paid Ads
C01140,2024-09-14,Male,18,Nagpur,Maharashtra,Social Media
C00700,2025-09-11,Female,24,Thiruvananthapuram,Kerala,Paid Ads
C04793,2026-01-15,Male,26,Kochi,Kerala,Organic Search
C00607,2024-09-13,Female,28,Kochi,Kerala,Organic Search
C04277,2025-06-07,,26,Patna,Bihar,Paid Ads
C00302,2026-01-19,Female,23,Chandigarh,Chandigarh,Paid Ads
C03421,2024-04-23,Male,26,Lucknow,Uttar Pradesh,Paid Ads
C04833,2025-10-13,Female,41,Surat,Gujarat,Referral
C01061,2026-01-31,Female,20,Lucknow,Uttar Pradesh,Organic Search
C02566,2025-09-14,Male,27,Lucknow,Uttar Pradesh,Organic Search
C04674,2025-06-16,Male,,Delhi,Delhi,Organic Search
C01070,2026-07-26,Female,28,Bengaluru,Karnataka,Social Media
C02525,2025-06-29,Male,34,Kanpur,Uttar Pradesh,Organic Search
C02206,2026-01-12,Female,57,Patna,Bihar,Paid Ads
C01244,2024-10-11,Female,37,Udaipur,Rajasthan,Paid Ads
C00017,2026-06-28,Female,43,Bhubaneswar,Odisha,Social Media
C03121,2026-05-20,Female,37,Vijayawada,Andhra Pradesh,Email
C04643,2025-11-02,Female,46,Ahmedabad,Gujarat,Email
C00816,2025-05-26,Female,29,Kolkata,West Bengal,Email
C03068,2026-03-26,Male,19,Vijayawada,Andhra Pradesh,Organic Search
C04797,2025-11-03,Female,44,Bengaluru,Karnataka,Paid Ads
C00960,2024-12-14,Male,33,Surat,Gujarat,Organic Search
C00226,2024-10-31,Male,38,Chandigarh,Chandigarh,Social Media
C03355,2026-04-10,Male,26,Kolkata,West Bengal,Social Media
C02486,2026-05-04,Female,25,Bhubaneswar,Odisha,Organic Search
C00563,2025-02-27,Male,21,Ahmedabad,Gujarat,Email
C03437,2024-06-12,Female,40,Udaipur,Rajasthan,Social Media
C01694,2024-08-20,Male,45,Ranchi,Jharkhand,Paid Ads
C01046,2025-04-23,Female,32,Coimbatore,Tamil Nadu,Referral
C03447,2025-12-10,Female,35,Visakhapatnam,Andhra Pradesh,Social Media
C04566,2025-05-27,Female,23,Kanpur,Uttar Pradesh,Referral
C00955,2024-09-14,Male,34,Ranchi,Jharkhand,Referral
C04998,2026-01-11,Female,42,Udaipur,Rajasthan,Paid Ads
C02736,2026-05-21,Female,50,Pune,Maharashtra,Organic Search
C04916,2025-07-06,Male,33,Delhi,Delhi,Organic Search
C04736,2026-01-15,Male,36,Coimbatore,Tamil Nadu,Paid Ads
C04836,2024-08-13,Male,24,Chandigarh,Chandigarh,Organic Search
C01219,2026-05-05,Male,24,Lucknow,Uttar Pradesh,Paid Ads
C01528,2026-02-10,,24,Thiruvananthapuram,Kerala,Social Media
C03988,2025-05-27,Male,27,Faridabad,Haryana,Social Media
C01301,2025-09-09,Female,40,Coimbatore,Tamil Nadu,Social Media
C04904,2025-11-10,Male,18,Vijayawada,Andhra Pradesh,Paid Ads
C00161,2025-10-16,Female,31,Kochi,Kerala,Social Media
C04068,2025-04-27,Male,25,Bengaluru,Karnataka,Paid Ads
C00957,2026-03-27,Male,18,Lucknow,Uttar Pradesh,Email
C03792,2024-08-02,Male,20,Faridabad,Haryana,Social Media
C03235,2024-05-09,Male,23,Bengaluru,Karnataka,Social Media
C02870,2026-06-30,Female,61,Hyderabad,Telangana,Paid Ads
C03778,2025-11-18,Female,29,Hyderabad,Telangana,Organic Search
C04434,2025-08-03,Female,18,Vijayawada,Andhra Pradesh,Organic Search
C02962,2025-08-03,,38,Bhopal,Madhya Pradesh,Referral
C02201,2024-10-13,Male,42,Vijayawada,Andhra Pradesh,Social Media
C00099,2024-12-29,Female,33,Ranchi,Jharkhand,Social Media
C02558,2025-05-26,Female,33,Visakhapatnam,Andhra Pradesh,Paid Ads
C03184,2025-09-03,Male,27,Faridabad,Haryana,Social Media
C00254,2025-02-20,Male,39,Jaipur,Rajasthan,Organic Search
C03924,2026-06-10,Male,51,Ahmedabad,Gujarat,Social Media
C04200,2026-05-09,Male,18,Bengaluru,Karnataka,Email
C01446,2025-11-24,Female,50,Indore,Madhya Pradesh,Organic Search
C01649,2024-09-11,Female,27,KOLKATA,West Bengal,Paid Ads
C04683,2026-05-12,Other,18,Faridabad,Haryana,Paid Ads
C04724,2026-01-27,Female,34,Nagpur,Maharashtra,Organic Search
C03992,2026-03-13,Male,37,Coimbatore,Tamil Nadu,Organic Search
C01697,2025-08-19,Female,29,Hyderabad,Telangana,Social Media
C03192,2024-08-13,Male,25,Hyderabad,Telangana,Paid Ads
C04500,2025-12-05,Male,53,Ranchi,Jharkhand,Paid Ads
C01155,2025-12-18,Male,30,Noida,Uttar Pradesh,Referral
C02256,2025-03-07,Other,39,Kolkata,West Bengal,Paid Ads
C01683,2026-04-18,Female,30,Ahmedabad,Gujarat,Paid Ads
C03171,2024-11-27,Female,20,Gurugram,Haryana,Social Media
C02057,2025-04-19,Other,48,Noida,Uttar Pradesh,Social Media
C04091,2024-09-25,Other,25,Pune,Maharashtra,Social Media
C03109,2026-02-17,Male,25,Ahmedabad,Gujarat,Organic Search
C04549,2024-11-09,Male,23,Guwahati,Assam,Organic Search
C03724,2025-08-21,Male,27,Bhopal,Madhya Pradesh,Social Media
C02050,2024-07-17,Male,26,Bhubaneswar,Odisha,Organic Search
C03644,2025-07-22,Female,49,Vijayawada,Andhra Pradesh,Referral
C04940,2026-06-04,Female,24,Ahmedabad,Gujarat,Organic Search
C00624,2026-02-24,Female,32,Bhopal,Madhya Pradesh,Social Media
C00263,2026-06-11,Male,30,Udaipur,Rajasthan,Organic Search
C03370,2026-05-24,Male,27,Jaipur,Rajasthan,Referral
C04062,2026-03-15,Female,30,Noida,Uttar Pradesh,Social Media
C01803,2026-04-15,Female,33,Chennai,Tamil Nadu,Social Media
C04737,2025-02-26,Male,34,Guwahati,Assam,Social Media
C00207,2026-03-02,Male,44,Visakhapatnam,Andhra Pradesh,Referral
C02386,2025-05-07,Male,37,Mumbai,Maharashtra,Social Media
C01960,2025-03-26,Male,39,Patna,Bihar,Referral
C02977,2026-06-18,Male,45,Gurugram,Haryana,Referral
C00489,2024-07-17,Male,18,Guwahati,Assam,Social Media
C01844,2026-04-02,Male,18,Bengaluru,Karnataka,Email
C01735,2024-10-17,Female,21,Gurugram,Haryana,Social Media
C02912,2025-09-28,Female,33,Delhi,,Social Media
C03220,2024-06-02,Male,36,Bengaluru,,Organic Search
C00147,2026-03-14,,27,Coimbatore,Tamil Nadu,Organic Search
C01987,2024-10-24,Female,38,Lucknow,Uttar Pradesh,Organic Search
C01370,2025-06-16,Female,24,Indore,Madhya Pradesh,Social Media
C02812,2025-10-05,Male,39,Patna,Bihar,Organic Search
C00660,2024-10-16,Male,42,Kochi,Kerala,Social Media
C01795,2025-07-10,Female,39,Kochi,Kerala,Social Media
C02512,2026-02-22,Female,27,Visakhapatnam,Andhra Pradesh,Organic Search
C03398,2024-05-29,Female,42,Indore,Madhya Pradesh,Email
C04283,2026-02-02,Female,43,COIMBATORE,Tamil Nadu,Paid Ads
C01148,2026-01-02,Female,45,Mumbai,Maharashtra,Social Media
C03273,2026-06-25,Female,27,Udaipur,Rajasthan,Organic Search
C00609,2024-11-11,Male,33,Chandigarh,Chandigarh,Organic Search
C03583,2026-01-24,Female,53,Bengaluru,Karnataka,Organic Search
C01931,2025-03-21,Female,25,Bengaluru,Karnataka,Paid Ads
C00198,2025-06-17,Female,22,Coimbatore,Tamil Nadu,Social Media
C02932,2025-06-03,Female,36,Coimbatore,Tamil Nadu,Paid Ads
C02328,2026-05-05,Female,22,Ranchi,Jharkhand,Social Media
C04390,2025-01-27,Female,46,Kanpur,Uttar Pradesh,Email
C00767,2025-11-01,Male,30,Vijayawada,Andhra Pradesh,Organic Search
C04497,2026-04-13,Female,30,Guwahati,Assam,Paid Ads
C04219,2024-06-26,,23,Guwahati,Assam,Referral
C03256,2025-07-16,Female,22,Chandigarh,Chandigarh,Email
C00203,2025-11-22,Male,19,Guwahati,Assam,Referral
C03511,2024-10-13,Male,49,Kolkata,,Organic Search
C01734,2025-05-24,Male,31,Kolkata,West Bengal,Email
C02778,2025-02-06,Female,33,Jaipur,Rajasthan,Referral
C01708,2026-05-13,Male,33,Ahmedabad,Gujarat,Social Media
C03475,2024-08-24,Male,29,Vijayawada,Andhra Pradesh,Organic Search
C00855,2025-01-17,Male,18,Vijayawada,Andhra Pradesh,Email
C04738,2024-06-30,Female,30,Pune,Maharashtra,Paid Ads
C04098,2025-04-07,Male,34,Thiruvananthapuram,Kerala,Social Media
C02161,2024-08-09,Male,22,Faridabad,Haryana,Social Media
C00699,2025-08-21,Female,25,Jaipur,Rajasthan,Organic Search
C04960,2025-05-04,Male,37,Kanpur,Uttar Pradesh,Organic Search
C03000,2025-06-09,Male,35,Mumbai,Maharashtra,Social Media
C03697,2026-05-06,Female,30,Hyderabad,Telangana,Social Media
C01637,2025-10-12,Female,33,Patna,Bihar,Social Media
C03458,2026-07-21,Female,35,Bhopal,Madhya Pradesh,Paid Ads
C03582,2026-01-24,Male,27,Jaipur,Rajasthan,Organic Search
C01292,2025-11-17,Male,22,Chandigarh,,Social Media
C04660,2025-12-06,Male,44,Chandigarh,Chandigarh,Paid Ads
C01854,2024-12-25,Female,28,Bhopal,Madhya Pradesh,Social Media
C03764,2025-01-24,Female,46,Kanpur,Uttar Pradesh,Paid Ads
C03305,2024-10-12,Female,35,Hyderabad,Telangana,Organic Search
C04925,2024-06-18,Male,29,Ahmedabad,,Paid Ads
C03744,2024-11-11,Female,30,Ahmedabad,Gujarat,Email
C03446,2025-05-23,Female,34,BHOPAL,Madhya Pradesh,Paid Ads
C01999,2025-09-28,Female,37,Nagpur,Maharashtra,Organic Search
C00664,2025-08-05,Male,29,Kanpur,Uttar Pradesh,Referral
C04780,2025-05-03,Male,23,Patna,Bihar,Referral
C03749,2025-12-20,Male,31,Delhi,Delhi,Social Media
C04414,2026-02-21,Female,38,Pune,Maharashtra,Referral
C04745,2026-01-30,Male,21,Patna,Bihar,Social Media
C00710,2025-04-26,Male,21,Bengaluru,Karnataka,Social Media
C01283,2024-12-25,Male,25,kolkata,West Bengal,Email
C02676,2026-03-06,Male,42,Nagpur,Maharashtra,Organic Search
C04030,2024-05-11,Male,20,Patna,Bihar,Paid Ads
C01307,2025-09-01,Male,28,Lucknow,Uttar Pradesh,Organic Search
C02238,2026-03-09,Male,18,Bhopal,Madhya Pradesh,Organic Search
C03303,2026-03-19,Male,40,Visakhapatnam,Andhra Pradesh,Paid Ads
C02039,2024-06-13,Male,18,Chandigarh,,Referral
C01530,2026-07-04,Female,28,Surat,Gujarat,Paid Ads
C01664,2024-08-11,Male,28,Bhubaneswar,Odisha,Social Media
C04947,2026-05-28,Female,32,Gurugram,Haryana,Social Media
C04966,2026-04-05,Male,24,Nagpur,Maharashtra,Social Media
C03628,2025-01-26,Female,24,Ahmedabad,Gujarat,Organic Search
C02694,2024-12-13,Male,40,Delhi,Delhi,Email
C03061,2025-01-08,Male,39,Visakhapatnam,Andhra Pradesh,Organic Search
C01598,2026-04-02,Female,33,Bengaluru,Karnataka,Social Media
C02730,2026-03-09,Female,18,Delhi,Delhi,Paid Ads
C02626,2026-05-14,Female,37,Visakhapatnam,Andhra Pradesh,Social Media
C03158,2025-06-21,Female,23,Kolkata,West Bengal,Organic Search
C03315,2025-12-09,Male,22,Delhi,Delhi,Email
C01723,2026-02-25,Female,24,Kolkata,West Bengal,Paid Ads
C01060,2026-05-16,Male,27,Chandigarh,Chandigarh,Organic Search
C04637,2024-11-07,Male,37,Kanpur,Uttar Pradesh,Social Media
C03243,2025-02-14,Female,38,Chandigarh,Chandigarh,Paid Ads
C01679,2025-12-21,Male,18,Bengaluru,Karnataka,Organic Search
C01758,2025-03-03,Female,31,Pune,Maharashtra,Paid Ads
C04192,2026-02-27,Female,44,Kanpur,Uttar Pradesh,Social Media
C00564,2024-09-18,Female,35,Chandigarh,Chandigarh,Referral
C02791,2025-10-17,Female,36,Bhopal,,Organic Search
C00864,2025-05-22,Male,41,Nagpur,Maharashtra,Social Media
C01485,2026-07-19,Female,25,Mumbai,Maharashtra,Paid Ads
C00207,2026-03-02,Male,44,Visakhapatnam,Andhra Pradesh,Referral
C04489,2026-02-03,Female,44,Nagpur,Maharashtra,Social Media
C00871,2025-08-03,Female,27,Kanpur,Uttar Pradesh,Organic Search
C04494,2024-06-01,Male,22,Gurugram,Haryana,Referral
C00503,2024-09-20,Male,50,Delhi,Delhi,Social Media
C01029,2025-05-27,Female,32,Thiruvananthapuram,Kerala,Email
C03841,2025-09-17,Male,28,Jaipur,Rajasthan,Email
C02691,2026-06-03,Other,40,Surat,Gujarat,Paid Ads
C01571,2025-11-08,Male,19,Guwahati,Assam,Organic Search
C02774,2024-08-20,Male,29,Gurugram,Haryana,Organic Search
C02732,2025-03-14,Male,43,Jaipur,Rajasthan,Referral
C00805,2024-06-04,Male,43,Udaipur,Rajasthan,Referral
C03646,2026-06-21,Female,28,Guwahati,,Organic Search
C02455,2025-06-15,Female,18,Indore,Madhya Pradesh,Paid Ads
C04599,2026-01-07,Female,31,Patna,Bihar,Social Media
C03105,2025-11-05,Female,27,Visakhapatnam,Andhra Pradesh,Organic Search
C04876,2026-01-05,Male,18,Lucknow,Uttar Pradesh,Referral
C00201,2025-02-26,Female,20,Gurugram,Haryana,Organic Search
C03100,2026-06-17,Female,21,Nagpur,Maharashtra,Referral
C02279,2025-12-09,Female,46,Bhubaneswar,Odisha,Paid Ads
C03562,2024-12-11,Other,35,Bhopal,Madhya Pradesh,Referral
C04475,2024-12-30,Female,32,Pune,Maharashtra,Organic Search
C04515,2025-09-27,Male,50,Kolkata,West Bengal,Paid Ads
C00392,2026-04-06,Female,28,Delhi,Delhi,Paid Ads
C01496,2025-11-27,Female,38,Mumbai,Maharashtra,Paid Ads
C02696,2026-04-17,Male,22,BHUBANESWAR,Odisha,Email
C02028,2025-12-24,Female,27,Pune,Maharashtra,Paid Ads
C02569,2025-02-26,Male,34,Mysuru,Karnataka,Paid Ads
C00065,2026-04-29,Female,31,Guwahati,Assam,Paid Ads
C03885,2025-06-10,Male,40,Noida,Uttar Pradesh,Organic Search
C02063,2026-05-24,Female,38,Kochi,Kerala,Organic Search
C00493,2026-04-25,Female,24,Chennai,Tamil Nadu,Organic Search
C00380,2024-11-15,Male,36,Noida,Uttar Pradesh,Paid Ads
C04860,2025-07-02,Female,39,Chennai,Tamil Nadu,Social Media
C03994,2026-05-22,Male,27,Guwahati,Assam,Organic Search
C04888,2025-01-16,Male,31,gurugram,Haryana,Social Media
C01077,2026-02-27,Male,18,Coimbatore,Tamil Nadu,Email
C00879,2024-07-18,Female,28,Kolkata,West Bengal,Paid Ads
C00338,2025-10-01,Male,18,Thiruvananthapuram,Kerala,Paid Ads
C01017,2026-07-03,Female,19,Surat,Gujarat,Organic Search
C01276,2024-11-21,Other,20,Ranchi,Jharkhand,Paid Ads
C03799,2025-08-14,Male,22,Surat,Gujarat,Paid Ads
C04552,2025-11-23,Female,45,Mysuru,Karnataka,Social Media
C03343,2025-07-17,Female,36,Bengaluru,Karnataka,Paid Ads
C04912,2026-05-28,Female,35,Patna,Bihar,Referral
C00996,2026-03-21,Male,33,Ahmedabad,Gujarat,Organic Search
C01982,2026-06-22,Female,18,Indore,Madhya Pradesh,Social Media
C04298,2024-11-07,Male,32,Lucknow,Uttar Pradesh,Organic Search
C00162,2024-07-05,Female,30,Bengaluru,Karnataka,Organic Search
C04799,2025-12-25,Female,38,Bhopal,Madhya Pradesh,Paid Ads
C01501,2025-07-28,Female,35,Udaipur,Rajasthan,Paid Ads
C03844,2025-02-26,Female,32,coimbatore,Tamil Nadu,Organic Search
C02614,2024-06-26,Female,29,Mysuru,Karnataka,Paid Ads
C03462,2025-12-14,Male,26,Udaipur,Rajasthan,Referral
C01022,2024-11-21,Male,25,Nagpur,Maharashtra,Referral
C03074,2024-07-30,Female,48,Ranchi,Jharkhand,Referral
C03944,2025-10-01,Male,40,Kochi,Kerala,Paid Ads
C01586,2026-05-13,Female,37,Guwahati,Assam,Paid Ads
C01956,2026-01-10,Male,33,Visakhapatnam,Andhra Pradesh,Paid Ads
C03153,2024-12-21,Male,21,Bhubaneswar,Odisha,Social Media
C00035,2025-03-07,Female,32,Bhopal,Madhya Pradesh,Organic Search
C04015,2026-05-29,Female,18,Surat,Gujarat,Social Media
C00776,2024-08-20,Female,22,Thiruvananthapuram,Kerala,Organic Search
C02557,2025-10-07,Female,19,Udaipur,Rajasthan,Organic Search
C01479,2026-07-12,Female,29,Faridabad,Haryana,Paid Ads
C01364,2026-05-29,Other,51,Gurugram,Haryana,Paid Ads
C02613,2025-01-25,Male,36,Chennai,Tamil Nadu,Organic Search
C02825,2025-04-12,Male,33,Guwahati,,Organic Search
C02042,2025-05-27,Female,32,Bengaluru,Karnataka,Organic Search
C00242,2024-11-05,Other,25,Vijayawada,Andhra Pradesh,Email
C02062,2025-08-26,Male,40,Faridabad,Haryana,Organic Search
C02364,2025-10-06,Female,35,Patna,Bihar,Social Media
C00601,2026-04-26,Female,18,Pune,Maharashtra,Organic Search
C02436,2025-08-27,Female,20,Patna,Bihar,Organic Search
C02889,2025-07-26,Male,28,Bengaluru,Karnataka,Organic Search
C00647,2024-04-29,Female,41,Kanpur,Uttar Pradesh,Social Media
C03891,2026-01-10,Female,23,Chandigarh,Chandigarh,Referral
C03557,2026-05-19,Male,25,Chennai,Tamil Nadu,Paid Ads
C03203,2026-05-02,Female,42,Ranchi,Jharkhand,Organic Search
C01529,2025-08-09,Female,33,Hyderabad,Telangana,Social Media
C01268,2024-12-23,Female,18,BENGALURU,Karnataka,Social Media
C01900,2024-11-23,Male,44,Bhubaneswar,Odisha,Organic Search
C04659,2026-05-15,Male,43,Hyderabad,Telangana,Social Media
C03006,2025-11-09,Female,25,SURAT,Gujarat,Paid Ads
C02735,2025-02-12,Male,33,Patna,Bihar,Organic Search
C00190,2026-02-07,Female,43,Jaipur,Rajasthan,Organic Search
C01807,2024-06-09,Male,30,Thiruvananthapuram,Kerala,Social Media
C00976,2025-07-06,Female,31,Hyderabad,Telangana,Social Media
C02748,2024-07-10,Male,24,Mysuru,Karnataka,Social Media
C02048,2025-05-12,Female,20,Nagpur,Maharashtra,Social Media
C02559,2025-03-15,Male,52,Noida,Uttar Pradesh,Organic Search
C01083,2026-02-25,Male,20,Ranchi,Jharkhand,Paid Ads
C00475,2025-03-01,Male,31,Patna,Bihar,Referral
C02905,2026-01-26,Male,20,Udaipur,Rajasthan,Organic Search
C04844,2025-08-22,Female,20,Mumbai,Maharashtra,Paid Ads
C04118,2026-06-16,Male,32,Mysuru,Karnataka,Social Media
C03386,2026-01-22,Male,37,Bhubaneswar,Odisha,Social Media
C04556,2025-12-20,Female,30,Coimbatore,Tamil Nadu,Social Media
C01185,2025-08-27,Female,22,MYSURU,Karnataka,Referral
C02434,2024-03-13,Other,24,Guwahati,Assam,Social Media
C02392,2026-05-22,Male,21,Bengaluru,Karnataka,Social Media
C00770,2024-03-27,Female,43,Ahmedabad,Gujarat,Email
C01686,2024-11-09,Male,23,Patna,Bihar,Paid Ads
C00131,2025-06-02,Male,26,Chandigarh,Chandigarh,Organic Search
C02920,2024-02-20,Female,25,Jaipur,Rajasthan,Social Media
C03172,2026-03-04,Female,18,Pune,Maharashtra,Email
C03445,2026-07-18,Male,26,Indore,Madhya Pradesh,Social Media
C04427,2025-03-21,Male,32,Gurugram,Haryana,Paid Ads
C00467,2025-10-21,Male,23,Hyderabad,Telangana,Paid Ads
C03093,2025-09-09,Male,20,Mumbai,Maharashtra,Organic Search
C03773,2024-10-13,Female,25,Mysuru,Karnataka,Organic Search
C00861,2024-02-29,Female,31,Bengaluru,Karnataka,Social Media