customer_id,signup_date,gender,age,city,state,acquisition_channel,recency,frequency,monetary,R_score,F_score,M_score,RFM_score,segment
C04872,2025-08-26,Female,30.0,Guwahati,Assam,Paid Ads,360.0,10.0,34273.0,1,5,4,10.0,At Risk
C01026,2025-04-29,Female,32.0,Udaipur,Rajasthan,Organic Search,12.0,8.0,18915.0,5,5,3,13.0,Loyal Customers
C03193,2026-01-21,Male,56.0,Kolkata,West Bengal,Referral,169.0,9.0,55639.0,2,5,5,12.0,At Risk
C02895,2024-03-15,Male,31.0,Mumbai,Maharashtra,Paid Ads,21.0,3.0,22618.0,5,3,3,11.0,Loyal Customers
C04393,2025-06-03,Female,39.0,Indore,Madhya Pradesh,Organic Search,60.0,1.0,4568.0,3,1,1,5.0,Lost
C04402,2025-12-05,Male,30.0,Visakhapatnam,Andhra Pradesh,Organic Search,220.0,1.0,7726.0,1,1,2,4.0,Lost
C02418,2025-11-18,Male,41.0,Pune,Maharashtra,Organic Search,35.0,5.0,14073.0,4,4,3,11.0,Loyal Customers
C01096,2026-04-04,Female,35.0,Mysuru,Karnataka,Social Media,38.0,5.0,12185.0,4,4,2,10.0,Loyal Customers
C04458,2025-08-05,Female,31.0,Vijayawada,Andhra Pradesh,Organic Search,260.0,1.0,5318.0,1,1,1,3.0,Lost
C00706,2024-12-18,Female,31.0,Surat,Gujarat,Paid Ads,314.0,4.0,33377.0,1,3,4,8.0,At Risk
C02375,2025-06-29,Male,37.0,Patna,Bihar,Referral,37.0,5.0,44500.0,4,4,5,13.0,Champions
C00531,2025-06-30,Male,37.0,Chandigarh,Chandigarh,Social Media,42.0,7.0,22256.0,4,4,3,11.0,Loyal Customers
C00801,2025-07-01,Female,24.0,Chandigarh,Chandigarh,Paid Ads,127.0,1.0,8276.0,2,1,2,5.0,Lost
C04523,2026-02-23,Female,22.0,Coimbatore,Tamil Nadu,Email,188.0,14.0,43034.0,2,5,5,12.0,At Risk
C01457,2024-08-12,Female,29.0,Nagpur,Maharashtra,Paid Ads,438.0,1.0,10467.0,1,1,2,4.0,Lost
C01392,2026-06-24,Female,28.0,Ahmedabad,Gujarat,Paid Ads,6.0,1.0,3089.0,5,1,1,7.0,Potential Loyalists
C03647,2026-03-13,Female,37.0,Udaipur,Rajasthan,Social Media,11.0,5.0,36330.0,5,4,4,13.0,Champions
C03197,2025-01-23,Female,43.0,Surat,Gujarat,Social Media,,,,,,,,No Completed Purchase
C02672,2026-06-14,Male,18.0,Indore,Madhya Pradesh,Social Media,25.0,11.0,40898.0,5,5,4,14.0,Champions
C04465,2024-05-19,Female,18.0,Pune,Maharashtra,Organic Search,117.0,6.0,66178.0,2,4,5,11.0,At Risk
C00066,2025-11-26,Female,31.0,Coimbatore,Tamil Nadu,Organic Search,6.0,1.0,1619.0,5,1,1,7.0,Potential Loyalists
C00158,2025-11-12,Male,31.0,Jaipur,Rajasthan,Social Media,197.0,1.0,2225.0,2,1,1,4.0,Lost
C03269,2025-04-04,Male,40.0,Visakhapatnam,Andhra Pradesh,Organic Search,155.0,3.0,42778.0,2,3,5,10.0,At Risk
C04100,2026-03-14,Female,31.0,Visakhapatnam,Andhra Pradesh,Organic Search,6.0,3.0,13592.0,5,3,3,11.0,Loyal Customers
C00627,2026-07-24,Male,35.0,Hyderabad,Telangana,Email,54.0,3.0,38748.0,4,2,4,10.0,Potential Loyalists
C01966,2026-06-12,Female,37.0,Faridabad,Haryana,Paid Ads,54.0,1.0,469.0,4,1,1,6.0,Potential Loyalists
C01439,2024-07-17,Male,26.0,Ranchi,Jharkhand,Paid Ads,234.0,3.0,13094.0,1,2,3,6.0,Lost
C02241,2026-07-25,Female,31.0,Bhopal,Madhya Pradesh,Paid Ads,166.0,4.0,8835.0,2,3,2,7.0,At Risk
C03012,2025-08-29,Female,29.0,Mumbai,Maharashtra,Referral,32.0,1.0,7198.0,4,1,2,7.0,Potential Loyalists
C03904,2025-08-06,Female,18.0,Pune,Maharashtra,Organic Search,18.0,9.0,25074.0,5,5,4,14.0,Champions
C03516,2025-03-05,Female,31.0,Jaipur,Rajasthan,Social Media,230.0,9.0,67440.0,1,5,5,11.0,At Risk
C00643,2025-01-24,Female,31.0,Guwahati,Assam,Organic Search,145.0,4.0,14293.0,2,3,3,8.0,At Risk
C01927,2025-07-31,Male,35.0,Noida,Uttar Pradesh,Email,346.0,2.0,17083.0,1,2,3,6.0,Lost
C02188,2025-07-05,Female,25.0,Chandigarh,Chandigarh,Referral,,,,,,,,No Completed Purchase
C00684,2024-10-07,Male,37.0,Pune,Maharashtra,Paid Ads,34.0,3.0,12494.0,4,2,2,8.0,Potential Loyalists
C00677,2026-05-28,Female,22.0,Delhi,Delhi,Paid Ads,130.0,10.0,132699.0,2,5,5,12.0,At Risk
C01895,2025-03-01,Female,18.0,Nagpur,Maharashtra,Social Media,140.0,12.0,57388.0,2,5,5,12.0,At Risk
C01877,2025-01-11,Male,35.0,Jaipur,Rajasthan,Referral,141.0,1.0,5807.0,2,1,1,4.0,Lost
C01058,2026-04-14,Female,31.0,Ahmedabad,Gujarat,Referral,45.0,1.0,1649.0,4,1,1,6.0,Potential Loyalists
C04096,2024-09-11,Female,28.0,Patna,Bihar,Referral,137.0,1.0,11157.0,2,1,2,5.0,Lost
C02747,2025-11-19,Male,42.0,Udaipur,Rajasthan,Social Media,27.0,3.0,5256.0,5,3,1,9.0,Loyal Customers
C02835,2025-10-22,Female,38.0,Jaipur,Rajasthan,Social Media,40.0,2.0,35872.0,4,2,4,10.0,Potential Loyalists
C04425,2025-03-01,Male,30.0,Bhopal,Madhya Pradesh,Paid Ads,49.0,3.0,4326.0,4,3,1,8.0,Loyal Customers
C00297,2025-02-13,Male,31.0,Pune,Maharashtra,Email,56.0,8.0,40276.0,3,4,4,11.0,Loyal Customers
C03746,2025-02-28,Female,35.0,Delhi,Delhi,Organic Search,85.0,8.0,65158.0,3,5,5,13.0,Loyal Customers
C03602,2025-12-19,Male,31.0,Bhubaneswar,Odisha,Organic Search,,,,,,,,No Completed Purchase
C04697,2026-07-07,Female,22.0,Kolkata,West Bengal,Social Media,37.0,8.0,53318.0,4,5,5,14.0,Champions
C04204,2026-06-16,Female,30.0,Delhi,Delhi,Paid Ads,35.0,4.0,16922.0,4,3,3,10.0,Loyal Customers
C02381,2026-01-07,Male,36.0,Thiruvananthapuram,Kerala,Organic Search,233.0,13.0,163538.0,1,5,5,11.0,At Risk
C01256,2025-10-16,Male,33.0,Chennai,Tamil Nadu,Social Media,287.0,4.0,48794.0,1,3,5,9.0,At Risk
C00169,2025-02-12,Male,31.0,Patna,Bihar,Paid Ads,1.0,9.0,63972.0,5,5,5,15.0,Champions
C02875,2026-05-06,Female,38.0,Bhubaneswar,Odisha,Paid Ads,25.0,4.0,56468.0,5,3,5,13.0,Loyal Customers
C00030,2025-12-28,Male,31.0,Gurugram,Haryana,Organic Search,7.0,2.0,5706.0,5,2,1,8.0,Potential Loyalists
C01748,2025-03-29,Female,37.0,Faridabad,Haryana,Paid Ads,277.0,2.0,12075.0,1,2,2,5.0,Lost
C04981,2025-12-28,Male,31.0,Guwahati,Assam,Social Media,230.0,2.0,8066.0,1,2,2,5.0,Lost
C03888,2024-06-24,Male,19.0,Surat,Gujarat,Paid Ads,145.0,2.0,4126.0,2,2,1,5.0,Lost
C02112,2026-01-26,Male,18.0,Delhi,Delhi,Paid Ads,190.0,1.0,6944.0,2,1,2,5.0,Lost
C04813,2026-03-07,Male,45.0,Gurugram,Haryana,Organic Search,45.0,4.0,17263.0,4,3,3,10.0,Loyal Customers
C02810,2025-11-07,Male,20.0,Patna,Unknown,Referral,250.0,7.0,23369.0,1,4,4,9.0,At Risk
C02102,2026-07-29,Male,23.0,Lucknow,Uttar Pradesh,Organic Search,155.0,1.0,4738.0,2,1,1,4.0,Lost
C01011,2026-04-29,Female,19.0,Kochi,Kerala,Referral,49.0,8.0,32626.0,4,5,4,13.0,Champions
C04291,2026-04-22,Female,28.0,Udaipur,Rajasthan,Referral,118.0,5.0,15532.0,2,4,3,9.0,At Risk
C00545,2024-12-29,Female,46.0,Chandigarh,Chandigarh,Organic Search,21.0,18.0,122985.0,5,5,5,15.0,Champions
C01742,2024-09-13,Female,38.0,Kanpur,Uttar Pradesh,Paid Ads,3.0,17.0,113444.0,5,5,5,15.0,Champions
C03729,2024-10-24,Female,23.0,Vijayawada,Unknown,Organic Search,337.0,5.0,62076.0,1,4,5,10.0,At Risk
C04814,2024-12-22,Male,36.0,Surat,Gujarat,Organic Search,550.0,15.0,59522.0,1,5,5,11.0,At Risk
C01718,2024-08-07,Male,26.0,Hyderabad,Telangana,Paid Ads,35.0,11.0,37690.0,4,5,4,13.0,Champions
C00995,2025-12-15,Female,40.0,Jaipur,Rajasthan,Paid Ads,106.0,5.0,27461.0,3,4,4,11.0,Loyal Customers
C03984,2025-11-14,Male,39.0,Patna,Bihar,Email,40.0,6.0,25877.0,4,4,4,12.0,Champions
C02797,2026-02-19,Female,25.0,Kanpur,Uttar Pradesh,Paid Ads,188.0,2.0,7307.0,2,2,2,6.0,Lost
C04057,2025-11-04,Male,37.0,Kolkata,West Bengal,Social Media,1.0,1.0,4207.0,5,1,1,7.0,Potential Loyalists
C00024,2025-08-24,Male,31.0,Udaipur,Rajasthan,Social Media,321.0,1.0,6957.0,1,1,2,4.0,Lost
C00950,2026-03-17,Other,37.0,Bhubaneswar,Odisha,Organic Search,5.0,4.0,18962.0,5,3,3,11.0,Loyal Customers
C00241,2026-05-09,Female,31.0,Ranchi,Jharkhand,Organic Search,25.0,17.0,67007.0,5,5,5,15.0,Champions
C01555,2025-12-20,Male,45.0,Bhubaneswar,Odisha,Organic Search,81.0,4.0,8704.0,3,3,2,8.0,Loyal Customers
C01435,2025-10-20,Female,42.0,Surat,Gujarat,Paid Ads,53.0,4.0,32640.0,4,3,4,11.0,Loyal Customers
C01671,2024-10-08,Female,31.0,Noida,Uttar Pradesh,Organic Search,10.0,5.0,13092.0,5,4,3,12.0,Loyal Customers
C00486,2026-01-25,Female,51.0,Kolkata,West Bengal,Referral,43.0,4.0,13972.0,4,3,3,10.0,Loyal Customers
C03428,2025-12-25,Male,23.0,Chandigarh,Chandigarh,Paid Ads,22.0,1.0,1119.0,5,1,1,7.0,Potential Loyalists
C03649,2024-08-23,Female,45.0,Bhopal,Madhya Pradesh,Email,111.0,3.0,19798.0,3,3,3,9.0,Loyal Customers
C04270,2026-01-22,Male,24.0,Udaipur,Rajasthan,Social Media,192.0,2.0,4458.0,2,2,1,5.0,Lost
C00804,2025-09-05,Female,28.0,Bhubaneswar,Odisha,Paid Ads,22.0,1.0,3788.0,5,1,1,7.0,Potential Loyalists
C04772,2025-01-22,Male,31.0,Jaipur,Rajasthan,Paid Ads,57.0,4.0,36514.0,3,3,4,10.0,Loyal Customers
C01740,2026-05-31,Male,26.0,Mumbai,Maharashtra,Social Media,28.0,7.0,21598.0,4,4,3,11.0,Loyal Customers
C03041,2025-06-14,Female,26.0,Faridabad,Haryana,Social Media,93.0,1.0,3037.0,3,1,1,5.0,Lost
C02196,2026-04-22,Other,18.0,Kanpur,Uttar Pradesh,Organic Search,139.0,5.0,47171.0,2,4,5,11.0,At Risk
C00085,2025-02-17,Female,31.0,Bhubaneswar,Odisha,Organic Search,12.0,5.0,55690.0,5,3,5,13.0,Loyal Customers
C02124,2025-05-09,Male,31.0,Gurugram,Haryana,Social Media,158.0,2.0,11335.0,2,2,2,6.0,Lost
C03015,2026-06-03,Female,29.0,Kochi,Kerala,Paid Ads,45.0,2.0,15348.0,4,2,3,9.0,Potential Loyalists
C02534,2025-10-26,Male,30.0,Bengaluru,Karnataka,Organic Search,58.0,1.0,14672.0,3,1,3,7.0,Lost
C01872,2025-05-01,Female,36.0,Nagpur,Maharashtra,Referral,21.0,4.0,33184.0,5,3,4,12.0,Loyal Customers
C00107,2025-04-18,Male,31.0,Indore,Madhya Pradesh,Organic Search,4.0,4.0,39267.0,5,3,4,12.0,Loyal Customers
C04638,2026-03-22,Other,22.0,Bengaluru,Karnataka,Organic Search,98.0,1.0,14701.0,3,2,3,8.0,Lost
C04866,2025-10-05,Female,40.0,Coimbatore,Tamil Nadu,Social Media,35.0,1.0,309.0,4,2,1,7.0,Potential Loyalists
C01579,2025-10-24,Male,38.0,Visakhapatnam,Andhra Pradesh,Email,4.0,17.0,217363.0,5,5,5,15.0,Champions
C00200,2026-02-09,Female,31.0,Kochi,Kerala,Social Media,,,,,,,,No Completed Purchase
C04957,2026-01-02,Female,26.0,Faridabad,Haryana,Organic Search,0.0,4.0,8554.0,5,3,2,10.0,Loyal Customers
C03064,2024-12-22,Female,23.0,Guwahati,Assam,Organic Search,587.0,15.0,47970.0,1,5,5,11.0,At Risk
C04953,2026-01-20,Male,33.0,Kanpur,Uttar Pradesh,Organic Search,215.0,1.0,938.0,1,2,1,4.0,Lost
C04239,2026-06-29,Female,29.0,Udaipur,Rajasthan,Paid Ads,44.0,7.0,17805.0,4,4,3,11.0,Loyal Customers
C02838,2026-05-20,Female,32.0,Ahmedabad,Gujarat,Social Media,32.0,2.0,8175.0,4,2,2,8.0,Potential Loyalists
C03128,2025-07-31,Female,40.0,Patna,Bihar,Email,231.0,1.0,2468.0,1,1,1,3.0,Lost
C02182,2025-12-17,Female,24.0,Vijayawada,Andhra Pradesh,Paid Ads,235.0,16.0,100787.0,1,5,5,11.0,At Risk
C03412,2026-06-03,Female,27.0,Noida,Uttar Pradesh,Email,,,,,,,,No Completed Purchase
C00882,2025-03-07,Male,18.0,Hyderabad,Telangana,Organic Search,417.0,15.0,60531.0,1,5,5,11.0,At Risk
C04221,2024-10-25,Female,21.0,Ahmedabad,Gujarat,Social Media,263.0,2.0,7055.0,1,2,2,5.0,Lost
C04568,2025-03-17,Male,19.0,Kochi,Kerala,Social Media,387.0,7.0,38081.0,1,4,4,9.0,At Risk
C04127,2025-05-18,Female,41.0,Hyderabad,Telangana,Organic Search,53.0,4.0,14013.0,4,3,3,10.0,Loyal Customers
C00554,2025-12-19,Female,21.0,Kolkata,West Bengal,Referral,144.0,12.0,50714.0,2,5,5,12.0,At Risk
C00734,2025-08-22,Female,29.0,Thiruvananthapuram,Kerala,Email,325.0,4.0,16943.0,1,3,3,7.0,At Risk
C00180,2025-07-21,Female,31.0,Udaipur,Rajasthan,Social Media,42.0,6.0,21503.0,4,4,3,11.0,Loyal Customers
C00417,2025-12-12,Female,35.0,Gurugram,Haryana,Paid Ads,8.0,13.0,28781.0,5,5,4,14.0,Champions
C00080,2024-10-11,Male,31.0,Ahmedabad,Gujarat,Paid Ads,,,,,,,,No Completed Purchase
C00473,2024-06-22,Female,31.0,Patna,Bihar,Organic Search,160.0,4.0,7574.0,2,3,2,7.0,At Risk
C00671,2024-07-01,Female,29.0,Kochi,Unknown,Referral,31.0,5.0,18632.0,4,4,3,11.0,Loyal Customers
C04906,2025-06-18,Male,18.0,Udaipur,Rajasthan,Email,42.0,5.0,13214.0,4,4,3,11.0,Loyal Customers
C01502,2025-05-29,Male,31.0,Vijayawada,Andhra Pradesh,Paid Ads,379.0,1.0,5298.0,1,1,1,3.0,Lost
C02802,2026-06-08,Male,31.0,Gurugram,Haryana,Organic Search,29.0,4.0,34784.0,4,3,4,11.0,Loyal Customers
C02093,2025-06-07,Female,34.0,Kanpur,Uttar Pradesh,Paid Ads,41.0,1.0,6788.0,4,1,2,7.0,Potential Loyalists
C00249,2025-11-23,Female,31.0,Surat,Gujarat,Organic Search,221.0,7.0,35263.0,1,4,4,9.0,At Risk
C00539,2026-01-14,Female,45.0,Kochi,Kerala,Referral,30.0,10.0,19997.0,4,5,3,12.0,Loyal Customers
C01346,2025-12-10,Female,32.0,Bengaluru,Karnataka,Organic Search,191.0,8.0,57152.0,2,5,5,12.0,At Risk
C04696,2025-07-24,Male,18.0,Visakhapatnam,Andhra Pradesh,Email,361.0,2.0,5584.0,1,2,1,4.0,Lost
C01271,2025-07-14,Female,21.0,Vijayawada,Andhra Pradesh,Paid Ads,368.0,8.0,26518.0,1,5,4,10.0,At Risk
C00229,2024-11-19,Male,31.0,Hyderabad,Telangana,Paid Ads,22.0,13.0,141552.0,5,5,5,15.0,Champions
C00298,2025-02-19,Male,22.0,Pune,Maharashtra,Paid Ads,27.0,5.0,15392.0,5,4,3,12.0,Loyal Customers
C02820,2025-03-02,Female,31.0,Kolkata,West Bengal,Social Media,17.0,1.0,4828.0,5,1,1,7.0,Potential Loyalists
C04160,2025-04-12,Female,36.0,Ahmedabad,Gujarat,Organic Search,172.0,1.0,6075.0,2,1,1,4.0,Lost
C01184,2025-09-26,Male,18.0,Hyderabad,Telangana,Organic Search,107.0,8.0,64680.0,3,5,5,13.0,Loyal Customers
C02060,2024-09-06,Male,35.0,Chennai,Tamil Nadu,Organic Search,27.0,8.0,24537.0,5,5,4,14.0,Champions
C00466,2025-10-31,Male,31.0,Hyderabad,Telangana,Email,213.0,4.0,13583.0,1,3,3,7.0,At Risk
C02990,2026-04-27,Female,24.0,Mysuru,Karnataka,Organic Search,21.0,12.0,142890.0,5,5,5,15.0,Champions
C00506,2025-06-30,Male,24.0,Noida,Uttar Pradesh,Organic Search,204.0,4.0,7645.0,2,3,2,7.0,At Risk
C04078,2026-02-10,Male,47.0,Visakhapatnam,Andhra Pradesh,Paid Ads,47.0,6.0,24179.0,4,4,4,12.0,Champions
C04815,2025-03-31,Female,46.0,Kolkata,West Bengal,Referral,60.0,5.0,14593.0,3,4,3,10.0,Loyal Customers
C02094,2026-04-23,Female,22.0,Udaipur,Rajasthan,Paid Ads,159.0,1.0,4058.0,2,1,1,4.0,Lost
C01670,2025-01-25,Female,31.0,Ahmedabad,Gujarat,Organic Search,59.0,2.0,12691.0,3,2,2,7.0,Lost
C01753,2024-04-12,Female,43.0,Guwahati,Assam,Paid Ads,219.0,1.0,2019.0,1,1,1,3.0,Lost
C04782,2025-10-25,Male,19.0,Chennai,Tamil Nadu,Paid Ads,2.0,1.0,8355.0,5,2,2,9.0,Potential Loyalists
C02654,2026-02-08,Female,31.0,Udaipur,Rajasthan,Organic Search,192.0,2.0,19377.0,2,2,3,7.0,Lost
C00427,2026-04-21,Female,44.0,Hyderabad,Telangana,Social Media,67.0,7.0,9159.0,3,4,2,9.0,Loyal Customers
C01259,2025-12-06,Female,22.0,Noida,Uttar Pradesh,Social Media,14.0,1.0,7438.0,5,1,2,8.0,Potential Loyalists
C01074,2025-02-02,Male,31.0,Mumbai,Maharashtra,Social Media,59.0,10.0,32671.0,3,5,4,12.0,Loyal Customers
C04994,2026-04-23,Male,33.0,Vijayawada,Andhra Pradesh,Organic Search,161.0,1.0,19741.0,2,2,3,7.0,Lost
C03796,2026-01-27,Female,41.0,Jaipur,Rajasthan,Paid Ads,92.0,2.0,7286.0,3,2,2,7.0,Lost
C04742,2025-04-02,Male,27.0,Mysuru,Karnataka,Organic Search,302.0,3.0,9065.0,1,3,2,6.0,At Risk
C00658,2026-06-19,Male,26.0,Chennai,Tamil Nadu,Paid Ads,19.0,1.0,12944.0,5,1,2,8.0,Potential Loyalists
C00394,2026-06-21,Female,31.0,Coimbatore,Tamil Nadu,Organic Search,14.0,12.0,49784.0,5,5,5,15.0,Champions
C03621,2025-08-06,Male,33.0,Jaipur,Rajasthan,Social Media,226.0,3.0,10631.0,1,3,2,6.0,At Risk
C00280,2024-05-04,Female,19.0,Indore,Madhya Pradesh,Social Media,514.0,4.0,11464.0,1,3,2,6.0,At Risk
C04184,2025-09-10,Male,31.0,Bengaluru,Karnataka,Paid Ads,8.0,2.0,21782.0,5,2,3,10.0,Potential Loyalists
C04578,2025-05-22,Female,35.0,Chennai,Tamil Nadu,Organic Search,,,,,,,,No Completed Purchase
C01076,2025-05-25,Female,28.0,Thiruvananthapuram,Kerala,Email,461.0,1.0,4378.0,1,1,1,3.0,Lost
C01136,2025-07-28,Female,36.0,Pune,Maharashtra,Organic Search,,,,,,,,No Completed Purchase
C01589,2026-05-31,Other,25.0,Chennai,Tamil Nadu,Organic Search,118.0,2.0,6925.0,2,2,2,6.0,Lost
C00578,2025-11-11,Male,45.0,Kochi,Kerala,Paid Ads,71.0,3.0,15592.0,3,2,3,8.0,Lost
C02292,2025-10-25,Female,32.0,Mysuru,Karnataka,Paid Ads,57.0,4.0,28028.0,3,3,4,10.0,Loyal Customers
C01053,2025-05-11,Female,31.0,Delhi,Delhi,Paid Ads,,,,,,,,No Completed Purchase
C01091,2026-03-02,Male,31.0,Coimbatore,Tamil Nadu,Social Media,59.0,3.0,14621.0,3,2,3,8.0,Lost
C03102,2025-06-28,Male,38.0,Mumbai,Maharashtra,Referral,36.0,1.0,8786.0,4,1,2,7.0,Potential Loyalists
C01428,2025-12-15,Male,28.0,Udaipur,Rajasthan,Organic Search,205.0,5.0,32993.0,2,4,4,10.0,At Risk
C01050,2025-06-16,Female,23.0,Jaipur,Rajasthan,Social Media,,,,,,,,No Completed Purchase
C04455,2026-03-24,Female,36.0,Jaipur,Rajasthan,Paid Ads,25.0,6.0,86195.0,5,4,5,14.0,Champions
C02519,2025-09-20,Female,41.0,Coimbatore,Tamil Nadu,Paid Ads,49.0,1.0,1109.0,4,1,1,6.0,Potential Loyalists
C03160,2026-06-11,Female,32.0,Nagpur,Maharashtra,Organic Search,,,,,,,,No Completed Purchase
C00009,2026-01-20,Female,31.0,Coimbatore,Tamil Nadu,Organic Search,4.0,1.0,5238.0,5,1,1,7.0,Potential Loyalists
C04163,2026-07-13,Male,46.0,Lucknow,Uttar Pradesh,Organic Search,,,,,,,,No Completed Purchase
C04463,2025-02-27,Male,25.0,Bhopal,Madhya Pradesh,Paid Ads,4.0,17.0,65802.0,5,5,5,15.0,Champions
C04067,2024-06-11,Male,31.0,Chennai,Tamil Nadu,Referral,37.0,2.0,16512.0,4,2,3,9.0,Potential Loyalists
C00145,2026-03-20,Male,31.0,Thiruvananthapuram,Kerala,Social Media,84.0,5.0,21086.0,3,3,3,9.0,Loyal Customers
C01955,2026-02-06,Female,18.0,Nagpur,Maharashtra,Social Media,108.0,1.0,1799.0,3,1,1,5.0,Lost
C00562,2026-05-13,Female,20.0,Bhopal,Madhya Pradesh,Email,151.0,4.0,22127.0,2,3,3,8.0,At Risk
C03018,2025-10-16,Male,41.0,Vijayawada,Andhra Pradesh,Referral,229.0,2.0,4628.0,1,2,1,4.0,Lost
C03784,2026-02-04,Female,26.0,Gurugram,Haryana,Referral,113.0,1.0,10524.0,3,1,2,6.0,Lost
C04762,2026-06-21,Male,31.0,Lucknow,Uttar Pradesh,Referral,125.0,5.0,15740.0,2,4,3,9.0,At Risk
C00152,2025-07-31,Male,31.0,Mumbai,Maharashtra,Organic Search,25.0,3.0,10295.0,5,2,2,9.0,Potential Loyalists
C00423,2026-07-24,Male,30.0,Kochi,Kerala,Paid Ads,7.0,1.0,1556.0,5,1,1,7.0,Potential Loyalists
C01019,2024-10-11,Female,46.0,Bhubaneswar,Odisha,Organic Search,49.0,14.0,49608.0,4,5,5,14.0,Champions
C02707,2024-07-15,Male,45.0,Bengaluru,Karnataka,Paid Ads,43.0,2.0,7854.0,4,2,2,8.0,Potential Loyalists
C03373,2026-06-05,Male,24.0,Vijayawada,Andhra Pradesh,Organic Search,46.0,4.0,19681.0,4,3,3,10.0,Loyal Customers
C01213,2025-04-14,Female,32.0,Mysuru,Karnataka,Paid Ads,171.0,1.0,6118.0,2,1,1,4.0,Lost
C03712,2025-05-22,Female,42.0,Mysuru,Karnataka,Referral,199.0,3.0,11643.0,2,3,2,7.0,At Risk
C00799,2025-12-20,Male,26.0,Chandigarh,Chandigarh,Social Media,173.0,8.0,32205.0,2,5,4,11.0,At Risk
C03568,2026-01-01,Male,27.0,Surat,Gujarat,Paid Ads,198.0,4.0,9006.0,2,3,2,7.0,At Risk
C02715,2025-09-09,Female,42.0,Kochi,Kerala,Paid Ads,,,,,,,,No Completed Purchase
C00415,2025-10-22,Male,25.0,Ahmedabad,Gujarat,Social Media,268.0,1.0,5868.0,1,1,1,3.0,Lost
C02303,2025-08-25,Male,18.0,Ahmedabad,Gujarat,Paid Ads,40.0,1.0,12715.0,4,1,2,7.0,Potential Loyalists
C04733,2026-07-11,Male,44.0,Pune,Maharashtra,Organic Search,35.0,8.0,38786.0,4,5,4,13.0,Champions
C03995,2025-02-07,Male,37.0,Vijayawada,Unknown,Email,57.0,10.0,113058.0,3,5,5,13.0,Loyal Customers
C00625,2025-08-12,Male,32.0,Ahmedabad,Gujarat,Referral,204.0,4.0,13572.0,2,3,3,8.0,At Risk
C01616,2025-11-27,Female,31.0,Bhubaneswar,Odisha,Social Media,23.0,2.0,6236.0,5,2,1,8.0,Potential Loyalists
C00765,2026-02-09,Male,33.0,Thiruvananthapuram,Kerala,Organic Search,31.0,2.0,26825.0,4,2,4,10.0,Potential Loyalists
C02681,2024-02-08,Male,35.0,Thiruvananthapuram,Kerala,Organic Search,53.0,9.0,24785.0,4,5,4,13.0,Champions
C04375,2025-05-07,Male,49.0,Hyderabad,Telangana,Referral,35.0,3.0,13135.0,4,3,3,10.0,Loyal Customers
C03530,2025-10-19,Unknown,46.0,Lucknow,Uttar Pradesh,Paid Ads,32.0,5.0,14732.0,4,4,3,11.0,Loyal Customers
C00812,2026-02-26,Unknown,25.0,Mysuru,Karnataka,Social Media,13.0,2.0,10153.0,5,2,2,9.0,Potential Loyalists
C00101,2024-05-14,Female,22.0,Vijayawada,Andhra Pradesh,Paid Ads,229.0,2.0,9893.0,1,2,2,5.0,Lost
C02823,2024-03-11,Other,28.0,Noida,Uttar Pradesh,Email,33.0,14.0,107567.0,4,5,5,14.0,Champions
C00654,2025-12-13,Male,34.0,Chennai,Tamil Nadu,Paid Ads,44.0,1.0,2948.0,4,1,1,6.0,Potential Loyalists
C00860,2026-04-19,Male,24.0,Vijayawada,Andhra Pradesh,Referral,124.0,11.0,36453.0,2,5,4,11.0,At Risk
C01613,2025-10-09,Female,40.0,Bhubaneswar,Odisha,Paid Ads,44.0,5.0,20901.0,4,4,3,11.0,Loyal Customers
C00764,2026-03-20,Male,31.0,Surat,Gujarat,Paid Ads,49.0,1.0,10044.0,4,1,2,7.0,Potential Loyalists
C00334,2025-11-07,Female,31.0,Ahmedabad,Gujarat,Paid Ads,37.0,4.0,10982.0,4,3,2,9.0,Loyal Customers
C01630,2025-02-12,Male,20.0,Indore,Madhya Pradesh,Organic Search,49.0,1.0,1099.0,4,1,1,6.0,Potential Loyalists
C04657,2026-05-05,Other,35.0,Surat,Gujarat,Social Media,52.0,7.0,37612.0,4,4,4,12.0,Champions
C04340,2026-02-27,Male,22.0,Mysuru,Unknown,Social Media,28.0,1.0,8756.0,4,1,2,7.0,Potential Loyalists
C00228,2024-09-25,Male,31.0,Visakhapatnam,Andhra Pradesh,Paid Ads,17.0,1.0,7717.0,5,1,2,8.0,Potential Loyalists
C01946,2025-10-03,Female,18.0,Guwahati,Assam,Organic Search,329.0,7.0,52357.0,1,4,5,10.0,At Risk
C01352,2024-12-21,Male,29.0,Ranchi,Jharkhand,Social Media,91.0,12.0,77140.0,3,5,5,13.0,Loyal Customers
C04341,2025-04-11,Male,18.0,Chandigarh,Chandigarh,Social Media,73.0,5.0,12374.0,3,4,2,9.0,Loyal Customers
C02697,2025-10-19,Male,31.0,Surat,Gujarat,Referral,43.0,1.0,429.0,4,1,1,6.0,Potential Loyalists
C00766,2026-02-26,Female,33.0,Pune,Maharashtra,Organic Search,40.0,4.0,50104.0,4,3,5,12.0,Loyal Customers
C01974,2025-02-04,Female,31.0,Bhopal,Madhya Pradesh,Paid Ads,34.0,4.0,15273.0,4,3,3,10.0,Loyal Customers
C04075,2025-10-20,Female,36.0,Ahmedabad,Gujarat,Referral,31.0,12.0,88860.0,4,5,5,14.0,Champions
C04587,2025-04-07,Male,34.0,Guwahati,Assam,Paid Ads,66.0,6.0,21810.0,3,4,3,10.0,Loyal Customers
C04266,2026-01-21,Male,29.0,Vijayawada,Andhra Pradesh,Organic Search,,,,,,,,No Completed Purchase
C04786,2024-11-24,Male,25.0,Mysuru,Karnataka,Social Media,276.0,4.0,29344.0,1,3,4,8.0,At Risk
C03314,2026-06-22,Male,32.0,Kolkata,West Bengal,Social Media,83.0,12.0,45347.0,3,5,5,13.0,Loyal Customers
C03293,2025-08-17,Female,20.0,Guwahati,Assam,Social Media,372.0,2.0,17522.0,1,2,3,6.0,Lost
C04256,2025-10-03,Other,38.0,Chennai,Tamil Nadu,Paid Ads,227.0,5.0,17968.0,1,4,3,8.0,At Risk
C04123,2026-01-25,Male,32.0,Vijayawada,Andhra Pradesh,Social Media,194.0,9.0,55878.0,2,5,5,12.0,At Risk
C01232,2025-09-15,Male,47.0,Ranchi,Jharkhand,Paid Ads,139.0,1.0,2309.0,2,1,1,4.0,Lost
C03626,2026-01-16,Female,33.0,Thiruvananthapuram,Kerala,Social Media,110.0,1.0,2129.0,3,1,1,5.0,Lost
C03211,2025-06-11,Male,36.0,Udaipur,Rajasthan,Organic Search,31.0,2.0,6386.0,4,2,1,7.0,Potential Loyalists
C02623,2026-01-03,Male,32.0,Surat,Gujarat,Organic Search,57.0,2.0,17715.0,3,2,3,8.0,Lost
C04197,2024-10-25,Female,47.0,Vijayawada,Andhra Pradesh,Paid Ads,30.0,3.0,4424.0,4,3,1,8.0,Loyal Customers
C00374,2025-05-21,Female,31.0,Delhi,Delhi,Paid Ads,409.0,1.0,4367.0,1,1,1,3.0,Lost
C03159,2025-05-29,Male,40.0,Kolkata,West Bengal,Paid Ads,378.0,4.0,21293.0,1,3,3,7.0,At Risk
C03300,2025-03-29,Female,25.0,Delhi,Delhi,Referral,200.0,4.0,20657.0,2,3,3,8.0,At Risk
C04785,2024-12-06,Male,48.0,Thiruvananthapuram,Kerala,Paid Ads,46.0,3.0,10783.0,4,3,2,9.0,Loyal Customers
C02788,2024-10-01,Female,22.0,Vijayawada,Andhra Pradesh,Social Media,126.0,3.0,6687.0,2,3,2,7.0,At Risk
C00034,2025-12-25,Female,35.0,Indore,Madhya Pradesh,Referral,3.0,10.0,46975.0,5,5,5,15.0,Champions
C04577,2025-05-15,Male,21.0,Bhubaneswar,Odisha,Referral,11.0,2.0,19524.0,5,2,3,10.0,Potential Loyalists
C02313,2026-05-08,Male,26.0,Ranchi,Jharkhand,Referral,154.0,3.0,36355.0,2,2,4,8.0,Lost
C02408,2024-12-16,Unknown,26.0,Vijayawada,Andhra Pradesh,Organic Search,,,,,,,,No Completed Purchase
C00927,2025-12-30,Male,31.0,Faridabad,Haryana,Referral,240.0,13.0,70393.0,1,5,5,11.0,At Risk
C02139,2026-02-05,Female,31.0,Thiruvananthapuram,Kerala,Paid Ads,38.0,5.0,58027.0,4,4,5,13.0,Champions
C01774,2025-01-12,Female,20.0,Guwahati,Assam,Paid Ads,51.0,11.0,75679.0,4,5,5,14.0,Champions
C02700,2025-01-01,Male,38.0,Pune,Maharashtra,Referral,65.0,4.0,27106.0,3,3,4,10.0,Loyal Customers
C01552,2025-02-18,Male,47.0,Mumbai,Maharashtra,Referral,31.0,6.0,16072.0,4,4,3,11.0,Loyal Customers
C01306,2025-11-16,Male,48.0,Bhubaneswar,Odisha,Referral,245.0,1.0,3599.0,1,1,1,3.0,Lost
C02073,2025-02-20,Male,44.0,Guwahati,Assam,Organic Search,413.0,7.0,20241.0,1,4,3,8.0,At Risk
C02726,2026-01-14,Male,21.0,Hyderabad,Telangana,Paid Ads,181.0,2.0,3237.0,2,2,1,5.0,Lost
C02423,2026-01-27,Female,32.0,Jaipur,Rajasthan,Organic Search,153.0,1.0,2728.0,2,1,1,4.0,Lost
C03662,2025-11-16,Female,39.0,Lucknow,Uttar Pradesh,Paid Ads,54.0,7.0,27315.0,4,4,4,12.0,Champions
C04388,2026-04-07,Male,38.0,Delhi,Delhi,Organic Search,173.0,1.0,2019.0,2,1,1,4.0,Lost
C04686,2026-02-25,Female,31.0,Nagpur,Maharashtra,Paid Ads,62.0,4.0,13933.0,3,3,3,9.0,Loyal Customers
C00811,2024-09-02,Female,35.0,Vijayawada,Andhra Pradesh,Social Media,137.0,10.0,69202.0,2,5,5,12.0,At Risk
C01363,2026-07-10,Male,40.0,Faridabad,Haryana,Organic Search,39.0,7.0,43119.0,4,4,5,13.0,Champions
C00231,2026-02-19,Male,33.0,Surat,Gujarat,Social Media,,,,,,,,No Completed Purchase
C02908,2026-07-28,Male,42.0,Lucknow,Uttar Pradesh,Social Media,32.0,8.0,39470.0,4,5,4,13.0,Champions
C03771,2025-06-12,Female,21.0,Kolkata,West Bengal,Organic Search,181.0,12.0,109652.0,2,5,5,12.0,At Risk
C02471,2026-02-26,Male,27.0,Jaipur,Rajasthan,Paid Ads,43.0,13.0,44560.0,4,5,5,14.0,Champions
C00492,2026-05-01,Female,25.0,Jaipur,Rajasthan,Email,72.0,10.0,78108.0,3,5,5,13.0,Loyal Customers
C03321,2026-03-24,Female,29.0,Faridabad,Haryana,Paid Ads,98.0,4.0,13403.0,3,3,3,9.0,Loyal Customers
C00997,2025-06-13,Unknown,27.0,Udaipur,Rajasthan,Email,45.0,1.0,3928.0,4,1,1,6.0,Potential Loyalists
C00777,2025-04-19,Female,40.0,Delhi,Delhi,Paid Ads,411.0,5.0,16896.0,1,4,3,8.0,At Risk
C04233,2026-06-01,Male,28.0,Chennai,Tamil Nadu,Paid Ads,70.0,5.0,10092.0,3,4,2,9.0,Loyal Customers
C04665,2024-06-04,Female,25.0,Chennai,Tamil Nadu,Paid Ads,531.0,1.0,3368.0,1,2,1,4.0,Lost
C02092,2026-04-29,Other,33.0,Udaipur,Rajasthan,Organic Search,104.0,14.0,47799.0,3,5,5,13.0,Loyal Customers
C01294,2025-06-28,Male,37.0,Noida,Uttar Pradesh,Paid Ads,14.0,2.0,5357.0,5,2,1,8.0,Potential Loyalists
C03045,2025-10-20,Male,38.0,Nagpur,Maharashtra,Social Media,235.0,16.0,36799.0,1,5,4,10.0,At Risk
C04027,2026-03-31,Female,25.0,Bhopal,Madhya Pradesh,Referral,60.0,5.0,39050.0,3,4,4,11.0,Loyal Customers
C04955,2026-03-08,Female,39.0,Bengaluru,Karnataka,Organic Search,63.0,1.0,2139.0,3,2,1,6.0,Lost
C02772,2024-11-06,Male,39.0,Bhubaneswar,Odisha,Email,3.0,9.0,22718.0,5,5,3,13.0,Loyal Customers
C00712,2026-04-16,Male,31.0,Delhi,Delhi,Email,5.0,9.0,23466.0,5,5,4,14.0,Champions
C00498,2025-08-12,Unknown,31.0,Jaipur,Rajasthan,Paid Ads,11.0,1.0,1377.0,5,1,1,7.0,Potential Loyalists
C01832,2025-04-11,Female,29.0,Gurugram,Haryana,Organic Search,60.0,5.0,15131.0,3,4,3,10.0,Loyal Customers
C02733,2024-10-02,Female,29.0,Nagpur,Maharashtra,Organic Search,60.0,2.0,8847.0,3,2,2,7.0,Lost
C02221,2025-06-29,Male,31.0,Faridabad,Haryana,Paid Ads,122.0,2.0,7527.0,2,2,2,6.0,Lost
C03340,2026-01-26,Female,26.0,Bengaluru,Karnataka,Organic Search,193.0,1.0,6375.0,2,1,1,4.0,Lost
C00590,2024-11-17,Female,31.0,Pune,Maharashtra,Referral,144.0,8.0,57115.0,2,4,5,11.0,At Risk
C01527,2026-05-04,Male,35.0,Coimbatore,Tamil Nadu,Social Media,43.0,7.0,27738.0,4,4,4,12.0,Champions
C04164,2026-06-03,Unknown,36.0,Gurugram,Haryana,Paid Ads,5.0,8.0,19798.0,5,5,3,13.0,Loyal Customers
C02111,2026-03-18,Unknown,29.0,Faridabad,Haryana,Referral,138.0,4.0,7275.0,2,3,2,7.0,At Risk
C04201,2025-07-04,Female,23.0,Thiruvananthapuram,Kerala,Organic Search,22.0,7.0,14409.0,5,4,3,12.0,Loyal Customers
C04547,2026-01-17,Female,39.0,Chandigarh,Chandigarh,Paid Ads,104.0,2.0,4278.0,3,2,1,6.0,Lost
C03085,2026-05-30,Female,32.0,Noida,Uttar Pradesh,Social Media,60.0,2.0,2998.0,3,2,1,6.0,Lost
C02652,2025-04-23,Male,28.0,Ahmedabad,Gujarat,Social Media,13.0,4.0,7584.0,5,3,2,10.0,Loyal Customers
C01109,2024-08-18,Female,38.0,Chandigarh,Chandigarh,Social Media,,,,,,,,No Completed Purchase
C00150,2025-04-23,Female,45.0,Bhubaneswar,Odisha,Paid Ads,89.0,12.0,37221.0,3,5,4,12.0,Loyal Customers
C04212,2025-11-23,Female,25.0,Nagpur,Maharashtra,Organic Search,206.0,2.0,6286.0,2,2,1,5.0,Lost
C04871,2026-05-31,Female,36.0,Gurugram,Haryana,Organic Search,16.0,5.0,16014.0,5,4,3,12.0,Loyal Customers
C03868,2025-07-30,Female,22.0,Visakhapatnam,Andhra Pradesh,Organic Search,141.0,4.0,15089.0,2,3,3,8.0,At Risk
C00013,2025-12-09,Female,23.0,Gurugram,Haryana,Referral,28.0,1.0,3719.0,4,1,1,6.0,Potential Loyalists
C03569,2025-07-04,Female,25.0,Ahmedabad,Gujarat,Organic Search,39.0,4.0,15092.0,4,3,3,10.0,Loyal Customers
C04349,2025-02-26,Female,37.0,Chandigarh,Chandigarh,Social Media,432.0,3.0,9124.0,1,3,2,6.0,At Risk
C01515,2026-02-18,Male,20.0,Hyderabad,Unknown,Paid Ads,190.0,14.0,93272.0,2,5,5,12.0,At Risk
C01785,2026-03-08,Male,29.0,Kanpur,Uttar Pradesh,Social Media,7.0,2.0,4887.0,5,2,1,8.0,Potential Loyalists
C03708,2026-05-10,Male,21.0,Gurugram,Haryana,Organic Search,81.0,1.0,6156.0,3,1,1,5.0,Lost
C00732,2025-09-24,Male,24.0,Thiruvananthapuram,Kerala,Paid Ads,152.0,8.0,35397.0,2,4,4,10.0,At Risk
C00752,2026-02-02,Female,18.0,Patna,Bihar,Paid Ads,187.0,9.0,26254.0,2,5,4,11.0,At Risk
C04938,2025-09-11,Male,41.0,Lucknow,Uttar Pradesh,Social Media,168.0,1.0,3568.0,2,2,1,5.0,Lost
C01322,2025-05-04,Female,29.0,Patna,Bihar,Organic Search,473.0,8.0,20187.0,1,5,3,9.0,At Risk
C03990,2026-03-05,Female,19.0,Surat,Gujarat,Email,142.0,1.0,9346.0,2,1,2,5.0,Lost
C01860,2025-09-03,Female,40.0,Surat,Gujarat,Organic Search,325.0,10.0,124387.0,1,5,5,11.0,At Risk
C04978,2026-03-19,Male,18.0,Chennai,Tamil Nadu,Organic Search,108.0,5.0,25062.0,3,4,4,11.0,Loyal Customers
C03886,2025-08-16,Unknown,39.0,Visakhapatnam,Andhra Pradesh,Referral,26.0,16.0,84319.0,5,5,5,15.0,Champions
C01127,2026-03-30,Male,28.0,Faridabad,Haryana,Social Media,20.0,15.0,174701.0,5,5,5,15.0,Champions
C02971,2026-05-18,Female,53.0,Thiruvananthapuram,Kerala,Organic Search,93.0,5.0,28394.0,3,4,4,11.0,Loyal Customers
C02128,2025-03-25,Male,18.0,Mysuru,Karnataka,Email,17.0,1.0,2349.0,5,1,1,7.0,Potential Loyalists
C04927,2026-02-11,Male,20.0,Patna,Bihar,Email,58.0,8.0,20247.0,3,5,3,11.0,Loyal Customers
C01211,2026-06-20,Female,47.0,Visakhapatnam,Andhra Pradesh,Referral,63.0,1.0,3628.0,3,1,1,5.0,Lost
C02226,2025-10-31,Female,41.0,Vijayawada,Andhra Pradesh,Social Media,72.0,2.0,10975.0,3,2,2,7.0,Lost
C01887,2025-04-24,Male,33.0,Kanpur,Uttar Pradesh,Paid Ads,409.0,1.0,3599.0,1,1,1,3.0,Lost
C02043,2026-02-04,Female,26.0,Surat,Unknown,Paid Ads,191.0,16.0,96288.0,2,5,5,12.0,At Risk
C00587,2026-03-23,Female,47.0,Kochi,Kerala,Referral,56.0,2.0,13553.0,3,2,3,8.0,Lost
C04641,2025-01-05,Female,31.0,Gurugram,Haryana,Paid Ads,204.0,7.0,103393.0,2,4,5,11.0,At Risk
C04230,2025-12-24,Male,27.0,Bhubaneswar,Unknown,Paid Ads,212.0,4.0,6844.0,1,3,2,6.0,At Risk
C04182,2024-12-03,Male,36.0,Pune,Maharashtra,Paid Ads,96.0,15.0,114222.0,3,5,5,13.0,Loyal Customers
C02340,2026-03-01,Male,54.0,Gurugram,Haryana,Organic Search,181.0,13.0,176550.0,2,5,5,12.0,At Risk
C00133,2025-11-20,Female,43.0,Jaipur,Rajasthan,Referral,95.0,2.0,6117.0,3,2,1,6.0,Lost
C01182,2025-03-20,Male,20.0,Guwahati,Assam,Organic Search,117.0,1.0,1649.0,2,1,1,4.0,Lost
C01741,2024-12-08,Male,36.0,Kanpur,Uttar Pradesh,Referral,436.0,1.0,3329.0,1,1,1,3.0,Lost
C00978,2025-05-11,Female,46.0,Coimbatore,Tamil Nadu,Email,168.0,6.0,36428.0,2,4,4,10.0,At Risk
C00678,2025-03-26,Male,32.0,Coimbatore,Tamil Nadu,Paid Ads,206.0,2.0,5607.0,2,2,1,5.0,Lost
C04377,2024-10-19,Male,32.0,Guwahati,Assam,Social Media,12.0,5.0,16112.0,5,4,3,12.0,Loyal Customers
C04705,2025-10-08,Female,39.0,Lucknow,Uttar Pradesh,Referral,301.0,6.0,19559.0,1,4,3,8.0,At Risk
C01118,2025-09-03,Male,31.0,Kolkata,West Bengal,Paid Ads,60.0,2.0,4416.0,3,2,1,6.0,Lost
C00288,2025-04-25,Male,30.0,Lucknow,Uttar Pradesh,Paid Ads,331.0,2.0,10433.0,1,2,2,5.0,Lost
C01414,2026-03-23,Male,31.0,Kochi,Kerala,Social Media,6.0,2.0,6806.0,5,2,2,9.0,Potential Loyalists
C03133,2026-05-21,Female,18.0,Mumbai,Maharashtra,Organic Search,3.0,3.0,13273.0,5,3,3,11.0,Loyal Customers
C03683,2025-09-10,Female,31.0,Lucknow,Uttar Pradesh,Paid Ads,8.0,2.0,13696.0,5,2,3,10.0,Potential Loyalists
C04191,2024-10-28,Male,31.0,Noida,Uttar Pradesh,Paid Ads,406.0,6.0,33304.0,1,4,4,9.0,At Risk
C01324,2026-04-09,Male,30.0,Nagpur,Maharashtra,Paid Ads,7.0,13.0,64230.0,5,5,5,15.0,Champions
C04289,2026-05-13,Male,36.0,Kochi,Kerala,Paid Ads,53.0,4.0,15574.0,4,3,3,10.0,Loyal Customers
C03863,2025-04-11,Female,31.0,Mumbai,Maharashtra,Referral,101.0,14.0,52117.0,3,5,5,13.0,Loyal Customers
C01944,2025-01-04,Male,42.0,Patna,Bihar,Organic Search,34.0,10.0,27505.0,4,5,4,13.0,Champions
C04292,2026-02-02,Male,41.0,Chandigarh,Chandigarh,Social Media,0.0,5.0,15063.0,5,4,3,12.0,Loyal Customers
C02930,2025-07-08,Female,48.0,Pune,Maharashtra,Email,21.0,3.0,12061.0,5,3,2,10.0,Loyal Customers
C00843,2026-02-03,Male,26.0,Surat,Gujarat,Paid Ads,1.0,1.0,26340.0,5,1,4,10.0,Potential Loyalists
C03494,2025-09-11,Female,36.0,Thiruvananthapuram,Kerala,Paid Ads,,,,,,,,No Completed Purchase
C01293,2026-05-16,Female,32.0,Ahmedabad,Gujarat,Email,41.0,5.0,17421.0,4,4,3,11.0,Loyal Customers
C02693,2025-06-28,Female,24.0,Bhubaneswar,Odisha,Email,54.0,2.0,2688.0,4,2,1,7.0,Potential Loyalists
C04542,2024-06-18,Male,32.0,Bengaluru,Karnataka,Organic Search,498.0,1.0,2677.0,1,1,1,3.0,Lost
C01766,2026-05-03,Female,32.0,Gurugram,Haryana,Organic Search,161.0,14.0,49587.0,2,5,5,12.0,At Risk
C04891,2025-03-17,Female,41.0,Mumbai,Maharashtra,Organic Search,40.0,4.0,7175.0,4,3,2,9.0,Loyal Customers
C04648,2026-05-10,Female,23.0,Bhubaneswar,Odisha,Organic Search,52.0,15.0,51496.0,4,5,5,14.0,Champions
C03011,2026-02-16,Female,18.0,Guwahati,Assam,Email,193.0,4.0,15671.0,2,3,3,8.0,At Risk
C02582,2024-09-15,Unknown,23.0,Nagpur,Maharashtra,Paid Ads,30.0,1.0,11635.0,4,1,2,7.0,Potential Loyalists
C00682,2025-02-10,Female,42.0,Kolkata,West Bengal,Referral,289.0,2.0,13635.0,1,2,3,6.0,Lost
C03971,2025-10-19,Male,55.0,Mysuru,Karnataka,Paid Ads,306.0,10.0,103365.0,1,5,5,11.0,At Risk
C01418,2025-11-14,Unknown,24.0,Udaipur,Rajasthan,Referral,184.0,4.0,21217.0,2,3,3,8.0,At Risk
C02122,2024-04-17,Female,20.0,Noida,Uttar Pradesh,Organic Search,2.0,1.0,2368.0,5,1,1,7.0,Potential Loyalists
C04600,2026-01-29,Male,27.0,Chandigarh,Chandigarh,Social Media,64.0,5.0,29548.0,3,4,4,11.0,Loyal Customers
C02630,2026-06-10,Female,26.0,Indore,Madhya Pradesh,Paid Ads,36.0,9.0,22513.0,4,5,3,12.0,Loyal Customers
C02025,2026-02-22,Female,40.0,Ranchi,Jharkhand,Paid Ads,117.0,1.0,7026.0,2,1,2,5.0,Lost
C03280,2025-02-17,Female,24.0,Vijayawada,Andhra Pradesh,Social Media,58.0,5.0,28957.0,3,4,4,11.0,Loyal Customers
C02224,2025-03-23,Unknown,34.0,Ahmedabad,Gujarat,Paid Ads,415.0,3.0,35189.0,1,2,4,7.0,Lost
C00970,2025-10-05,Female,41.0,Bhopal,Madhya Pradesh,Paid Ads,25.0,1.0,2369.0,5,1,1,7.0,Potential Loyalists
C03536,2024-11-01,Male,18.0,Guwahati,Assam,Referral,50.0,13.0,40567.0,4,5,4,13.0,Champions
C04923,2025-10-30,Male,30.0,Mumbai,Maharashtra,Referral,0.0,4.0,16346.0,5,3,3,11.0,Loyal Customers
C04883,2026-05-13,Unknown,38.0,Lucknow,Uttar Pradesh,Social Media,35.0,3.0,41065.0,4,3,4,11.0,Loyal Customers
C04676,2026-07-11,Female,42.0,Chennai,Tamil Nadu,Email,41.0,1.0,5138.0,4,2,1,7.0,Potential Loyalists
C03787,2025-05-01,Female,38.0,Nagpur,Maharashtra,Paid Ads,13.0,3.0,30333.0,5,3,4,12.0,Loyal Customers
C02687,2025-08-03,Male,29.0,Thiruvananthapuram,Kerala,Paid Ads,354.0,6.0,14889.0,1,4,3,8.0,At Risk
C02446,2025-01-07,Female,27.0,Kochi,Kerala,Social Media,35.0,5.0,40962.0,4,4,4,12.0,Champions
C00556,2024-09-05,Female,21.0,Guwahati,Assam,Email,38.0,1.0,4896.0,4,1,1,6.0,Potential Loyalists
C02058,2026-02-17,Female,30.0,Vijayawada,Andhra Pradesh,Paid Ads,17.0,1.0,3788.0,5,1,1,7.0,Potential Loyalists
C00430,2025-05-04,Female,34.0,Mysuru,Karnataka,Organic Search,70.0,4.0,74402.0,3,3,5,11.0,Loyal Customers
C04862,2025-01-18,Other,31.0,Bhubaneswar,Odisha,Organic Search,239.0,4.0,21076.0,1,3,3,7.0,At Risk
C03810,2025-08-06,Male,23.0,Chandigarh,Chandigarh,Social Media,107.0,2.0,22492.0,3,2,3,8.0,Lost
C04271,2026-06-07,Male,40.0,Indore,Madhya Pradesh,Social Media,53.0,4.0,7284.0,4,3,2,9.0,Loyal Customers
C03017,2025-10-08,Male,37.0,Visakhapatnam,Andhra Pradesh,Social Media,163.0,5.0,19879.0,2,4,3,9.0,At Risk
C03538,2025-09-14,Female,41.0,Ahmedabad,Gujarat,Social Media,67.0,2.0,5007.0,3,2,1,6.0,Lost
C04330,2026-04-02,Female,39.0,Visakhapatnam,Andhra Pradesh,Referral,3.0,4.0,12954.0,5,3,2,10.0,Loyal Customers
C03671,2025-12-25,Male,22.0,Chandigarh,Chandigarh,Organic Search,57.0,3.0,12764.0,3,3,2,8.0,Loyal Customers
C04374,2026-03-18,Female,42.0,Bhubaneswar,Odisha,Organic Search,,,,,,,,No Completed Purchase
C00291,2026-01-20,Female,32.0,Mysuru,Karnataka,Organic Search,132.0,14.0,51045.0,2,5,5,12.0,At Risk
C03801,2025-03-25,Male,33.0,Bhopal,Madhya Pradesh,Paid Ads,75.0,4.0,11002.0,3,3,2,8.0,Loyal Customers
C02147,2025-07-31,Female,33.0,Thiruvananthapuram,Kerala,Social Media,23.0,4.0,15621.0,5,3,3,11.0,Loyal Customers
C00253,2026-02-18,Male,51.0,Mumbai,Maharashtra,Paid Ads,60.0,3.0,27319.0,3,2,4,9.0,Lost
C03264,2025-05-16,Female,39.0,Hyderabad,Telangana,Organic Search,153.0,3.0,5896.0,2,3,1,6.0,At Risk
C00351,2025-09-29,Female,27.0,Thiruvananthapuram,Kerala,Social Media,16.0,4.0,64278.0,5,3,5,13.0,Loyal Customers
C03231,2025-08-30,Female,21.0,Hyderabad,Telangana,Organic Search,40.0,3.0,16544.0,4,3,3,10.0,Loyal Customers
C02528,2026-05-29,Male,31.0,Kochi,Kerala,Referral,1.0,2.0,9965.0,5,2,2,9.0,Potential Loyalists
C04223,2026-02-23,Male,39.0,Guwahati,Assam,Social Media,189.0,1.0,1448.0,2,1,1,4.0,Lost
C00472,2025-07-31,Female,37.0,Visakhapatnam,Andhra Pradesh,Organic Search,,,,,,,,No Completed Purchase
C00091,2025-10-21,Unknown,35.0,Delhi,Delhi,Paid Ads,193.0,3.0,9325.0,2,2,2,6.0,Lost
C01739,2025-06-14,Female,36.0,Coimbatore,Tamil Nadu,Organic Search,103.0,3.0,9765.0,3,2,2,7.0,Lost
C01437,2025-07-01,Male,18.0,Guwahati,Assam,Social Media,403.0,4.0,26958.0,1,3,4,8.0,At Risk
C00692,2024-08-04,Male,44.0,Faridabad,Haryana,Paid Ads,,,,,,,,No Completed Purchase
C03059,2025-09-28,Other,31.0,Noida,Uttar Pradesh,Organic Search,4.0,1.0,10355.0,5,1,2,8.0,Potential Loyalists
C00027,2025-08-04,Male,25.0,Surat,Gujarat,Paid Ads,5.0,3.0,18322.0,5,2,3,10.0,Potential Loyalists
C02293,2026-03-22,Female,36.0,Kanpur,Uttar Pradesh,Paid Ads,47.0,1.0,3027.0,4,1,1,6.0,Potential Loyalists
C03639,2026-01-03,Female,23.0,Ranchi,Jharkhand,Paid Ads,4.0,8.0,57473.0,5,5,5,15.0,Champions
C03706,2026-04-30,Male,30.0,Ranchi,Jharkhand,Social Media,72.0,2.0,6187.0,3,2,1,6.0,Lost
C00502,2024-07-08,Female,31.0,Indore,Madhya Pradesh,Organic Search,36.0,4.0,50527.0,4,3,5,12.0,Loyal Customers
C03967,2024-06-08,Male,29.0,Chandigarh,Chandigarh,Organic Search,60.0,2.0,17063.0,3,2,3,8.0,Lost
C01607,2025-05-17,Female,30.0,Hyderabad,Telangana,Social Media,365.0,7.0,9959.0,1,4,2,7.0,At Risk
C02099,2025-04-02,Other,20.0,Patna,Bihar,Organic Search,179.0,2.0,9666.0,2,2,2,6.0,Lost
C04605,2025-02-23,Male,23.0,Jaipur,Rajasthan,Email,50.0,7.0,16839.0,4,4,3,11.0,Loyal Customers
C04720,2025-03-08,Female,36.0,Visakhapatnam,Andhra Pradesh,Referral,300.0,3.0,14294.0,1,3,3,7.0,At Risk
C03244,2025-11-09,Other,33.0,Kanpur,Uttar Pradesh,Organic Search,35.0,1.0,1508.0,4,1,1,6.0,Potential Loyalists
C01420,2025-01-21,Female,31.0,Ranchi,Jharkhand,Social Media,193.0,11.0,74189.0,2,5,5,12.0,At Risk
C00255,2026-02-02,Female,50.0,Thiruvananthapuram,Kerala,Organic Search,169.0,3.0,17648.0,2,2,3,7.0,Lost
C01898,2024-04-19,Female,25.0,Chennai,Tamil Nadu,Referral,65.0,7.0,32967.0,3,4,4,11.0,Loyal Customers
C03401,2025-10-26,Female,29.0,Kolkata,West Bengal,Email,0.0,3.0,11432.0,5,3,2,10.0,Loyal Customers
C01979,2025-12-14,Male,39.0,Guwahati,Assam,Organic Search,32.0,2.0,5818.0,4,2,1,7.0,Potential Loyalists
C04323,2024-09-16,Male,39.0,Patna,Bihar,Paid Ads,29.0,12.0,134082.0,4,5,5,14.0,Champions
C02527,2025-11-12,Female,24.0,Faridabad,Haryana,Referral,13.0,6.0,15359.0,5,4,3,12.0,Loyal Customers
C01273,2025-05-02,Female,42.0,Coimbatore,Tamil Nadu,Social Media,14.0,7.0,18997.0,5,4,3,12.0,Loyal Customers
C01452,2025-08-06,Male,31.0,Indore,Madhya Pradesh,Organic Search,200.0,8.0,63892.0,2,5,5,12.0,At Risk
C01262,2024-06-08,Male,32.0,Thiruvananthapuram,Kerala,Social Media,173.0,3.0,7875.0,2,2,2,6.0,Lost
C04190,2026-03-28,Male,45.0,Mumbai,Maharashtra,Organic Search,128.0,3.0,13711.0,2,3,3,8.0,At Risk
C04857,2026-04-12,Male,25.0,Vijayawada,Andhra Pradesh,Organic Search,85.0,8.0,48184.0,3,5,5,13.0,Loyal Customers
C00316,2026-07-02,Male,18.0,Bhubaneswar,Unknown,Social Media,58.0,4.0,26125.0,3,3,4,10.0,Loyal Customers
C02158,2026-06-08,Female,38.0,Kanpur,Uttar Pradesh,Email,56.0,1.0,7698.0,3,1,2,6.0,Lost
C01095,2026-01-11,Male,27.0,Nagpur,Maharashtra,Paid Ads,195.0,9.0,85759.0,2,5,5,12.0,At Risk
C04908,2025-05-19,Female,20.0,Ahmedabad,Gujarat,Referral,113.0,11.0,152419.0,3,5,5,13.0,Loyal Customers
C01116,2026-05-17,Female,28.0,Jaipur,Rajasthan,Social Media,5.0,6.0,25350.0,5,4,4,13.0,Champions
C03608,2026-07-12,Male,27.0,Lucknow,Uttar Pradesh,Organic Search,15.0,1.0,6517.0,5,1,2,8.0,Potential Loyalists
C03135,2025-06-20,Male,47.0,Chandigarh,Chandigarh,Paid Ads,238.0,1.0,2457.0,1,1,1,3.0,Lost
C00070,2026-01-08,Male,23.0,Kanpur,Uttar Pradesh,Social Media,143.0,4.0,29616.0,2,3,4,9.0,At Risk
C03261,2026-04-05,Female,27.0,Gurugram,Haryana,Paid Ads,71.0,1.0,2838.0,3,1,1,5.0,Lost
C04632,2026-05-27,Male,41.0,Chandigarh,Chandigarh,Social Media,27.0,7.0,19949.0,5,4,3,12.0,Loyal Customers
C01659,2025-04-08,Male,32.0,Guwahati,Assam,Paid Ads,235.0,11.0,48548.0,1,5,5,11.0,At Risk
C03013,2026-04-29,Female,41.0,Hyderabad,Telangana,Social Media,29.0,1.0,2598.0,4,1,1,6.0,Potential Loyalists
C03048,2026-03-20,Female,44.0,Jaipur,Rajasthan,Organic Search,7.0,6.0,49501.0,5,4,5,14.0,Champions
C04671,2024-08-31,Female,46.0,Mumbai,Maharashtra,Email,361.0,12.0,49674.0,1,5,5,11.0,At Risk
C03698,2025-08-26,Female,44.0,Ahmedabad,Gujarat,Referral,39.0,4.0,54605.0,4,3,5,12.0,Loyal Customers
C03726,2026-01-11,Female,36.0,Faridabad,Haryana,Email,173.0,1.0,3756.0,2,1,1,4.0,Lost
C01500,2026-07-21,Male,18.0,Surat,Gujarat,Paid Ads,58.0,2.0,11112.0,3,2,2,7.0,Lost
C02651,2024-09-30,Female,27.0,Udaipur,Rajasthan,Organic Search,226.0,6.0,19988.0,1,4,3,8.0,At Risk
C03652,2025-08-03,Female,31.0,Hyderabad,Telangana,Social Media,49.0,11.0,98043.0,4,5,5,14.0,Champions
C01345,2026-02-10,Male,37.0,Bhopal,Madhya Pradesh,Paid Ads,49.0,12.0,150516.0,4,5,5,14.0,Champions
C04524,2025-05-21,Male,46.0,Mysuru,Karnataka,Organic Search,28.0,6.0,20009.0,4,4,3,11.0,Loyal Customers
C01102,2025-09-23,Male,37.0,Mumbai,Maharashtra,Social Media,61.0,7.0,24277.0,3,4,4,11.0,Loyal Customers
C00388,2024-10-11,Unknown,18.0,Chandigarh,Chandigarh,Social Media,53.0,3.0,44851.0,4,2,5,11.0,Potential Loyalists
C04988,2025-07-15,Female,38.0,Jaipur,Rajasthan,Paid Ads,10.0,11.0,124561.0,5,5,5,15.0,Champions
C02894,2025-05-26,Male,37.0,Thiruvananthapuram,Kerala,Organic Search,55.0,8.0,63798.0,3,5,5,13.0,Loyal Customers
C03245,2025-12-27,Male,27.0,Guwahati,Assam,Organic Search,143.0,2.0,13963.0,2,2,3,7.0,Lost
C03699,2024-05-26,Male,31.0,Bhopal,Madhya Pradesh,Paid Ads,54.0,1.0,8178.0,4,1,2,7.0,Potential Loyalists
C01913,2026-06-05,Male,23.0,Jaipur,Rajasthan,Paid Ads,17.0,1.0,8237.0,5,1,2,8.0,Potential Loyalists
C00411,2025-05-24,Male,40.0,Faridabad,Haryana,Paid Ads,113.0,1.0,1109.0,3,1,1,5.0,Lost
C00585,2025-09-17,Male,18.0,Faridabad,Haryana,Paid Ads,208.0,2.0,6177.0,2,2,1,5.0,Lost
C00110,2024-06-12,Female,18.0,Hyderabad,Telangana,Social Media,13.0,1.0,5987.0,5,1,1,7.0,Potential Loyalists
C02526,2025-03-19,Female,31.0,Coimbatore,Tamil Nadu,Social Media,31.0,6.0,54099.0,4,4,5,13.0,Champions
C02742,2026-01-09,Female,39.0,Kochi,Kerala,Paid Ads,194.0,1.0,549.0,2,1,1,4.0,Lost
C03479,2025-10-06,Female,35.0,Visakhapatnam,Andhra Pradesh,Social Media,60.0,3.0,16984.0,3,3,3,9.0,Loyal Customers
C04967,2025-03-13,Male,31.0,Chennai,Tamil Nadu,Paid Ads,8.0,15.0,53463.0,5,5,5,15.0,Champions
C02624,2025-01-09,Female,25.0,Kanpur,Uttar Pradesh,Paid Ads,22.0,2.0,19641.0,5,2,3,10.0,Potential Loyalists
C01169,2025-05-02,Male,26.0,Kolkata,West Bengal,Organic Search,51.0,7.0,41058.0,4,4,4,12.0,Champions
C00469,2025-12-08,Female,31.0,Bhopal,Madhya Pradesh,Organic Search,247.0,8.0,21446.0,1,4,3,8.0,At Risk
C00830,2025-06-11,Female,33.0,Lucknow,Uttar Pradesh,Social Media,350.0,1.0,1249.0,1,1,1,3.0,Lost
C01619,2025-10-23,Female,27.0,Visakhapatnam,Andhra Pradesh,Organic Search,19.0,2.0,6857.0,5,2,2,9.0,Potential Loyalists
C03014,2026-05-17,Male,43.0,Coimbatore,Tamil Nadu,Social Media,165.0,13.0,44148.0,2,5,5,12.0,At Risk
C01962,2024-10-04,Male,30.0,Kolkata,West Bengal,Email,576.0,3.0,14455.0,1,2,3,6.0,Lost
C00487,2025-08-28,Male,31.0,Udaipur,Rajasthan,Referral,349.0,7.0,26899.0,1,4,4,9.0,At Risk
C01635,2026-01-23,Female,27.0,Patna,Bihar,Paid Ads,24.0,11.0,131797.0,5,5,5,15.0,Champions
C00743,2025-02-08,Female,31.0,Bengaluru,Karnataka,Organic Search,36.0,1.0,678.0,4,1,1,6.0,Potential Loyalists
C04423,2025-04-12,Female,22.0,Gurugram,Haryana,Social Media,346.0,4.0,10106.0,1,3,2,6.0,At Risk
C00908,2026-06-18,Male,37.0,Ahmedabad,Gujarat,Referral,13.0,2.0,11305.0,5,2,2,9.0,Potential Loyalists
C04145,2024-09-17,Male,37.0,Kanpur,Uttar Pradesh,Social Media,291.0,3.0,28375.0,1,3,4,8.0,At Risk
C03287,2025-12-23,Male,24.0,Mysuru,Karnataka,Paid Ads,233.0,1.0,3189.0,1,1,1,3.0,Lost
C00890,2025-10-15,Female,28.0,Kochi,Kerala,Organic Search,184.0,12.0,97337.0,2,5,5,12.0,At Risk
C03524,2026-05-02,Female,22.0,Noida,Uttar Pradesh,Organic Search,124.0,3.0,14712.0,2,3,3,8.0,At Risk
C03934,2025-04-16,Female,31.0,Noida,Uttar Pradesh,Organic Search,,,,,,,,No Completed Purchase
C00178,2025-05-24,Female,21.0,Ahmedabad,Gujarat,Organic Search,312.0,5.0,15161.0,1,4,3,8.0,At Risk
C02909,2026-05-06,Female,23.0,Hyderabad,Telangana,Paid Ads,54.0,6.0,34864.0,4,4,4,12.0,Champions
C03272,2025-07-28,Female,18.0,Gurugram,Haryana,Social Media,383.0,3.0,9106.0,1,3,2,6.0,At Risk
C00081,2025-11-18,Male,18.0,Kolkata,West Bengal,Organic Search,28.0,3.0,18989.0,4,2,3,9.0,Potential Loyalists
C04875,2025-11-15,Male,21.0,Bhopal,Madhya Pradesh,Referral,55.0,5.0,23926.0,3,4,4,11.0,Loyal Customers
C02551,2025-08-25,Male,26.0,Delhi,Delhi,Organic Search,300.0,3.0,12054.0,1,3,2,6.0,At Risk
C04837,2024-12-11,Female,25.0,Nagpur,Maharashtra,Referral,152.0,1.0,8027.0,2,2,2,6.0,Lost
C02618,2026-06-05,Male,30.0,Surat,Gujarat,Paid Ads,6.0,5.0,47803.0,5,4,5,14.0,Champions
C04206,2026-04-10,Male,36.0,Hyderabad,Telangana,Social Media,,,,,,,,No Completed Purchase
C03691,2025-10-22,Male,31.0,Ranchi,Jharkhand,Paid Ads,19.0,13.0,81108.0,5,5,5,15.0,Champions
C00222,2025-06-17,Female,34.0,Pune,Maharashtra,Paid Ads,54.0,13.0,37030.0,4,5,4,13.0,Champions
C00094,2025-10-29,Female,22.0,Delhi,Delhi,Paid Ads,103.0,9.0,36631.0,3,5,4,12.0,Loyal Customers
C02628,2025-09-12,Male,26.0,Bhubaneswar,Odisha,Paid Ads,274.0,1.0,1649.0,1,1,1,3.0,Lost
C00928,2025-12-04,Female,46.0,Udaipur,Rajasthan,Paid Ads,181.0,3.0,12706.0,2,2,2,6.0,Lost
C04048,2024-07-09,Female,38.0,Thiruvananthapuram,Kerala,Organic Search,121.0,6.0,68867.0,2,4,5,11.0,At Risk
C01559,2026-05-29,Male,35.0,Coimbatore,Tamil Nadu,Social Media,58.0,2.0,26230.0,3,2,4,9.0,Lost
C03379,2026-07-02,Male,42.0,Ranchi,Jharkhand,Organic Search,112.0,9.0,65907.0,3,5,5,13.0,Loyal Customers
C02108,2026-01-19,Female,30.0,Indore,Madhya Pradesh,Social Media,203.0,3.0,36328.0,2,2,4,8.0,Lost
C01057,2026-06-14,Male,24.0,Patna,Bihar,Social Media,74.0,5.0,40105.0,3,4,4,11.0,Loyal Customers
C04670,2025-04-27,Male,23.0,Noida,Uttar Pradesh,Referral,196.0,1.0,2178.0,2,2,1,5.0,Lost
C03690,2024-04-29,Male,35.0,Bhubaneswar,Odisha,Referral,537.0,5.0,35200.0,1,4,4,9.0,At Risk
C00813,2025-11-17,Male,37.0,Visakhapatnam,Unknown,Organic Search,18.0,4.0,25887.0,5,3,4,12.0,Loyal Customers
C03929,2025-05-14,Male,37.0,Delhi,Delhi,Paid Ads,50.0,4.0,19170.0,4,3,3,10.0,Loyal Customers
C01874,2026-01-07,Female,19.0,Patna,Bihar,Paid Ads,103.0,1.0,3728.0,3,1,1,5.0,Lost
C04574,2026-01-05,Female,37.0,Patna,Bihar,Referral,204.0,2.0,4326.0,2,2,1,5.0,Lost
C02592,2024-04-09,Female,45.0,Bhubaneswar,Odisha,Organic Search,134.0,2.0,7952.0,2,2,2,6.0,Lost
C01865,2025-02-10,Male,25.0,Delhi,Delhi,Organic Search,471.0,5.0,14852.0,1,4,3,8.0,At Risk
C03127,2025-09-10,Male,24.0,Thiruvananthapuram,Kerala,Organic Search,26.0,2.0,13255.0,5,2,3,10.0,Potential Loyalists
C03423,2025-09-05,Male,34.0,Guwahati,Assam,Email,320.0,6.0,26489.0,1,4,4,9.0,At Risk
C02926,2024-10-21,Male,35.0,Bengaluru,Karnataka,Social Media,108.0,13.0,41636.0,3,5,4,12.0,Loyal Customers
C00600,2024-06-13,Female,22.0,Surat,Gujarat,Paid Ads,267.0,1.0,4309.0,1,1,1,3.0,Lost
C02005,2025-12-21,Male,29.0,Kanpur,Uttar Pradesh,Referral,217.0,13.0,48424.0,1,5,5,11.0,At Risk
C04732,2024-10-24,Female,43.0,Vijayawada,Andhra Pradesh,Organic Search,138.0,8.0,26716.0,2,5,4,11.0,At Risk
C00878,2025-03-22,Female,40.0,Pune,Maharashtra,Paid Ads,156.0,9.0,39476.0,2,5,4,11.0,At Risk
C04666,2026-05-29,Male,26.0,Chandigarh,Chandigarh,Paid Ads,32.0,4.0,19135.0,4,3,3,10.0,Loyal Customers
C01651,2026-05-18,Male,39.0,Coimbatore,Tamil Nadu,Paid Ads,100.0,4.0,6955.0,3,3,2,8.0,Loyal Customers
C01413,2025-02-06,Female,18.0,Noida,Uttar Pradesh,Organic Search,16.0,1.0,7908.0,5,1,2,8.0,Potential Loyalists
C04858,2025-08-11,Male,27.0,Mumbai,Maharashtra,Email,53.0,11.0,39452.0,4,5,4,13.0,Champions
C01695,2026-05-09,Male,31.0,Mumbai,Maharashtra,Social Media,124.0,3.0,6587.0,2,2,2,6.0,Lost
C01783,2025-04-27,Male,54.0,Mumbai,Maharashtra,Referral,21.0,2.0,20572.0,5,2,3,10.0,Potential Loyalists
C02655,2025-06-19,Female,28.0,Visakhapatnam,Andhra Pradesh,Organic Search,64.0,2.0,6417.0,3,2,1,6.0,Lost
C01719,2024-02-04,Female,30.0,Jaipur,Rajasthan,Organic Search,12.0,1.0,11824.0,5,1,2,8.0,Potential Loyalists
C02120,2025-05-31,Female,45.0,Noida,Uttar Pradesh,Organic Search,53.0,9.0,58193.0,4,5,5,14.0,Champions
C03072,2025-12-25,Male,51.0,Faridabad,Haryana,Referral,,,,,,,,No Completed Purchase
C03940,2025-07-04,Male,38.0,Lucknow,Uttar Pradesh,Organic Search,16.0,2.0,22070.0,5,2,3,10.0,Potential Loyalists
C00220,2024-07-31,Female,34.0,Patna,Bihar,Referral,5.0,11.0,28002.0,5,5,4,14.0,Champions
C01685,2024-12-06,Male,30.0,Surat,Gujarat,Paid Ads,5.0,1.0,14565.0,5,1,3,9.0,Potential Loyalists
C04778,2024-04-12,Male,22.0,Udaipur,Rajasthan,Paid Ads,91.0,1.0,4817.0,3,2,1,6.0,Lost
C00725,2025-05-25,Male,42.0,Surat,Gujarat,Organic Search,50.0,4.0,9544.0,4,3,2,9.0,Loyal Customers
C03040,2024-10-06,Male,31.0,Indore,Madhya Pradesh,Paid Ads,291.0,1.0,1498.0,1,1,1,3.0,Lost
C02482,2026-02-15,Male,34.0,Chandigarh,Chandigarh,Organic Search,43.0,1.0,1948.0,4,1,1,6.0,Potential Loyalists
C03642,2025-10-13,Female,28.0,Mumbai,Maharashtra,Paid Ads,232.0,11.0,69801.0,1,5,5,11.0,At Risk
C00044,2025-08-09,Male,27.0,Coimbatore,Tamil Nadu,Organic Search,,,,,,,,No Completed Purchase
C01039,2025-11-13,Female,32.0,Nagpur,Maharashtra,Paid Ads,152.0,5.0,11181.0,2,4,2,8.0,At Risk
C00211,2024-08-10,Female,36.0,Vijayawada,Andhra Pradesh,Social Media,25.0,3.0,11544.0,5,2,2,9.0,Potential Loyalists
C02324,2026-07-07,Female,31.0,Mysuru,Karnataka,Social Media,42.0,5.0,15103.0,4,4,3,11.0,Loyal Customers
C00355,2025-08-10,Female,39.0,Ahmedabad,Gujarat,Paid Ads,312.0,4.0,14114.0,1,3,3,7.0,At Risk
C04735,2026-04-18,Female,36.0,Nagpur,Maharashtra,Referral,38.0,2.0,9616.0,4,2,2,8.0,Potential Loyalists
C01085,2026-04-15,Female,31.0,Noida,Uttar Pradesh,Organic Search,45.0,1.0,1259.0,4,1,1,6.0,Potential Loyalists
C04428,2025-01-20,Female,20.0,Mumbai,Maharashtra,Paid Ads,351.0,3.0,20157.0,1,3,3,7.0,At Risk
C02765,2024-07-20,Female,37.0,Coimbatore,Tamil Nadu,Paid Ads,24.0,1.0,659.0,5,1,1,7.0,Potential Loyalists
C00368,2026-01-02,Male,22.0,Chennai,Tamil Nadu,Email,154.0,5.0,10233.0,2,4,2,8.0,At Risk
C03822,2025-01-31,Female,31.0,Lucknow,Uttar Pradesh,Paid Ads,26.0,13.0,49305.0,5,5,5,15.0,Champions
C03738,2025-03-02,Female,43.0,Noida,Uttar Pradesh,Paid Ads,61.0,3.0,10906.0,3,3,2,8.0,Loyal Customers
C03470,2026-03-28,Female,24.0,Ranchi,Jharkhand,Organic Search,116.0,4.0,24098.0,3,3,4,10.0,Loyal Customers
C00136,2025-07-14,Female,31.0,Indore,Madhya Pradesh,Social Media,369.0,4.0,27228.0,1,3,4,8.0,At Risk
C00806,2026-07-06,Male,32.0,Bhubaneswar,Odisha,Referral,36.0,3.0,22099.0,4,2,3,9.0,Potential Loyalists
C00048,2024-12-19,Female,37.0,Indore,Madhya Pradesh,Social Media,446.0,4.0,6694.0,1,3,2,6.0,At Risk
C00788,2025-06-24,Male,29.0,Jaipur,Rajasthan,Paid Ads,24.0,1.0,8845.0,5,1,2,8.0,Potential Loyalists
C02520,2026-02-16,Female,42.0,Udaipur,Rajasthan,Paid Ads,6.0,2.0,12314.0,5,2,2,9.0,Potential Loyalists
C02035,2025-05-09,Female,24.0,Indore,Madhya Pradesh,Organic Search,191.0,3.0,31319.0,2,2,4,8.0,Lost
C02887,2026-02-17,Female,18.0,Chandigarh,Chandigarh,Organic Search,11.0,1.0,4618.0,5,1,1,7.0,Potential Loyalists
C02003,2026-02-21,Female,50.0,Ahmedabad,Gujarat,Paid Ads,18.0,3.0,21341.0,5,2,3,10.0,Potential Loyalists
C01615,2024-05-12,Male,20.0,Jaipur,Rajasthan,Social Media,4.0,10.0,37051.0,5,5,4,14.0,Champions
C00062,2026-01-15,Female,18.0,Mysuru,Karnataka,Email,185.0,4.0,10523.0,2,3,2,7.0,At Risk
C03254,2026-04-25,Female,38.0,Pune,Maharashtra,Social Media,50.0,1.0,6487.0,4,1,1,6.0,Potential Loyalists
C01698,2025-02-17,Female,51.0,Bengaluru,Karnataka,Social Media,50.0,1.0,14882.0,4,1,3,8.0,Potential Loyalists
C00096,2024-08-28,Male,29.0,Bengaluru,Karnataka,Paid Ads,173.0,1.0,4378.0,2,1,1,4.0,Lost
C00479,2026-04-06,Male,34.0,Pune,Maharashtra,Paid Ads,103.0,9.0,31564.0,3,5,4,12.0,Loyal Customers
C03063,2025-04-24,Female,18.0,Bengaluru,Karnataka,Organic Search,333.0,1.0,5417.0,1,1,1,3.0,Lost
C03227,2025-12-03,Male,50.0,Surat,Gujarat,Paid Ads,58.0,4.0,34175.0,3,3,4,10.0,Loyal Customers
C01996,2026-01-06,Female,32.0,Bengaluru,Karnataka,Paid Ads,11.0,5.0,17062.0,5,4,3,12.0,Loyal Customers
C04224,2025-11-15,Male,20.0,Gurugram,Haryana,Referral,84.0,2.0,6197.0,3,2,1,6.0,Lost
C04639,2025-07-19,Unknown,20.0,Lucknow,Uttar Pradesh,Social Media,213.0,4.0,59461.0,1,3,5,9.0,At Risk
C02634,2025-12-04,Female,31.0,Mysuru,Karnataka,Paid Ads,47.0,1.0,3329.0,4,1,1,6.0,Potential Loyalists
C00323,2025-02-05,Female,30.0,Bhopal,Madhya Pradesh,Email,357.0,2.0,5335.0,1,2,1,4.0,Lost
C01129,2024-11-20,Female,31.0,Coimbatore,Tamil Nadu,Paid Ads,400.0,1.0,3328.0,1,1,1,3.0,Lost
C02232,2026-07-21,Male,28.0,Pune,Maharashtra,Referral,19.0,1.0,1028.0,5,1,1,7.0,Potential Loyalists
C02858,2026-05-16,Male,35.0,Bengaluru,Karnataka,Referral,59.0,1.0,5668.0,3,1,1,5.0,Lost
C01508,2024-07-27,Male,31.0,Mysuru,Karnataka,Organic Search,7.0,1.0,4668.0,5,1,1,7.0,Potential Loyalists
C01426,2024-09-02,Male,25.0,Noida,Uttar Pradesh,Organic Search,203.0,2.0,4877.0,2,2,1,5.0,Lost
C01744,2025-02-09,Male,44.0,Mysuru,Karnataka,Organic Search,500.0,6.0,74161.0,1,4,5,10.0,At Risk
C04532,2026-07-02,Male,41.0,Nagpur,Maharashtra,Paid Ads,10.0,8.0,56225.0,5,5,5,15.0,Champions
C03482,2024-09-07,Male,35.0,Kochi,Kerala,Referral,305.0,2.0,13785.0,1,2,3,6.0,Lost
C00292,2025-11-25,Male,26.0,Nagpur,Maharashtra,Social Media,167.0,17.0,39343.0,2,5,4,11.0,At Risk
C01871,2026-07-29,Female,33.0,Bhubaneswar,Odisha,Paid Ads,31.0,15.0,63989.0,4,5,5,14.0,Champions
C00912,2026-01-19,Female,26.0,Pune,Maharashtra,Organic Search,14.0,1.0,957.0,5,1,1,7.0,Potential Loyalists
C00534,2025-10-22,Male,41.0,Coimbatore,Tamil Nadu,Organic Search,160.0,1.0,5038.0,2,1,1,4.0,Lost
C04852,2024-10-19,Unknown,33.0,Coimbatore,Tamil Nadu,Social Media,313.0,4.0,30142.0,1,3,4,8.0,At Risk
C01097,2026-02-25,Female,35.0,Chennai,Tamil Nadu,Social Media,117.0,6.0,21578.0,2,4,3,9.0,At Risk
C01667,2025-09-16,Female,35.0,Coimbatore,Tamil Nadu,Referral,5.0,3.0,11475.0,5,2,2,9.0,Potential Loyalists
C03312,2025-07-27,Female,37.0,Visakhapatnam,Andhra Pradesh,Paid Ads,19.0,6.0,19289.0,5,4,3,12.0,Loyal Customers
C02289,2024-09-24,Female,30.0,Kanpur,Uttar Pradesh,Paid Ads,36.0,2.0,16803.0,4,2,3,9.0,Potential Loyalists
C02169,2025-03-04,Female,32.0,Kochi,Kerala,Organic Search,133.0,2.0,13505.0,2,2,3,7.0,Lost
C03938,2025-11-21,Female,36.0,Kolkata,West Bengal,Paid Ads,33.0,1.0,1979.0,4,1,1,6.0,Potential Loyalists
C04040,2026-05-13,Female,21.0,Kolkata,West Bengal,Referral,53.0,4.0,30747.0,4,3,4,11.0,Loyal Customers
C03783,2024-12-08,Male,34.0,Kanpur,Uttar Pradesh,Email,480.0,5.0,13234.0,1,4,3,8.0,At Risk
C01407,2025-09-18,Female,31.0,Lucknow,Uttar Pradesh,Organic Search,206.0,6.0,43000.0,2,4,5,11.0,At Risk
C02496,2026-02-15,Male,32.0,Mumbai,Maharashtra,Paid Ads,46.0,1.0,5177.0,4,1,1,6.0,Potential Loyalists
C02764,2024-07-25,Male,52.0,Kanpur,Uttar Pradesh,Organic Search,29.0,14.0,89854.0,4,5,5,14.0,Champions
C03308,2025-12-02,Male,40.0,Bengaluru,Karnataka,Organic Search,217.0,4.0,11938.0,1,3,2,6.0,At Risk
C02390,2026-04-15,Female,43.0,Indore,Madhya Pradesh,Social Media,156.0,5.0,31838.0,2,4,4,10.0,At Risk
C03222,2024-01-22,Male,45.0,Indore,Madhya Pradesh,Referral,67.0,4.0,31096.0,3,3,4,10.0,Loyal Customers
C04595,2026-05-24,Male,25.0,Kanpur,Uttar Pradesh,Referral,125.0,5.0,13772.0,2,4,3,9.0,At Risk
C03263,2026-07-12,Female,31.0,Kolkata,West Bengal,Organic Search,44.0,1.0,1448.0,4,1,1,6.0,Potential Loyalists
C03663,2024-08-14,Female,23.0,Kolkata,West Bengal,Social Media,5.0,3.0,20920.0,5,3,3,11.0,Loyal Customers
C04879,2026-05-04,Female,31.0,Coimbatore,Tamil Nadu,Organic Search,53.0,14.0,92082.0,4,5,5,14.0,Champions
C04538,2025-06-26,Male,41.0,Udaipur,Rajasthan,Organic Search,35.0,2.0,4308.0,4,2,1,7.0,Potential Loyalists
C04933,2026-03-23,Male,36.0,Mumbai,Maharashtra,Social Media,33.0,9.0,24685.0,4,5,4,13.0,Champions
C00634,2026-01-29,Male,37.0,Coimbatore,Tamil Nadu,Social Media,160.0,13.0,53915.0,2,5,5,12.0,At Risk
C03338,2024-11-28,Male,26.0,Nagpur,Maharashtra,Organic Search,42.0,2.0,6246.0,4,2,1,7.0,Potential Loyalists
C02981,2024-10-21,Unknown,33.0,Kolkata,West Bengal,Social Media,160.0,8.0,47264.0,2,5,5,12.0,At Risk
C03162,2025-01-02,Male,31.0,Pune,Maharashtra,Organic Search,38.0,2.0,11235.0,4,2,2,8.0,Potential Loyalists
C03239,2024-08-27,Male,31.0,Delhi,Delhi,Social Media,46.0,1.0,2919.0,4,1,1,6.0,Potential Loyalists
C03811,2025-12-06,Male,21.0,Visakhapatnam,Andhra Pradesh,Referral,221.0,2.0,18852.0,1,2,3,6.0,Lost
C04036,2025-05-15,Male,53.0,Delhi,Delhi,Paid Ads,399.0,4.0,29127.0,1,3,4,8.0,At Risk
C02255,2024-12-27,Male,31.0,Visakhapatnam,Andhra Pradesh,Paid Ads,178.0,1.0,11133.0,2,1,2,5.0,Lost
C01205,2026-04-13,Female,29.0,Vijayawada,Andhra Pradesh,Social Media,86.0,1.0,1169.0,3,1,1,5.0,Lost
C04315,2026-03-31,Female,20.0,Kolkata,West Bengal,Organic Search,40.0,9.0,37093.0,4,5,4,13.0,Champions
C02620,2025-05-18,Male,34.0,Udaipur,Rajasthan,Referral,108.0,2.0,6877.0,3,2,2,7.0,Lost
C03830,2025-03-15,Female,22.0,Pune,Maharashtra,Paid Ads,123.0,3.0,16851.0,2,3,3,8.0,At Risk
C03345,2025-05-24,Male,31.0,Visakhapatnam,Andhra Pradesh,Social Media,28.0,2.0,5227.0,4,2,1,7.0,Potential Loyalists
C01963,2026-04-22,Female,31.0,Faridabad,Haryana,Paid Ads,35.0,8.0,32142.0,4,5,4,13.0,Champions
C04335,2025-07-11,Female,31.0,Vijayawada,Andhra Pradesh,Referral,75.0,4.0,24955.0,3,3,4,10.0,Loyal Customers
C01533,2025-07-24,Female,18.0,Hyderabad,Telangana,Social Media,20.0,1.0,1309.0,5,1,1,7.0,Potential Loyalists
C04023,2025-05-09,Female,36.0,Kanpur,Uttar Pradesh,Referral,,,,,,,,No Completed Purchase
C00071,2025-07-30,Male,36.0,Ahmedabad,Gujarat,Social Media,,,,,,,,No Completed Purchase
C01771,2024-04-01,Male,42.0,Ranchi,Jharkhand,Social Media,134.0,11.0,39619.0,2,5,4,11.0,At Risk
C01145,2026-04-08,Male,31.0,Indore,Madhya Pradesh,Paid Ads,27.0,12.0,32720.0,5,5,4,14.0,Champions
C04338,2026-04-15,Female,50.0,Mysuru,Karnataka,Social Media,26.0,1.0,4707.0,5,1,1,7.0,Potential Loyalists
C04838,2025-08-13,Female,40.0,Nagpur,Maharashtra,Referral,219.0,8.0,125850.0,1,5,5,11.0,At Risk
C02993,2024-12-06,Female,29.0,Pune,Maharashtra,Referral,229.0,9.0,22235.0,1,5,3,9.0,At Risk
C03002,2026-04-24,Male,18.0,Pune,Maharashtra,Paid Ads,5.0,4.0,19656.0,5,3,3,11.0,Loyal Customers
C02298,2024-09-06,Male,27.0,Patna,Bihar,Organic Search,36.0,2.0,4898.0,4,2,1,7.0,Potential Loyalists
C04405,2025-02-13,Male,20.0,Vijayawada,Andhra Pradesh,Social Media,101.0,12.0,40527.0,3,5,4,12.0,Loyal Customers
C02332,2024-12-16,Male,41.0,Bhubaneswar,Odisha,Paid Ads,0.0,3.0,10805.0,5,3,2,10.0,Loyal Customers
C01201,2025-12-15,Female,20.0,Gurugram,Haryana,Email,71.0,1.0,329.0,3,1,1,5.0,Lost
C01406,2025-03-10,Female,30.0,Mysuru,Karnataka,Paid Ads,7.0,3.0,8755.0,5,2,2,9.0,Potential Loyalists
C01445,2026-01-04,Male,21.0,Guwahati,Assam,Email,125.0,3.0,7995.0,2,2,2,6.0,Lost
C02155,2026-04-24,Female,28.0,Bengaluru,Karnataka,Email,137.0,3.0,30158.0,2,2,4,8.0,Lost
C02695,2026-06-24,Male,42.0,Lucknow,Uttar Pradesh,Social Media,84.0,11.0,69460.0,3,5,5,13.0,Loyal Customers
C00894,2025-05-05,Male,43.0,Surat,Gujarat,Social Media,9.0,8.0,27895.0,5,5,4,14.0,Champions
C03772,2025-02-27,Male,24.0,Thiruvananthapuram,Kerala,Referral,13.0,12.0,72703.0,5,5,5,15.0,Champions
C04237,2025-04-22,Male,39.0,Coimbatore,Tamil Nadu,Organic Search,,,,,,,,No Completed Purchase
C04238,2025-12-23,Female,48.0,Thiruvananthapuram,Kerala,Paid Ads,248.0,1.0,3678.0,1,1,1,3.0,Lost
C02074,2026-05-16,Male,24.0,Gurugram,Unknown,Paid Ads,105.0,11.0,109833.0,3,5,5,13.0,Loyal Customers
C02243,2025-12-10,Female,22.0,Gurugram,Haryana,Organic Search,183.0,2.0,11166.0,2,2,2,6.0,Lost
C01042,2025-04-01,Male,37.0,Hyderabad,Telangana,Organic Search,393.0,8.0,27717.0,1,5,4,10.0,At Risk
C02178,2025-12-14,Male,36.0,Kolkata,West Bengal,Social Media,249.0,2.0,22851.0,1,2,3,6.0,Lost
C00747,2026-03-19,Female,24.0,Faridabad,Haryana,Social Media,76.0,8.0,24681.0,3,4,4,11.0,Loyal Customers
C00735,2025-03-27,Male,33.0,Ranchi,Jharkhand,Paid Ads,13.0,4.0,11364.0,5,3,2,10.0,Loyal Customers
C01906,2026-02-17,Female,41.0,Nagpur,Maharashtra,Social Media,39.0,6.0,22519.0,4,4,3,11.0,Loyal Customers
C03596,2026-01-20,Male,33.0,Ahmedabad,Gujarat,Social Media,37.0,8.0,110848.0,4,5,5,14.0,Champions
C01936,2025-03-16,Female,35.0,Kochi,Kerala,Social Media,43.0,3.0,6386.0,4,2,1,7.0,Potential Loyalists
C02245,2025-07-01,Female,51.0,Noida,Uttar Pradesh,Paid Ads,6.0,5.0,36123.0,5,4,4,13.0,Champions
C01594,2026-04-01,Male,40.0,Bengaluru,Karnataka,Organic Search,48.0,1.0,12886.0,4,1,2,7.0,Potential Loyalists
C03623,2024-11-19,Female,39.0,Mysuru,Karnataka,Paid Ads,47.0,4.0,31033.0,4,3,4,11.0,Loyal Customers
C01704,2024-04-24,Female,40.0,Vijayawada,Andhra Pradesh,Paid Ads,50.0,2.0,10605.0,4,2,2,8.0,Potential Loyalists
C01472,2024-07-08,Male,23.0,Thiruvananthapuram,Kerala,Paid Ads,204.0,1.0,1109.0,2,1,1,4.0,Lost
C02723,2025-08-10,Female,29.0,Nagpur,Maharashtra,Organic Search,314.0,2.0,4528.0,1,2,1,4.0,Lost
C03618,2025-09-15,Female,32.0,Pune,Maharashtra,Organic Search,78.0,4.0,9775.0,3,3,2,8.0,Loyal Customers
C01542,2026-03-24,Male,36.0,Mumbai,Maharashtra,Paid Ads,169.0,5.0,58928.0,2,4,5,11.0,At Risk
C00234,2025-09-28,Female,28.0,Delhi,Delhi,Referral,330.0,2.0,29554.0,1,2,4,7.0,Lost
C04579,2026-02-20,Male,30.0,Ahmedabad,Gujarat,Email,183.0,3.0,7194.0,2,3,2,7.0,At Risk
C02410,2025-07-11,Male,39.0,Udaipur,Rajasthan,Social Media,376.0,2.0,11576.0,1,2,2,5.0,Lost
C00416,2025-08-07,Female,34.0,Udaipur,Rajasthan,Social Media,29.0,5.0,28177.0,4,4,4,12.0,Champions
C01371,2026-02-24,Male,31.0,Bengaluru,Karnataka,Organic Search,75.0,3.0,37312.0,3,2,4,9.0,Lost
C00656,2026-01-28,Male,31.0,Mumbai,Maharashtra,Email,158.0,3.0,7976.0,2,2,2,6.0,Lost
C01599,2026-06-06,Male,43.0,Bengaluru,Karnataka,Paid Ads,20.0,1.0,8844.0,5,1,2,8.0,Potential Loyalists
C04033,2024-09-12,Male,26.0,Thiruvananthapuram,Kerala,Organic Search,464.0,1.0,2687.0,1,1,1,3.0,Lost
C00018,2024-05-10,Male,26.0,Hyderabad,Telangana,Social Media,100.0,3.0,44879.0,3,2,5,10.0,Lost
C01221,2025-03-15,Male,18.0,Patna,Bihar,Paid Ads,218.0,1.0,10575.0,1,1,2,4.0,Lost
C01727,2026-04-18,Female,39.0,Gurugram,Haryana,Organic Search,56.0,3.0,6654.0,3,2,2,7.0,Lost
C02368,2024-05-06,Female,32.0,Patna,Bihar,Paid Ads,115.0,3.0,11783.0,3,3,2,8.0,Loyal Customers
C00597,2026-07-15,Female,24.0,Kochi,Kerala,Social Media,180.0,2.0,3688.0,2,2,1,5.0,Lost
C03949,2025-12-22,Female,23.0,Ahmedabad,Gujarat,Organic Search,0.0,1.0,7377.0,5,1,2,8.0,Potential Loyalists
C02493,2025-11-24,Male,28.0,Mysuru,Karnataka,Email,30.0,3.0,7845.0,4,3,2,9.0,Loyal Customers
C00965,2026-06-07,Male,31.0,Bengaluru,Karnataka,Social Media,39.0,2.0,11684.0,4,2,2,8.0,Potential Loyalists
C02173,2025-10-06,Female,33.0,Thiruvananthapuram,Kerala,Paid Ads,59.0,14.0,37848.0,3,5,4,12.0,Loyal Customers
C01434,2026-03-25,Male,34.0,Kanpur,Uttar Pradesh,Paid Ads,113.0,2.0,15023.0,3,2,3,8.0,Lost
C02347,2024-10-04,Female,31.0,Surat,Gujarat,Referral,121.0,11.0,45988.0,2,5,5,12.0,At Risk
C00372,2025-04-10,Female,30.0,Bengaluru,Karnataka,Organic Search,16.0,8.0,36413.0,5,4,4,13.0,Champions
C01362,2024-11-02,Male,31.0,Bhopal,Madhya Pradesh,Social Media,22.0,2.0,9785.0,5,2,2,9.0,Potential Loyalists
C00599,2025-05-03,Female,27.0,Chennai,Tamil Nadu,Organic Search,280.0,3.0,12974.0,1,2,2,5.0,Lost
C00239,2026-01-08,Male,30.0,Chandigarh,Chandigarh,Organic Search,49.0,3.0,18411.0,4,2,3,9.0,Potential Loyalists
C03419,2025-08-20,Female,31.0,Jaipur,Rajasthan,Organic Search,187.0,6.0,20389.0,2,4,3,9.0,At Risk
C03836,2026-05-22,Female,26.0,Faridabad,Haryana,Organic Search,67.0,1.0,9755.0,3,1,2,6.0,Lost
C01591,2025-01-13,Female,31.0,Hyderabad,Telangana,Paid Ads,15.0,12.0,41396.0,5,5,4,14.0,Champions
C01809,2025-09-06,Male,45.0,Indore,Madhya Pradesh,Organic Search,118.0,5.0,19922.0,2,4,3,9.0,At Risk
C04410,2024-08-30,Male,32.0,Bengaluru,Karnataka,Paid Ads,19.0,4.0,17522.0,5,3,3,11.0,Loyal Customers
C04692,2026-04-14,Male,23.0,Kanpur,Uttar Pradesh,Organic Search,56.0,8.0,68117.0,3,5,5,13.0,Loyal Customers
C03880,2024-08-30,Female,18.0,Nagpur,Maharashtra,Email,195.0,2.0,9443.0,2,2,2,6.0,Lost
C03484,2025-09-25,Female,35.0,Mumbai,Maharashtra,Paid Ads,1.0,6.0,35148.0,5,4,4,13.0,Champions
C03122,2025-08-01,Female,34.0,Indore,Madhya Pradesh,Social Media,306.0,7.0,20060.0,1,4,3,8.0,At Risk
C02768,2026-04-18,Male,18.0,Chennai,Tamil Nadu,Referral,50.0,6.0,66674.0,4,4,5,13.0,Champions
C03853,2025-09-05,Female,21.0,Bhopal,Madhya Pradesh,Organic Search,194.0,4.0,6503.0,2,3,1,6.0,At Risk
C00722,2025-02-10,Male,18.0,Bengaluru,Karnataka,Organic Search,75.0,6.0,14389.0,3,4,3,10.0,Loyal Customers
C00839,2024-01-22,Male,31.0,Lucknow,Uttar Pradesh,Email,9.0,6.0,61950.0,5,4,5,14.0,Champions
C01546,2026-01-06,Male,37.0,Chandigarh,Chandigarh,Social Media,219.0,1.0,5647.0,1,1,1,3.0,Lost
C01171,2026-06-27,Male,47.0,Bengaluru,Karnataka,Referral,108.0,2.0,33893.0,3,2,4,9.0,Lost
C04265,2025-05-10,Female,23.0,Visakhapatnam,Andhra Pradesh,Organic Search,20.0,2.0,5366.0,5,2,1,8.0,Potential Loyalists
C00829,2024-11-20,Female,32.0,Bhubaneswar,Odisha,Organic Search,27.0,1.0,6808.0,5,1,2,8.0,Potential Loyalists
C03275,2025-08-06,Male,20.0,Surat,Gujarat,Email,143.0,3.0,7415.0,2,3,2,7.0,At Risk
C01745,2024-10-20,Female,31.0,Bhubaneswar,Unknown,Email,24.0,1.0,4438.0,5,1,1,7.0,Potential Loyalists
C04035,2025-03-08,Male,44.0,Mysuru,Karnataka,Referral,120.0,1.0,9037.0,2,1,2,5.0,Lost
C01210,2025-09-27,Female,22.0,Kochi,Kerala,Paid Ads,271.0,6.0,28758.0,1,4,4,9.0,At Risk
C03448,2025-07-04,Female,33.0,Guwahati,Assam,Organic Search,107.0,4.0,41286.0,3,3,4,10.0,Loyal Customers
C00622,2026-01-17,Female,35.0,Bengaluru,Karnataka,Organic Search,27.0,2.0,11565.0,5,2,2,9.0,Potential Loyalists
C02315,2024-05-11,Male,36.0,Bhopal,Madhya Pradesh,Organic Search,123.0,1.0,5016.0,2,1,1,4.0,Lost
C03651,2024-08-30,Female,18.0,Faridabad,Haryana,Social Media,137.0,14.0,82897.0,2,5,5,12.0,At Risk
C00567,2026-05-05,Male,38.0,Guwahati,Assam,Organic Search,19.0,15.0,51943.0,5,5,5,15.0,Champions
C01488,2025-04-21,Female,32.0,Gurugram,Haryana,Organic Search,36.0,11.0,22646.0,4,5,3,12.0,Loyal Customers
C03989,2024-12-22,Female,33.0,Nagpur,Maharashtra,Paid Ads,61.0,7.0,39838.0,3,4,4,11.0,Loyal Customers
C04268,2025-05-14,Male,49.0,Patna,Bihar,Referral,37.0,1.0,2439.0,4,1,1,6.0,Potential Loyalists
C00052,2024-08-16,Male,18.0,Jaipur,Rajasthan,Social Media,48.0,14.0,157560.0,4,5,5,14.0,Champions
C03504,2025-07-09,Unknown,33.0,Patna,Bihar,Organic Search,3.0,2.0,9157.0,5,2,2,9.0,Potential Loyalists
C03958,2026-03-21,Female,30.0,Nagpur,Maharashtra,Referral,15.0,3.0,13935.0,5,3,3,11.0,Loyal Customers
C04014,2025-07-28,Other,51.0,Mumbai,Maharashtra,Social Media,9.0,7.0,25766.0,5,4,4,13.0,Champions
C04319,2025-03-25,Male,38.0,Noida,Uttar Pradesh,Social Media,426.0,16.0,44819.0,1,5,5,11.0,At Risk
C00535,2026-02-17,Female,41.0,Kolkata,West Bengal,Social Media,3.0,1.0,7208.0,5,1,2,8.0,Potential Loyalists
C04979,2025-04-14,Male,23.0,Ranchi,Jharkhand,Email,57.0,3.0,13620.0,3,3,3,9.0,Loyal Customers
C02105,2026-02-11,Female,31.0,Mumbai,Maharashtra,Organic Search,21.0,8.0,46555.0,5,5,5,15.0,Champions
C00444,2026-03-29,Female,22.0,Gurugram,Haryana,Email,122.0,6.0,26035.0,2,4,4,10.0,At Risk
C02253,2024-12-30,Male,34.0,Kanpur,Uttar Pradesh,Organic Search,161.0,7.0,16999.0,2,4,3,9.0,At Risk
C00196,2026-04-15,Female,31.0,Visakhapatnam,Andhra Pradesh,Organic Search,157.0,2.0,9367.0,2,2,2,6.0,Lost
C03624,2026-03-14,Female,19.0,Kolkata,West Bengal,Organic Search,114.0,3.0,18142.0,3,3,3,9.0,Loyal Customers
C01919,2026-01-25,Male,31.0,Gurugram,Haryana,Paid Ads,31.0,2.0,20432.0,4,2,3,9.0,Potential Loyalists
C04478,2025-07-25,Male,32.0,Delhi,Delhi,Referral,76.0,3.0,18979.0,3,3,3,9.0,Loyal Customers
C03025,2025-12-03,Female,31.0,Vijayawada,Andhra Pradesh,Paid Ads,195.0,1.0,10626.0,2,1,2,5.0,Lost
C04217,2026-01-05,Male,44.0,Bhopal,Madhya Pradesh,Organic Search,7.0,4.0,14652.0,5,3,3,11.0,Loyal Customers
C04806,2026-02-15,Female,36.0,Delhi,Delhi,Organic Search,182.0,3.0,26059.0,2,3,4,9.0,At Risk
C03705,2026-03-09,Female,22.0,Kolkata,West Bengal,Email,1.0,6.0,32931.0,5,4,4,13.0,Champions
C03634,2025-10-22,Male,40.0,Bhopal,Madhya Pradesh,Referral,251.0,1.0,4885.0,1,1,1,3.0,Lost
C02941,2026-03-17,Female,31.0,Visakhapatnam,Andhra Pradesh,Organic Search,29.0,7.0,27425.0,4,4,4,12.0,Champions
C00645,2026-04-07,Male,24.0,Faridabad,Haryana,Email,101.0,1.0,10676.0,3,1,2,6.0,Lost
C00808,2024-06-21,Male,19.0,Visakhapatnam,Andhra Pradesh,Referral,6.0,1.0,2488.0,5,1,1,7.0,Potential Loyalists
C03541,2024-11-26,Female,32.0,Mysuru,Karnataka,Email,511.0,10.0,31634.0,1,5,4,10.0,At Risk
C04621,2025-04-11,Male,25.0,Coimbatore,Tamil Nadu,Paid Ads,399.0,11.0,37211.0,1,5,4,10.0,At Risk
C04416,2026-01-11,Male,30.0,Bhopal,Madhya Pradesh,Organic Search,43.0,1.0,13365.0,4,1,3,8.0,Potential Loyalists
C00121,2025-02-20,Female,28.0,Kochi,Kerala,Paid Ads,82.0,1.0,6145.0,3,1,1,5.0,Lost
C02442,2026-07-07,Female,21.0,Delhi,Delhi,Referral,152.0,2.0,16733.0,2,2,3,7.0,Lost
C01993,2026-03-25,Male,22.0,Visakhapatnam,Andhra Pradesh,Paid Ads,5.0,6.0,56657.0,5,4,5,14.0,Champions
C04901,2025-04-09,Female,23.0,Kolkata,West Bengal,Paid Ads,381.0,3.0,14086.0,1,3,3,7.0,At Risk
C02851,2025-12-17,Male,32.0,Delhi,Delhi,Paid Ads,248.0,6.0,32763.0,1,4,4,9.0,At Risk
C02239,2025-01-02,Female,30.0,Noida,Uttar Pradesh,Social Media,43.0,3.0,10917.0,4,2,2,8.0,Potential Loyalists
C00135,2026-05-23,Male,39.0,Udaipur,Rajasthan,Paid Ads,20.0,7.0,58153.0,5,4,5,14.0,Champions
C03354,2025-08-22,Female,26.0,Bengaluru,Karnataka,Social Media,352.0,2.0,23589.0,1,2,4,7.0,Lost
C01984,2025-06-22,Female,26.0,Jaipur,Rajasthan,Referral,92.0,6.0,34037.0,3,4,4,11.0,Loyal Customers
C02708,2026-03-30,Female,30.0,Coimbatore,Tamil Nadu,Social Media,98.0,3.0,24359.0,3,3,4,10.0,Loyal Customers
C00185,2025-06-21,Female,18.0,Mumbai,Maharashtra,Paid Ads,132.0,10.0,45464.0,2,5,5,12.0,At Risk
C03195,2026-07-02,Female,24.0,Lucknow,Uttar Pradesh,Paid Ads,136.0,4.0,22948.0,2,3,4,9.0,At Risk
C02560,2025-02-20,Female,42.0,Thiruvananthapuram,Kerala,Paid Ads,6.0,5.0,35184.0,5,4,4,13.0,Champions
C00512,2025-10-09,Female,40.0,Visakhapatnam,Unknown,Paid Ads,294.0,7.0,103276.0,1,4,5,10.0,At Risk
C00842,2025-11-23,Female,31.0,Faridabad,Haryana,Organic Search,109.0,1.0,6178.0,3,1,1,5.0,Lost
C04076,2026-05-07,Male,49.0,Visakhapatnam,Andhra Pradesh,Organic Search,112.0,1.0,16583.0,3,1,3,7.0,Lost
C04362,2024-03-29,Male,31.0,Kanpur,Uttar Pradesh,Organic Search,100.0,8.0,33697.0,3,5,4,12.0,Loyal Customers
C04093,2026-01-14,Male,31.0,Visakhapatnam,Andhra Pradesh,Social Media,122.0,4.0,17927.0,2,3,3,8.0,At Risk
C04273,2026-04-24,Male,39.0,Guwahati,Assam,Organic Search,6.0,1.0,3129.0,5,1,1,7.0,Potential Loyalists
C01398,2025-07-16,Male,34.0,Faridabad,Haryana,Email,10.0,6.0,22511.0,5,4,3,12.0,Loyal Customers
C00857,2025-10-24,Unknown,18.0,Indore,Madhya Pradesh,Paid Ads,238.0,4.0,28314.0,1,3,4,8.0,At Risk
C00252,2024-08-05,Male,21.0,Noida,Uttar Pradesh,Social Media,559.0,4.0,37634.0,1,3,4,8.0,At Risk
C02759,2025-06-23,Male,41.0,Kochi,Kerala,Social Media,39.0,3.0,16814.0,4,3,3,10.0,Loyal Customers
C03066,2025-05-03,Female,26.0,Mysuru,Karnataka,Social Media,6.0,4.0,12093.0,5,3,2,10.0,Loyal Customers
C02703,2026-07-21,Female,22.0,Hyderabad,Telangana,Paid Ads,124.0,5.0,35084.0,2,4,4,10.0,At Risk
C02233,2026-03-10,Male,33.0,Pune,Maharashtra,Social Media,22.0,7.0,23396.0,5,4,4,13.0,Champions
C00123,2026-07-13,Female,42.0,Hyderabad,Telangana,Social Media,24.0,3.0,36754.0,5,2,4,11.0,Potential Loyalists
C02804,2025-10-27,Female,36.0,Bengaluru,Karnataka,Organic Search,2.0,2.0,5944.0,5,2,1,8.0,Potential Loyalists
C02219,2024-07-01,Female,25.0,Bhubaneswar,Odisha,Paid Ads,7.0,7.0,30615.0,5,4,4,13.0,Champions
C02338,2024-11-11,Female,48.0,Ranchi,Jharkhand,Paid Ads,237.0,1.0,7657.0,1,1,2,4.0,Lost
C04088,2024-07-20,Male,32.0,Faridabad,Haryana,Organic Search,27.0,1.0,8615.0,5,1,2,8.0,Potential Loyalists
C00568,2025-02-15,Male,34.0,Mysuru,Karnataka,Paid Ads,39.0,8.0,32254.0,4,4,4,12.0,Champions
C01393,2025-04-16,Male,33.0,Kanpur,Uttar Pradesh,Social Media,69.0,2.0,2937.0,3,2,1,6.0,Lost
C03204,2026-02-18,Unknown,21.0,Bhubaneswar,Odisha,Referral,57.0,3.0,45790.0,3,3,5,11.0,Loyal Customers
C02481,2026-03-28,Male,30.0,Noida,Uttar Pradesh,Paid Ads,,,,,,,,No Completed Purchase
C02577,2025-12-22,Male,28.0,Faridabad,Haryana,Paid Ads,186.0,1.0,6337.0,2,1,1,4.0,Lost
C03748,2025-06-01,Male,21.0,Faridabad,Haryana,Social Media,61.0,11.0,43749.0,3,5,5,13.0,Loyal Customers
C03834,2026-05-06,Male,40.0,Mumbai,Maharashtra,Referral,107.0,14.0,74196.0,3,5,5,13.0,Loyal Customers
C01478,2025-02-14,Male,27.0,Hyderabad,Telangana,Social Media,0.0,15.0,44887.0,5,5,5,15.0,Champions
C04760,2026-06-04,Male,54.0,Guwahati,Assam,Paid Ads,73.0,2.0,6507.0,3,2,2,7.0,Lost
C01627,2026-02-02,Female,27.0,Ranchi,Jharkhand,Paid Ads,121.0,3.0,51938.0,2,2,5,9.0,Lost
C00721,2024-05-22,Male,43.0,Noida,Uttar Pradesh,Paid Ads,594.0,4.0,18474.0,1,3,3,7.0,At Risk
C02729,2024-12-17,Female,36.0,Bhubaneswar,Odisha,Paid Ads,43.0,1.0,5398.0,4,1,1,6.0,Potential Loyalists
C02054,2025-06-24,Female,31.0,Kanpur,Uttar Pradesh,Organic Search,60.0,2.0,3848.0,3,2,1,6.0,Lost
C01433,2025-12-29,Male,29.0,Kanpur,Uttar Pradesh,Paid Ads,49.0,1.0,6586.0,4,1,2,7.0,Potential Loyalists
C03214,2025-03-03,Female,23.0,Hyderabad,Telangana,Referral,332.0,15.0,146926.0,1,5,5,11.0,At Risk
C00603,2024-04-01,Female,31.0,Mysuru,Karnataka,Social Media,136.0,3.0,15035.0,2,2,3,7.0,Lost
C01567,2026-05-31,Male,26.0,Lucknow,Uttar Pradesh,Social Media,54.0,6.0,21770.0,4,4,3,11.0,Loyal Customers
C04750,2026-03-22,Female,31.0,Udaipur,Rajasthan,Organic Search,43.0,2.0,8193.0,4,2,2,8.0,Potential Loyalists
C02678,2025-01-01,Male,34.0,Gurugram,Haryana,Social Media,48.0,15.0,57871.0,4,5,5,14.0,Champions
C03476,2025-05-26,Female,48.0,Lucknow,Unknown,Organic Search,9.0,3.0,34889.0,5,3,4,12.0,Loyal Customers
C00319,2025-05-21,Male,19.0,Indore,Madhya Pradesh,Social Media,44.0,3.0,7705.0,4,2,2,8.0,Potential Loyalists
C04748,2026-02-27,Male,36.0,Chandigarh,Chandigarh,Paid Ads,27.0,3.0,10375.0,5,3,2,10.0,Loyal Customers
C04558,2025-09-15,Female,21.0,Pune,Maharashtra,Referral,28.0,6.0,28922.0,4,4,4,12.0,Champions
C00275,2024-04-19,Female,27.0,Bhopal,Madhya Pradesh,Organic Search,515.0,8.0,36856.0,1,4,4,9.0,At Risk
C01882,2026-04-18,Male,42.0,Bhopal,Madhya Pradesh,Organic Search,50.0,4.0,12633.0,4,3,2,9.0,Loyal Customers
C00550,2025-10-12,Male,18.0,Bhubaneswar,Odisha,Email,293.0,3.0,14105.0,1,2,3,6.0,Lost
C02813,2024-09-07,Male,26.0,Coimbatore,Tamil Nadu,Organic Search,58.0,14.0,172530.0,3,5,5,13.0,Loyal Customers
C01030,2025-12-10,Male,34.0,Chandigarh,Chandigarh,Organic Search,12.0,6.0,55424.0,5,4,5,14.0,Champions
C04905,2025-11-25,Male,18.0,Kanpur,Uttar Pradesh,Paid Ads,29.0,1.0,1987.0,4,2,1,7.0,Potential Loyalists
C02953,2026-02-23,Female,23.0,Indore,Madhya Pradesh,Paid Ads,189.0,5.0,68715.0,2,4,5,11.0,At Risk
C00606,2026-03-24,Male,30.0,Faridabad,Haryana,Organic Search,71.0,17.0,98029.0,3,5,5,13.0,Loyal Customers
C02234,2025-11-24,Male,19.0,Bhubaneswar,Odisha,Organic Search,56.0,15.0,208410.0,3,5,5,13.0,Loyal Customers
C00528,2024-06-22,Female,29.0,Chennai,Tamil Nadu,Email,19.0,1.0,2498.0,5,1,1,7.0,Potential Loyalists
C02847,2025-08-16,Male,31.0,Kolkata,West Bengal,Organic Search,30.0,8.0,110270.0,4,5,5,14.0,Champions
C02365,2025-09-07,Female,46.0,Visakhapatnam,Andhra Pradesh,Social Media,328.0,2.0,8916.0,1,2,2,5.0,Lost
C04360,2024-10-16,Female,23.0,Bhubaneswar,Odisha,Paid Ads,237.0,1.0,5654.0,1,1,1,3.0,Lost
C03794,2025-01-20,Female,50.0,Jaipur,Rajasthan,Social Media,70.0,4.0,16832.0,3,3,3,9.0,Loyal Customers
C04839,2025-05-19,Female,24.0,Vijayawada,Andhra Pradesh,Organic Search,165.0,7.0,19359.0,2,4,3,9.0,At Risk
C01834,2026-05-25,Female,35.0,Jaipur,Rajasthan,Referral,37.0,6.0,20161.0,4,4,3,11.0,Loyal Customers
C00299,2026-01-27,Female,26.0,Chennai,Tamil Nadu,Social Media,188.0,7.0,18170.0,2,4,3,9.0,At Risk
C03791,2025-09-02,Female,43.0,Vijayawada,Andhra Pradesh,Organic Search,,,,,,,,No Completed Purchase
C02555,2024-10-23,Male,42.0,Patna,Bihar,Referral,55.0,2.0,19987.0,3,2,3,8.0,Lost
C01596,2025-09-26,Female,20.0,Ahmedabad,Gujarat,Email,95.0,9.0,62759.0,3,5,5,13.0,Loyal Customers
C03104,2025-02-15,Female,30.0,Noida,Uttar Pradesh,Paid Ads,31.0,3.0,20280.0,4,3,3,10.0,Loyal Customers
C04602,2025-10-13,Female,26.0,Indore,Madhya Pradesh,Social Media,288.0,3.0,32474.0,1,3,4,8.0,At Risk
C03858,2025-02-08,Female,27.0,Indore,Madhya Pradesh,Organic Search,59.0,3.0,6346.0,3,3,1,7.0,Loyal Customers
C01584,2024-10-04,Female,36.0,Jaipur,Rajasthan,Paid Ads,352.0,2.0,10214.0,1,2,2,5.0,Lost
C02987,2025-05-04,Male,40.0,Mumbai,Maharashtra,Social Media,308.0,10.0,69854.0,1,5,5,11.0,At Risk
C01245,2025-06-25,Female,28.0,Noida,Uttar Pradesh,Referral,213.0,11.0,37248.0,1,5,4,10.0,At Risk
C00757,2024-06-09,Female,18.0,Thiruvananthapuram,Kerala,Paid Ads,9.0,15.0,50134.0,5,5,5,15.0,Champions
C01035,2025-07-23,Male,32.0,Chennai,Tamil Nadu,Organic Search,173.0,10.0,38940.0,2,5,4,11.0,At Risk
C03322,2026-06-18,Female,31.0,Hyderabad,Telangana,Social Media,24.0,8.0,24246.0,5,5,4,14.0,Champions
C02388,2026-05-02,Female,44.0,Coimbatore,Tamil Nadu,Email,144.0,11.0,35431.0,2,5,4,11.0,At Risk
C01243,2025-07-15,Female,51.0,Noida,Uttar Pradesh,Paid Ads,57.0,2.0,6635.0,3,2,2,7.0,Lost
C01486,2025-08-19,Female,28.0,Pune,Maharashtra,Paid Ads,15.0,12.0,92110.0,5,5,5,15.0,Champions
C01193,2025-01-05,Male,26.0,Lucknow,Uttar Pradesh,Paid Ads,25.0,7.0,23297.0,5,4,4,13.0,Champions
C01861,2025-11-15,Female,31.0,Thiruvananthapuram,Kerala,Paid Ads,284.0,2.0,12474.0,1,2,2,5.0,Lost
C00377,2025-03-07,Male,18.0,Visakhapatnam,Andhra Pradesh,Email,252.0,8.0,43070.0,1,4,5,10.0,At Risk
C01033,2026-07-09,Male,31.0,Surat,Gujarat,Organic Search,19.0,4.0,13204.0,5,3,3,11.0,Loyal Customers
C04202,2026-05-06,Female,36.0,Visakhapatnam,Andhra Pradesh,Referral,8.0,1.0,1638.0,5,1,1,7.0,Potential Loyalists
C03542,2025-12-16,Female,38.0,Hyderabad,Telangana,Organic Search,147.0,5.0,31476.0,2,4,4,10.0,At Risk
C01150,2025-03-07,Female,34.0,Patna,Bihar,Organic Search,102.0,2.0,12794.0,3,2,2,7.0,Lost
C00379,2025-09-04,Male,39.0,Faridabad,Haryana,Organic Search,134.0,1.0,8436.0,2,1,2,5.0,Lost
C01892,2024-06-07,Male,33.0,Visakhapatnam,Andhra Pradesh,Social Media,344.0,1.0,3488.0,1,1,1,3.0,Lost
C03950,2026-03-12,Female,49.0,Delhi,Delhi,Social Media,37.0,1.0,249.0,4,1,1,6.0,Potential Loyalists
C03709,2026-02-21,Unknown,30.0,Chennai,Tamil Nadu,Organic Search,184.0,7.0,41004.0,2,4,4,10.0,At Risk
C01910,2026-01-11,Male,31.0,Surat,Gujarat,Organic Search,194.0,5.0,15743.0,2,4,3,9.0,At Risk
C01879,2025-01-01,Male,30.0,Lucknow,Uttar Pradesh,Organic Search,601.0,4.0,23602.0,1,3,4,8.0,At Risk
C04459,2024-05-21,Male,48.0,Thiruvananthapuram,Kerala,Social Media,57.0,6.0,15431.0,3,4,3,10.0,Loyal Customers
C02749,2026-05-08,Male,46.0,Pune,Maharashtra,Social Media,114.0,1.0,6266.0,3,1,1,5.0,Lost
C03409,2026-07-22,Male,31.0,Bhopal,Madhya Pradesh,Paid Ads,42.0,4.0,23386.0,4,3,4,11.0,Loyal Customers
C04594,2024-12-25,Male,28.0,Jaipur,Rajasthan,Referral,162.0,1.0,5656.0,2,1,1,4.0,Lost
C03820,2025-06-27,Male,27.0,Delhi,Delhi,Referral,44.0,5.0,42476.0,4,4,5,13.0,Champions
C02861,2025-06-26,Female,26.0,Lucknow,Uttar Pradesh,Social Media,30.0,2.0,5606.0,4,2,1,7.0,Potential Loyalists
C02656,2025-08-19,Female,33.0,Coimbatore,Tamil Nadu,Social Media,22.0,12.0,166417.0,5,5,5,15.0,Champions
C00795,2026-02-09,Male,31.0,Kanpur,Uttar Pradesh,Paid Ads,23.0,15.0,101711.0,5,5,5,15.0,Champions
C02523,2025-10-24,Male,35.0,Patna,Bihar,Social Media,268.0,6.0,44041.0,1,4,5,10.0,At Risk
C02459,2026-04-01,Female,37.0,Chennai,Tamil Nadu,Referral,27.0,8.0,50101.0,5,5,5,15.0,Champions
C04460,2025-03-01,Female,32.0,Jaipur,Rajasthan,Organic Search,39.0,7.0,32585.0,4,4,4,12.0,Champions
C00176,2025-06-27,Female,51.0,Thiruvananthapuram,Kerala,Paid Ads,31.0,1.0,8926.0,4,1,2,7.0,Potential Loyalists
C01045,2025-11-08,Male,32.0,Chandigarh,Chandigarh,Social Media,21.0,5.0,20809.0,5,4,3,12.0,Loyal Customers
C02756,2025-12-01,Female,39.0,Chandigarh,Chandigarh,Paid Ads,233.0,2.0,22711.0,1,2,3,6.0,Lost
C03278,2026-01-13,Female,32.0,Bhubaneswar,Odisha,Social Media,54.0,3.0,7616.0,4,3,2,9.0,Loyal Customers
C00046,2024-04-17,Female,45.0,Delhi,Delhi,Organic Search,174.0,12.0,53819.0,2,5,5,12.0,At Risk
C02771,2024-12-13,Male,38.0,Lucknow,Uttar Pradesh,Social Media,215.0,1.0,2648.0,1,1,1,3.0,Lost
C03106,2026-03-20,Male,34.0,Bhubaneswar,Odisha,Social Media,121.0,2.0,23418.0,2,2,4,8.0,Lost
C02699,2025-05-12,Other,34.0,Coimbatore,Tamil Nadu,Email,305.0,6.0,37645.0,1,4,4,9.0,At Risk
C02848,2025-09-24,Male,31.0,Noida,Uttar Pradesh,Organic Search,152.0,1.0,2168.0,2,1,1,4.0,Lost
C04714,2024-11-18,Male,19.0,Indore,Madhya Pradesh,Social Media,20.0,8.0,28345.0,5,5,4,14.0,Champions
C01756,2025-12-27,Male,31.0,Gurugram,Unknown,Email,186.0,4.0,25666.0,2,3,4,9.0,At Risk
C01198,2024-08-19,Male,37.0,Bhopal,Madhya Pradesh,Paid Ads,132.0,3.0,7596.0,2,2,2,6.0,Lost
C02068,2025-03-25,Unknown,33.0,Mumbai,Maharashtra,Organic Search,444.0,1.0,5728.0,1,1,1,3.0,Lost
C02616,2025-11-22,Male,40.0,Delhi,Delhi,Organic Search,210.0,1.0,2358.0,2,1,1,4.0,Lost
C01706,2024-06-24,Male,32.0,Patna,Bihar,Email,1.0,15.0,47526.0,5,5,5,15.0,Champions
C03117,2025-11-18,Male,25.0,Thiruvananthapuram,Kerala,Referral,191.0,3.0,15450.0,2,3,3,8.0,At Risk
C02589,2025-02-28,Male,38.0,Guwahati,Assam,Paid Ads,354.0,3.0,16343.0,1,3,3,7.0,At Risk
C00284,2024-04-05,Male,30.0,Surat,Gujarat,Referral,43.0,4.0,4056.0,4,3,1,8.0,Loyal Customers
C03933,2026-04-11,Male,31.0,Bengaluru,Karnataka,Paid Ads,23.0,4.0,23925.0,5,3,4,12.0,Loyal Customers
C03756,2026-03-10,Female,38.0,Visakhapatnam,Andhra Pradesh,Social Media,88.0,14.0,82782.0,3,5,5,13.0,Loyal Customers
C04295,2024-08-26,Female,36.0,Kolkata,West Bengal,Referral,45.0,9.0,124774.0,4,5,5,14.0,Champions
C01188,2024-02-13,Male,26.0,Gurugram,Haryana,Referral,217.0,12.0,38888.0,1,5,4,10.0,At Risk
C01261,2024-05-07,Female,24.0,Kanpur,Uttar Pradesh,Email,175.0,1.0,2498.0,2,1,1,4.0,Lost
C03923,2024-09-06,Female,43.0,Noida,Uttar Pradesh,Paid Ads,44.0,2.0,2108.0,4,2,1,7.0,Potential Loyalists
C02089,2024-12-29,Male,30.0,Vijayawada,Andhra Pradesh,Paid Ads,406.0,6.0,14480.0,1,4,3,8.0,At Risk
C02846,2026-03-09,Male,46.0,Chennai,Tamil Nadu,Email,94.0,2.0,27425.0,3,2,4,9.0,Lost
C03432,2025-02-28,Male,21.0,Kanpur,Uttar Pradesh,Organic Search,88.0,10.0,57486.0,3,5,5,13.0,Loyal Customers
C02146,2025-11-03,Other,41.0,Mysuru,Karnataka,Referral,228.0,9.0,31593.0,1,5,4,10.0,At Risk
C02866,2026-04-03,Female,18.0,Gurugram,Haryana,Paid Ads,13.0,1.0,4018.0,5,1,1,7.0,Potential Loyalists
C03097,2026-04-25,Female,41.0,Delhi,Delhi,Organic Search,69.0,3.0,29338.0,3,3,4,10.0,Loyal Customers
C01175,2025-06-12,Other,22.0,Noida,Uttar Pradesh,Paid Ads,234.0,6.0,56919.0,1,4,5,10.0,At Risk
C01481,2024-10-19,Male,40.0,Hyderabad,Telangana,Organic Search,11.0,7.0,95578.0,5,4,5,14.0,Champions
C01540,2024-07-20,Female,39.0,Coimbatore,Tamil Nadu,Paid Ads,438.0,10.0,26555.0,1,5,4,10.0,At Risk
C04572,2025-11-05,Female,18.0,Thiruvananthapuram,Kerala,Paid Ads,37.0,5.0,11322.0,4,4,2,10.0,Loyal Customers
C01833,2025-03-08,Male,20.0,Bengaluru,Karnataka,Organic Search,199.0,2.0,11255.0,2,2,2,6.0,Lost
C01703,2026-05-21,Male,34.0,Nagpur,Maharashtra,Organic Search,24.0,3.0,23051.0,5,2,4,11.0,Potential Loyalists
C03546,2026-02-06,Male,27.0,Mysuru,Karnataka,Organic Search,56.0,4.0,23686.0,3,3,4,10.0,Loyal Customers
C00100,2025-08-26,Male,26.0,Jaipur,Rajasthan,Paid Ads,26.0,15.0,59072.0,5,5,5,15.0,Champions
C01075,2026-04-26,Male,18.0,Kolkata,West Bengal,Paid Ads,28.0,2.0,14455.0,4,2,3,9.0,Potential Loyalists
C01336,2024-09-17,Male,31.0,Kolkata,West Bengal,Social Media,72.0,13.0,47586.0,3,5,5,13.0,Loyal Customers
C03882,2025-10-06,Unknown,29.0,Chandigarh,Chandigarh,Paid Ads,35.0,1.0,2239.0,4,1,1,6.0,Potential Loyalists
C03978,2024-12-07,Female,34.0,Hyderabad,Telangana,Paid Ads,453.0,15.0,36360.0,1,5,4,10.0,At Risk
C00352,2026-07-12,Female,38.0,Kochi,Kerala,Organic Search,52.0,1.0,1249.0,4,1,1,6.0,Potential Loyalists
C02750,2024-09-13,Female,18.0,Noida,Uttar Pradesh,Social Media,104.0,12.0,58991.0,3,5,5,13.0,Loyal Customers
C02318,2026-06-03,Female,42.0,Nagpur,Maharashtra,Paid Ads,54.0,2.0,3307.0,4,2,1,7.0,Potential Loyalists
C00897,2025-05-17,Female,28.0,Hyderabad,Telangana,Organic Search,52.0,10.0,132738.0,4,5,5,14.0,Champions
C04767,2024-12-15,Male,44.0,Kolkata,West Bengal,Paid Ads,,,,,,,,No Completed Purchase
C00719,2025-11-20,Male,43.0,Bhubaneswar,Odisha,Referral,280.0,2.0,3955.0,1,2,1,4.0,Lost
C04467,2026-02-14,Female,35.0,Udaipur,Rajasthan,Paid Ads,5.0,8.0,57442.0,5,5,5,15.0,Champions
C04029,2025-07-20,Male,33.0,Ranchi,Jharkhand,Paid Ads,50.0,4.0,52623.0,4,3,5,12.0,Loyal Customers
C02529,2025-09-03,Female,37.0,Guwahati,Assam,Email,158.0,5.0,20071.0,2,4,3,9.0,At Risk
C00309,2025-09-15,Female,44.0,Ranchi,Jharkhand,Paid Ads,17.0,1.0,3489.0,5,1,1,7.0,Potential Loyalists
C01537,2025-07-10,Female,19.0,Noida,Uttar Pradesh,Organic Search,111.0,1.0,7756.0,3,1,2,6.0,Lost
C00834,2026-03-31,Female,25.0,Ahmedabad,Gujarat,Organic Search,43.0,3.0,6846.0,4,2,2,8.0,Potential Loyalists
C00367,2025-11-07,Female,18.0,Ranchi,Unknown,Referral,49.0,4.0,14662.0,4,3,3,10.0,Loyal Customers
C02824,2024-08-15,Male,27.0,Vijayawada,Andhra Pradesh,Organic Search,28.0,5.0,27928.0,4,4,4,12.0,Champions
C02096,2025-03-17,Male,48.0,Kanpur,Uttar Pradesh,Paid Ads,456.0,6.0,14081.0,1,4,3,8.0,At Risk
C00932,2025-07-04,Male,31.0,Bengaluru,Karnataka,Organic Search,233.0,2.0,2547.0,1,2,1,4.0,Lost
C03785,2024-06-19,Male,21.0,Ranchi,Jharkhand,Email,482.0,4.0,15744.0,1,3,3,7.0,At Risk
C03076,2024-10-20,Male,25.0,Patna,Bihar,Organic Search,165.0,7.0,69180.0,2,4,5,11.0,At Risk
C01296,2026-03-11,Male,31.0,Surat,Gujarat,Organic Search,6.0,9.0,58897.0,5,5,5,15.0,Champions
C00020,2024-12-12,Male,34.0,Chandigarh,Chandigarh,Organic Search,66.0,1.0,9597.0,3,1,2,6.0,Lost
C04576,2024-06-04,Female,21.0,Jaipur,Rajasthan,Social Media,84.0,7.0,39940.0,3,4,4,11.0,Loyal Customers
C02963,2026-02-13,Male,27.0,Faridabad,Haryana,Email,186.0,7.0,19258.0,2,4,3,9.0,At Risk
C00916,2024-09-01,Male,31.0,Ranchi,Jharkhand,Social Media,483.0,4.0,32755.0,1,3,4,8.0,At Risk
C00219,2025-10-18,Female,30.0,Faridabad,Haryana,Social Media,287.0,2.0,6368.0,1,2,1,4.0,Lost
C03650,2026-06-08,Male,20.0,Surat,Gujarat,Organic Search,38.0,3.0,10466.0,4,3,2,9.0,Loyal Customers
C00439,2026-03-31,Male,35.0,Noida,Uttar Pradesh,Paid Ads,5.0,5.0,9504.0,5,4,2,11.0,Loyal Customers
C03913,2024-11-23,Male,33.0,Patna,Bihar,Referral,54.0,9.0,37551.0,4,5,4,13.0,Champions
C03869,2026-02-12,Female,52.0,Udaipur,Rajasthan,Organic Search,183.0,4.0,27808.0,2,3,4,9.0,At Risk
C03897,2025-09-23,Male,39.0,Ranchi,Jharkhand,Paid Ads,332.0,2.0,11644.0,1,2,2,5.0,Lost
C03625,2026-03-06,Male,36.0,Mumbai,Maharashtra,Paid Ads,73.0,7.0,29827.0,3,4,4,11.0,Loyal Customers
C01056,2024-12-20,Male,31.0,Kochi,Kerala,Email,535.0,11.0,50848.0,1,5,5,11.0,At Risk
C04663,2024-11-19,Female,31.0,Mumbai,Maharashtra,Paid Ads,177.0,13.0,107745.0,2,5,5,12.0,At Risk
C01021,2025-08-05,Male,37.0,Mumbai,Maharashtra,Email,264.0,4.0,15052.0,1,3,3,7.0,At Risk
C03334,2024-10-25,Unknown,26.0,Chandigarh,Chandigarh,Paid Ads,14.0,13.0,146410.0,5,5,5,15.0,Champions
C00803,2024-12-02,Unknown,49.0,Surat,Gujarat,Social Media,78.0,6.0,11840.0,3,4,2,9.0,Loyal Customers
C03016,2026-05-02,Male,38.0,Kochi,Kerala,Email,29.0,8.0,33886.0,4,5,4,13.0,Champions
C02246,2024-06-07,Female,50.0,Thiruvananthapuram,Kerala,Paid Ads,58.0,1.0,7497.0,3,1,2,6.0,Lost
C03957,2024-10-03,Male,36.0,Kolkata,West Bengal,Social Media,514.0,2.0,5577.0,1,2,1,4.0,Lost
C04312,2026-03-16,Unknown,30.0,Bhopal,Madhya Pradesh,Paid Ads,59.0,6.0,36401.0,3,4,4,11.0,Loyal Customers
C00583,2026-03-16,Male,28.0,Bengaluru,Karnataka,Paid Ads,100.0,4.0,10935.0,3,3,2,8.0,Loyal Customers
C00204,2024-06-20,Female,20.0,Ahmedabad,Gujarat,Organic Search,492.0,7.0,34527.0,1,4,4,9.0,At Risk
C04064,2025-04-07,Male,46.0,Indore,Madhya Pradesh,Referral,7.0,14.0,150566.0,5,5,5,15.0,Champions
C03435,2026-02-24,Male,29.0,Bengaluru,Karnataka,Paid Ads,57.0,4.0,6806.0,3,3,2,8.0,Loyal Customers
C02267,2025-10-29,Male,31.0,Kanpur,Uttar Pradesh,Social Media,,,,,,,,No Completed Purchase
C02198,2024-02-22,Female,32.0,Udaipur,Rajasthan,Social Media,16.0,4.0,19706.0,5,3,3,11.0,Loyal Customers
C03426,2025-03-29,Male,31.0,Indore,Madhya Pradesh,Social Media,35.0,3.0,11834.0,4,3,2,9.0,Loyal Customers
C03003,2025-09-24,Male,29.0,Mumbai,Maharashtra,Paid Ads,31.0,4.0,15773.0,4,3,3,10.0,Loyal Customers
C01282,2026-01-16,Female,43.0,Chennai,Tamil Nadu,Email,214.0,1.0,819.0,1,1,1,3.0,Lost
C00953,2026-03-20,Female,26.0,Faridabad,Haryana,Organic Search,76.0,4.0,14464.0,3,3,3,9.0,Loyal Customers
C01819,2025-09-03,Male,36.0,Nagpur,Unknown,Paid Ads,32.0,2.0,19542.0,4,2,3,9.0,Potential Loyalists
C02407,2026-03-04,Female,35.0,Guwahati,Assam,Organic Search,64.0,8.0,17299.0,3,5,3,11.0,Loyal Customers
C04121,2026-04-18,Female,27.0,Gurugram,Haryana,Organic Search,56.0,3.0,10664.0,3,3,2,8.0,Loyal Customers
C00518,2025-04-22,Other,33.0,Ranchi,Jharkhand,Paid Ads,46.0,10.0,49709.0,4,5,5,14.0,Champions
C02826,2026-04-16,Female,32.0,Bhopal,Madhya Pradesh,Social Media,23.0,5.0,72196.0,5,4,5,14.0,Champions
C01601,2025-11-04,Female,31.0,Ranchi,Jharkhand,Social Media,44.0,7.0,32356.0,4,4,4,12.0,Champions
C02441,2025-10-25,Female,29.0,Thiruvananthapuram,Kerala,Paid Ads,100.0,2.0,11776.0,3,2,2,7.0,Lost
C00669,2026-06-27,Male,36.0,Thiruvananthapuram,Kerala,Organic Search,89.0,3.0,9176.0,3,2,2,7.0,Lost
C03533,2026-04-18,Female,24.0,Gurugram,Haryana,Email,120.0,3.0,12915.0,2,3,2,7.0,At Risk
C04924,2025-11-11,Female,20.0,Kanpur,Uttar Pradesh,Social Media,115.0,4.0,44523.0,3,3,5,11.0,Loyal Customers
C02923,2024-12-27,Male,31.0,Delhi,Delhi,Social Media,82.0,8.0,49695.0,3,5,5,13.0,Loyal Customers
C03658,2025-03-10,Male,48.0,Thiruvananthapuram,Kerala,Social Media,361.0,1.0,7455.0,1,1,2,4.0,Lost
C02906,2026-03-16,Male,34.0,Surat,Gujarat,Organic Search,3.0,4.0,52634.0,5,3,5,13.0,Loyal Customers
C02374,2026-01-12,Female,32.0,Vijayawada,Andhra Pradesh,Referral,108.0,6.0,23570.0,3,4,4,11.0,Loyal Customers
C04629,2025-11-24,Female,31.0,Hyderabad,Telangana,Organic Search,223.0,12.0,38380.0,1,5,4,10.0,At Risk
C03361,2025-02-25,Female,38.0,Chandigarh,Chandigarh,Organic Search,31.0,2.0,6787.0,4,2,2,8.0,Potential Loyalists
C03411,2026-07-06,Female,47.0,Faridabad,Haryana,Paid Ads,78.0,1.0,5097.0,3,1,1,5.0,Lost
C01174,2025-09-12,Male,43.0,Indore,Madhya Pradesh,Organic Search,13.0,14.0,188190.0,5,5,5,15.0,Champions
C00760,2026-06-21,Male,34.0,Mumbai,Maharashtra,Organic Search,77.0,6.0,41905.0,3,4,5,12.0,Loyal Customers
C01048,2026-05-07,Female,37.0,Kochi,Kerala,Paid Ads,60.0,11.0,23703.0,3,5,4,12.0,Loyal Customers
C01375,2025-07-30,Male,18.0,Nagpur,Maharashtra,Organic Search,209.0,4.0,25827.0,2,3,4,9.0,At Risk
C02689,2025-09-29,Female,36.0,Nagpur,Maharashtra,Referral,233.0,10.0,32325.0,1,5,4,10.0,At Risk
C02581,2026-06-01,Female,33.0,Jaipur,Rajasthan,Referral,13.0,4.0,38863.0,5,3,4,12.0,Loyal Customers
C03722,2025-12-27,Male,18.0,Visakhapatnam,Andhra Pradesh,Organic Search,197.0,1.0,17613.0,2,1,3,6.0,Lost
C03505,2025-03-05,Female,20.0,Chandigarh,Chandigarh,Social Media,6.0,14.0,77362.0,5,5,5,15.0,Champions
C00215,2026-06-05,Female,47.0,Kochi,Kerala,Organic Search,27.0,3.0,15140.0,5,2,3,10.0,Potential Loyalists
C03350,2025-10-10,Female,26.0,Indore,Madhya Pradesh,Organic Search,38.0,8.0,24025.0,4,5,4,13.0,Champions
C03972,2026-01-23,Male,24.0,Delhi,Delhi,Paid Ads,118.0,7.0,47226.0,2,4,5,11.0,At Risk
C00694,2025-01-21,Male,27.0,Ahmedabad,Gujarat,Organic Search,27.0,1.0,1309.0,5,1,1,7.0,Potential Loyalists
C03687,2026-06-29,Male,25.0,Surat,Gujarat,Paid Ads,60.0,5.0,14290.0,3,4,3,10.0,Loyal Customers
C01438,2025-01-14,Male,18.0,Mysuru,Karnataka,Paid Ads,177.0,2.0,14313.0,2,2,3,7.0,Lost
C02136,2024-10-20,Female,36.0,Visakhapatnam,Andhra Pradesh,Social Media,192.0,3.0,25477.0,2,2,4,8.0,Lost
C04517,2024-12-28,Male,29.0,Mysuru,Karnataka,Email,115.0,1.0,7386.0,3,1,2,6.0,Lost
C01787,2025-09-17,Female,29.0,Indore,Madhya Pradesh,Organic Search,52.0,1.0,4887.0,4,1,1,6.0,Potential Loyalists
C01269,2025-03-18,Male,26.0,Kolkata,West Bengal,Paid Ads,207.0,7.0,15010.0,2,4,3,9.0,At Risk
C02556,2026-02-04,Female,44.0,Delhi,Delhi,Paid Ads,28.0,5.0,85107.0,4,4,5,13.0,Champions
C01002,2026-01-12,Male,31.0,Thiruvananthapuram,Kerala,Organic Search,217.0,3.0,4876.0,1,2,1,4.0,Lost
C00197,2026-02-22,Male,41.0,Ranchi,Jharkhand,Referral,185.0,3.0,9166.0,2,2,2,6.0,Lost
C03027,2025-12-30,Female,34.0,Kanpur,Uttar Pradesh,Paid Ads,54.0,5.0,47803.0,4,4,5,13.0,Champions
C04673,2024-06-11,Female,29.0,Ranchi,Jharkhand,Email,603.0,4.0,22608.0,1,3,3,7.0,At Risk
C01721,2025-10-16,Female,45.0,Vijayawada,Andhra Pradesh,Organic Search,115.0,1.0,4987.0,3,1,1,5.0,Lost
C00880,2025-04-11,Male,35.0,Udaipur,Rajasthan,Paid Ads,16.0,13.0,54796.0,5,5,5,15.0,Champions
C03847,2024-10-27,Female,26.0,Patna,Bihar,Social Media,207.0,8.0,45046.0,2,5,5,12.0,At Risk
C02168,2026-02-03,Male,45.0,Mumbai,Maharashtra,Referral,183.0,6.0,18250.0,2,4,3,9.0,At Risk
C04106,2025-04-12,Female,36.0,Bhopal,Madhya Pradesh,Paid Ads,449.0,8.0,17426.0,1,5,3,9.0,At Risk
C04893,2025-02-03,Male,37.0,Coimbatore,Tamil Nadu,Social Media,71.0,7.0,101651.0,3,4,5,12.0,Loyal Customers
C00888,2026-07-07,Male,27.0,Faridabad,Haryana,Paid Ads,46.0,7.0,27508.0,4,4,4,12.0,Champions
C01737,2026-02-08,Male,35.0,Mysuru,Karnataka,Email,187.0,2.0,4478.0,2,2,1,5.0,Lost
C00069,2025-07-26,Female,18.0,Mumbai,Maharashtra,Paid Ads,159.0,15.0,39441.0,2,5,4,11.0,At Risk
C02500,2026-01-05,Unknown,23.0,Thiruvananthapuram,Kerala,Social Media,108.0,1.0,3138.0,3,1,1,5.0,Lost
C03372,2024-04-29,Male,38.0,Delhi,Delhi,Social Media,499.0,7.0,43750.0,1,4,5,10.0,At Risk
C00569,2026-02-16,Female,36.0,Kolkata,West Bengal,Social Media,130.0,3.0,9552.0,2,2,2,6.0,Lost
C01655,2024-11-24,Male,29.0,Pune,Maharashtra,Organic Search,40.0,11.0,70763.0,4,5,5,14.0,Champions
C00097,2025-01-13,Male,30.0,Kolkata,West Bengal,Organic Search,21.0,4.0,13614.0,5,3,3,11.0,Loyal Customers
C01624,2025-07-05,Female,35.0,Coimbatore,Tamil Nadu,Organic Search,4.0,13.0,39296.0,5,5,4,14.0,Champions
C03741,2025-03-17,Male,31.0,Jaipur,Rajasthan,Organic Search,55.0,1.0,3227.0,3,1,1,5.0,Lost
C00140,2025-08-31,Female,26.0,Patna,Bihar,Organic Search,36.0,1.0,5758.0,4,1,1,6.0,Potential Loyalists
C02415,2025-05-16,Male,31.0,Thiruvananthapuram,Kerala,Organic Search,157.0,3.0,23868.0,2,3,4,9.0,At Risk
C02621,2025-02-17,Male,28.0,Gurugram,Haryana,Organic Search,78.0,2.0,18654.0,3,2,3,8.0,Lost
C01618,2025-12-15,Female,37.0,Delhi,Delhi,Organic Search,246.0,5.0,51116.0,1,4,5,10.0,At Risk
C03036,2024-10-30,Female,38.0,Gurugram,Haryana,Social Media,4.0,1.0,15013.0,5,1,3,9.0,Potential Loyalists
C03439,2025-05-08,Female,39.0,Gurugram,Haryana,Paid Ads,416.0,1.0,11875.0,1,1,2,4.0,Lost
C03259,2025-10-20,Male,49.0,Hyderabad,Telangana,Organic Search,8.0,1.0,4118.0,5,1,1,7.0,Potential Loyalists
C01845,2025-05-02,Female,42.0,Guwahati,Assam,Paid Ads,383.0,13.0,86119.0,1,5,5,11.0,At Risk
C01722,2025-07-20,Female,19.0,Coimbatore,Tamil Nadu,Paid Ads,0.0,3.0,6635.0,5,2,2,9.0,Potential Loyalists
C03258,2025-11-28,Female,29.0,Chandigarh,Chandigarh,Paid Ads,242.0,2.0,7047.0,1,2,2,5.0,Lost
C00464,2025-07-09,Female,44.0,Ahmedabad,Gujarat,Organic Search,362.0,5.0,49314.0,1,4,5,10.0,At Risk
C02348,2025-03-18,Female,30.0,Jaipur,Rajasthan,Social Media,234.0,3.0,10515.0,1,3,2,6.0,At Risk
C03619,2024-07-04,Male,41.0,Chandigarh,Chandigarh,Organic Search,266.0,8.0,73956.0,1,5,5,11.0,At Risk
C03403,2024-08-28,Male,43.0,Lucknow,Uttar Pradesh,Email,96.0,3.0,7644.0,3,3,2,8.0,Loyal Customers
C00595,2024-10-23,Male,37.0,Pune,Maharashtra,Paid Ads,53.0,1.0,18684.0,4,1,3,8.0,Potential Loyalists
C01341,2026-05-06,Female,44.0,Bhopal,Madhya Pradesh,Referral,74.0,2.0,9776.0,3,2,2,7.0,Lost
C00626,2026-04-23,Female,40.0,Kochi,Kerala,Paid Ads,57.0,4.0,15791.0,3,3,3,9.0,Loyal Customers
C00451,2026-01-08,Male,39.0,Ranchi,Jharkhand,Social Media,106.0,1.0,20294.0,3,1,3,7.0,Lost
C03266,2025-12-07,Male,38.0,Patna,Bihar,Referral,88.0,4.0,36116.0,3,3,4,10.0,Loyal Customers
C03309,2024-09-28,Male,37.0,Coimbatore,Tamil Nadu,Organic Search,393.0,4.0,37967.0,1,3,4,8.0,At Risk
C02406,2026-01-29,Female,18.0,Vijayawada,Andhra Pradesh,Organic Search,60.0,12.0,58723.0,3,5,5,13.0,Loyal Customers
C01331,2026-04-11,Female,39.0,Kolkata,West Bengal,Referral,120.0,2.0,8334.0,2,2,2,6.0,Lost
C01925,2024-09-29,Male,48.0,Mysuru,Karnataka,Organic Search,5.0,8.0,109114.0,5,5,5,15.0,Champions
C01505,2025-07-06,Male,39.0,Ranchi,Jharkhand,Paid Ads,13.0,7.0,21640.0,5,4,3,12.0,Loyal Customers
C01942,2026-03-12,Female,40.0,Thiruvananthapuram,Kerala,Social Media,95.0,1.0,3478.0,3,1,1,5.0,Lost
C03134,2025-11-18,Male,37.0,Hyderabad,Telangana,Organic Search,56.0,5.0,48606.0,3,4,5,12.0,Loyal Customers
C04913,2026-03-29,Female,35.0,Thiruvananthapuram,Kerala,Organic Search,,,,,,,,No Completed Purchase
C03946,2025-06-05,Male,41.0,Nagpur,Maharashtra,Paid Ads,73.0,1.0,3298.0,3,1,1,5.0,Lost
C00151,2025-06-17,Female,35.0,Faridabad,Haryana,Organic Search,310.0,2.0,1478.0,1,2,1,4.0,Lost
C03166,2025-01-19,Female,23.0,Kochi,Kerala,Social Media,427.0,1.0,1829.0,1,1,1,3.0,Lost
C04590,2024-12-09,Female,22.0,Guwahati,Assam,Email,174.0,6.0,70516.0,2,4,5,11.0,At Risk
C02705,2026-01-21,Female,20.0,Kochi,Kerala,Paid Ads,108.0,5.0,40107.0,3,4,4,11.0,Loyal Customers
C01483,2024-04-12,Male,33.0,Bhubaneswar,Odisha,Email,14.0,1.0,1649.0,5,1,1,7.0,Potential Loyalists
C00089,2025-05-23,Female,23.0,Pune,Maharashtra,Social Media,100.0,7.0,31326.0,3,4,4,11.0,Loyal Customers
C00458,2025-05-07,Male,23.0,Patna,Bihar,Paid Ads,69.0,1.0,1259.0,3,1,1,5.0,Lost
C02419,2025-01-30,Male,41.0,Faridabad,Haryana,Social Media,97.0,3.0,29289.0,3,3,4,10.0,Loyal Customers
C02944,2026-07-05,Male,42.0,Udaipur,Rajasthan,Organic Search,21.0,2.0,1628.0,5,2,1,8.0,Potential Loyalists
C03289,2026-03-04,Male,18.0,Kolkata,West Bengal,Organic Search,55.0,4.0,25879.0,3,3,4,10.0,Loyal Customers
C03246,2024-06-17,Female,24.0,Udaipur,Rajasthan,Organic Search,20.0,17.0,61171.0,5,5,5,15.0,Champions
C02019,2025-09-05,Other,20.0,Guwahati,Assam,Organic Search,115.0,4.0,22818.0,3,3,3,9.0,Loyal Customers
C01673,2025-11-06,Female,37.0,Lucknow,Uttar Pradesh,Paid Ads,138.0,4.0,16822.0,2,3,3,8.0,At Risk
C03668,2024-06-15,Female,44.0,Kochi,Kerala,Organic Search,83.0,2.0,13322.0,3,2,3,8.0,Lost
C00832,2025-08-20,Female,37.0,Chennai,Tamil Nadu,Referral,260.0,5.0,36588.0,1,4,4,9.0,At Risk
C00240,2025-10-23,Male,18.0,Vijayawada,Andhra Pradesh,Social Media,10.0,3.0,10953.0,5,2,2,9.0,Potential Loyalists
C04694,2026-01-10,Other,18.0,Kanpur,Uttar Pradesh,Social Media,171.0,10.0,31864.0,2,5,4,11.0,At Risk
C01000,2026-01-09,Male,42.0,Ranchi,Jharkhand,Social Media,2.0,8.0,24408.0,5,5,4,14.0,Champions
C02593,2025-07-07,Female,29.0,Kolkata,West Bengal,Organic Search,8.0,17.0,269996.0,5,5,5,15.0,Champions
C02400,2025-12-19,Male,35.0,Pune,Maharashtra,Paid Ads,223.0,3.0,10105.0,1,3,2,6.0,At Risk
C04288,2024-09-29,Male,21.0,Nagpur,Maharashtra,Organic Search,36.0,7.0,19166.0,4,4,3,11.0,Loyal Customers
C01254,2025-08-30,Female,38.0,Thiruvananthapuram,Kerala,Paid Ads,327.0,9.0,26396.0,1,5,4,10.0,At Risk
C00193,2026-07-14,Male,40.0,Kochi,Kerala,Organic Search,27.0,8.0,35634.0,5,4,4,13.0,Champions
C03629,2025-12-03,Female,22.0,Ahmedabad,Gujarat,Organic Search,38.0,7.0,52687.0,4,4,5,13.0,Champions
C03765,2025-04-30,Female,34.0,Gurugram,Haryana,Organic Search,451.0,1.0,3628.0,1,1,1,3.0,Lost
C03865,2026-05-26,Male,32.0,Coimbatore,Tamil Nadu,Organic Search,72.0,14.0,85175.0,3,5,5,13.0,Loyal Customers
C00945,2026-07-01,Female,18.0,Pune,Unknown,Organic Search,95.0,6.0,15407.0,3,4,3,10.0,Loyal Customers
C04193,2026-05-19,Female,24.0,Udaipur,Rajasthan,Paid Ads,47.0,4.0,28287.0,4,3,4,11.0,Loyal Customers
C03795,2024-06-22,Male,40.0,Chandigarh,Chandigarh,Paid Ads,6.0,7.0,27254.0,5,4,4,13.0,Champions
C04243,2024-08-16,Male,33.0,Kanpur,Uttar Pradesh,Social Media,30.0,4.0,16193.0,4,3,3,10.0,Loyal Customers
C04900,2025-04-30,Female,32.0,Kolkata,West Bengal,Paid Ads,293.0,4.0,39655.0,1,3,4,8.0,At Risk
C04437,2024-05-31,Female,25.0,Pune,Maharashtra,Paid Ads,271.0,3.0,15090.0,1,3,3,7.0,At Risk
C03037,2026-03-09,Female,23.0,Faridabad,Haryana,Social Media,0.0,2.0,14075.0,5,2,3,10.0,Potential Loyalists
C02575,2025-10-10,Male,24.0,Guwahati,Assam,Paid Ads,138.0,13.0,35918.0,2,5,4,11.0,At Risk
C04153,2025-03-14,Female,42.0,Faridabad,Haryana,Social Media,92.0,4.0,11354.0,3,3,2,8.0,Loyal Customers
C04129,2025-05-26,Male,38.0,Nagpur,Maharashtra,Paid Ads,23.0,2.0,1028.0,5,2,1,8.0,Potential Loyalists
C03674,2025-09-02,Unknown,37.0,Coimbatore,Tamil Nadu,Email,9.0,5.0,34910.0,5,4,4,13.0,Champions
C04205,2025-07-13,Female,22.0,Pune,Maharashtra,Social Media,,,,,,,,No Completed Purchase
C01376,2025-11-29,Male,31.0,Kochi,Kerala,Referral,51.0,7.0,59867.0,4,4,5,13.0,Champions
C04596,2025-06-26,Male,35.0,Gurugram,Haryana,Organic Search,211.0,5.0,30275.0,1,4,4,9.0,At Risk
C02989,2025-06-27,Male,30.0,Guwahati,Assam,Organic Search,36.0,7.0,20637.0,4,4,3,11.0,Loyal Customers
C02145,2025-12-28,Male,18.0,Faridabad,Haryana,Paid Ads,242.0,1.0,2479.0,1,1,1,3.0,Lost
C04554,2026-04-07,Male,18.0,Noida,Uttar Pradesh,Email,57.0,1.0,6928.0,3,1,2,6.0,Lost
C02532,2026-06-13,Male,28.0,Vijayawada,Andhra Pradesh,Organic Search,7.0,7.0,22699.0,5,4,3,12.0,Loyal Customers
C04929,2025-01-22,Female,30.0,Guwahati,Assam,Paid Ads,360.0,4.0,31884.0,1,3,4,8.0,At Risk
C00192,2025-09-25,Male,22.0,Thiruvananthapuram,Kerala,Email,157.0,11.0,72453.0,2,5,5,12.0,At Risk
C01490,2025-10-05,Male,32.0,Hyderabad,Telangana,Social Media,314.0,1.0,3189.0,1,1,1,3.0,Lost
C04975,2026-01-21,Male,28.0,Hyderabad,Telangana,Social Media,40.0,1.0,4218.0,4,2,1,7.0,Potential Loyalists
C02474,2026-04-14,Male,40.0,Udaipur,Rajasthan,Paid Ads,53.0,1.0,4798.0,4,1,1,6.0,Potential Loyalists
C02727,2026-03-27,Female,29.0,Ahmedabad,Gujarat,Referral,,,,,,,,No Completed Purchase
C01216,2024-06-14,Male,30.0,Hyderabad,Telangana,Organic Search,11.0,5.0,59261.0,5,4,5,14.0,Champions
C04188,2026-06-10,Male,43.0,Nagpur,Maharashtra,Social Media,68.0,6.0,20267.0,3,4,3,10.0,Loyal Customers
C04528,2025-07-02,Female,31.0,Udaipur,Rajasthan,Organic Search,184.0,4.0,10273.0,2,3,2,7.0,At Risk
C02881,2025-08-01,Male,42.0,Faridabad,Haryana,Social Media,59.0,4.0,36106.0,3,3,4,10.0,Loyal Customers
C03666,2025-09-18,Female,52.0,Kolkata,West Bengal,Organic Search,331.0,2.0,12124.0,1,2,2,5.0,Lost
C01104,2024-10-31,Male,31.0,Hyderabad,Telangana,Paid Ads,553.0,5.0,11303.0,1,4,2,7.0,At Risk
C03498,2025-10-09,Male,43.0,Nagpur,Maharashtra,Paid Ads,5.0,4.0,34755.0,5,3,4,12.0,Loyal Customers
C03997,2026-03-30,Male,35.0,Pune,Maharashtra,Paid Ads,12.0,6.0,20371.0,5,4,3,12.0,Loyal Customers
C01666,2025-11-09,Unknown,30.0,Faridabad,Haryana,Referral,69.0,1.0,4848.0,3,1,1,5.0,Lost
C00167,2026-03-28,Male,27.0,Bengaluru,Karnataka,Social Media,44.0,2.0,19734.0,4,2,3,9.0,Potential Loyalists
C01617,2024-04-06,Male,34.0,Ahmedabad,Gujarat,Paid Ads,595.0,1.0,2996.0,1,1,1,3.0,Lost
C01372,2025-12-07,Female,25.0,Bhopal,Madhya Pradesh,Email,49.0,6.0,28438.0,4,4,4,12.0,Champions
C01025,2024-09-06,Female,38.0,Indore,Madhya Pradesh,Social Media,1.0,1.0,5328.0,5,1,1,7.0,Potential Loyalists
C01339,2024-11-11,Male,31.0,Mysuru,Karnataka,Referral,389.0,2.0,17500.0,1,2,3,6.0,Lost
C03575,2026-01-05,Female,43.0,Thiruvananthapuram,Kerala,Organic Search,43.0,8.0,25948.0,4,5,4,13.0,Champions
C04037,2024-12-12,Female,40.0,Mysuru,Karnataka,Paid Ads,48.0,2.0,31118.0,4,2,4,10.0,Potential Loyalists
C01850,2025-12-07,Male,37.0,Mumbai,Maharashtra,Organic Search,243.0,1.0,2479.0,1,1,1,3.0,Lost
C04823,2026-03-18,Female,36.0,Noida,Uttar Pradesh,Organic Search,,,,,,,,No Completed Purchase
C04151,2026-05-20,Male,18.0,Guwahati,Assam,Paid Ads,9.0,1.0,2078.0,5,1,1,7.0,Potential Loyalists
C02979,2026-02-09,Female,46.0,Hyderabad,Telangana,Paid Ads,127.0,9.0,44891.0,2,5,5,12.0,At Risk
C00153,2025-09-09,Female,37.0,Bhopal,Madhya Pradesh,Social Media,36.0,2.0,4116.0,4,2,1,7.0,Potential Loyalists
C02553,2024-08-15,Female,39.0,Kolkata,West Bengal,Social Media,291.0,6.0,17919.0,1,4,3,8.0,At Risk
C04701,2025-12-16,Male,37.0,Chandigarh,Chandigarh,Referral,12.0,4.0,16591.0,5,3,3,11.0,Loyal Customers
C03130,2025-04-19,Female,37.0,Bhopal,Madhya Pradesh,Referral,53.0,4.0,12303.0,4,3,2,9.0,Loyal Customers
C03895,2026-03-15,Female,42.0,Coimbatore,Tamil Nadu,Paid Ads,41.0,5.0,50735.0,4,4,5,13.0,Champions
C04236,2025-08-13,Male,30.0,Coimbatore,Tamil Nadu,Social Media,312.0,11.0,48789.0,1,5,5,11.0,At Risk
C04769,2026-06-05,Male,36.0,Jaipur,Rajasthan,Social Media,37.0,1.0,6967.0,4,2,2,8.0,Potential Loyalists
C02882,2024-07-26,Male,30.0,Lucknow,Uttar Pradesh,Organic Search,170.0,3.0,8285.0,2,3,2,7.0,At Risk
C04115,2026-03-29,Female,23.0,Lucknow,Uttar Pradesh,Social Media,27.0,4.0,15321.0,5,3,3,11.0,Loyal Customers
C04835,2025-06-01,Female,51.0,Bengaluru,Karnataka,Social Media,109.0,4.0,9015.0,3,3,2,8.0,Loyal Customers
C02888,2025-07-23,Female,31.0,Kochi,Kerala,Social Media,391.0,6.0,22120.0,1,4,3,8.0,At Risk
C01863,2024-09-11,Female,39.0,Ahmedabad,Gujarat,Organic Search,163.0,1.0,17473.0,2,1,3,6.0,Lost
C00032,2025-12-15,Female,45.0,Kochi,Kerala,Paid Ads,21.0,3.0,22819.0,5,2,3,10.0,Potential Loyalists
C00938,2026-06-01,Male,48.0,Ahmedabad,Gujarat,Paid Ads,47.0,3.0,38710.0,4,2,4,10.0,Potential Loyalists
C01236,2026-04-18,Male,26.0,Chennai,Tamil Nadu,Email,93.0,4.0,45497.0,3,3,5,11.0,Loyal Customers
C01967,2025-01-04,Female,26.0,Ahmedabad,Gujarat,Social Media,49.0,9.0,23266.0,4,5,4,13.0,Champions
C02345,2025-12-09,Male,33.0,Nagpur,Maharashtra,Organic Search,18.0,1.0,10653.0,5,1,2,8.0,Potential Loyalists
C00310,2025-10-09,Female,21.0,Thiruvananthapuram,Kerala,Organic Search,28.0,2.0,14661.0,4,2,3,9.0,Potential Loyalists
C02472,2025-03-12,Male,57.0,Udaipur,Rajasthan,Paid Ads,515.0,5.0,25570.0,1,4,4,9.0,At Risk
C03320,2025-10-06,Male,30.0,Kolkata,West Bengal,Organic Search,163.0,5.0,31428.0,2,4,4,10.0,At Risk
C03132,2025-02-27,Other,37.0,Ahmedabad,Gujarat,Paid Ads,37.0,12.0,47955.0,4,5,5,14.0,Champions
C04372,2024-12-04,Male,18.0,Kochi,Kerala,Email,606.0,6.0,12640.0,1,4,2,7.0,At Risk
C00496,2025-11-26,Female,41.0,Mumbai,Maharashtra,Paid Ads,184.0,1.0,1528.0,2,1,1,4.0,Lost
C00206,2025-08-01,Female,31.0,Surat,Gujarat,Referral,42.0,1.0,8618.0,4,1,2,7.0,Potential Loyalists
C02907,2025-09-07,Male,31.0,Patna,Bihar,Paid Ads,85.0,12.0,71514.0,3,5,5,13.0,Loyal Customers
C03376,2025-08-11,Female,27.0,Chennai,Tamil Nadu,Social Media,120.0,2.0,11965.0,2,2,2,6.0,Lost
C04557,2025-12-19,Female,18.0,Visakhapatnam,Unknown,Paid Ads,63.0,1.0,4438.0,3,1,1,5.0,Lost
C00306,2025-09-04,Female,29.0,Ahmedabad,Gujarat,Paid Ads,223.0,4.0,23004.0,1,3,4,8.0,At Risk
C03815,2025-08-20,Female,26.0,Ahmedabad,Gujarat,Paid Ads,320.0,7.0,85182.0,1,4,5,10.0,At Risk
C02352,2025-11-25,Male,31.0,Noida,Uttar Pradesh,Referral,42.0,7.0,67940.0,4,4,5,13.0,Champions
C01062,2024-05-08,Female,34.0,Thiruvananthapuram,Kerala,Paid Ads,16.0,12.0,26033.0,5,5,4,14.0,Champions
C00844,2026-07-05,Female,33.0,Gurugram,Haryana,Organic Search,53.0,1.0,5106.0,4,1,1,6.0,Potential Loyalists
C04911,2025-01-09,Male,18.0,Gurugram,Unknown,Paid Ads,105.0,5.0,14214.0,3,4,3,10.0,Loyal Customers
C02269,2025-12-14,Female,44.0,Ranchi,Jharkhand,Paid Ads,191.0,1.0,3968.0,2,1,1,4.0,Lost
C00212,2024-05-16,Female,34.0,Jaipur,Rajasthan,Referral,10.0,1.0,1829.0,5,1,1,7.0,Potential Loyalists
C04680,2025-03-20,Male,29.0,Nagpur,Unknown,Paid Ads,8.0,2.0,31906.0,5,2,4,11.0,Potential Loyalists
C00680,2024-12-27,Male,30.0,Nagpur,Maharashtra,Paid Ads,74.0,4.0,9914.0,3,3,2,8.0,Loyal Customers
C00566,2024-09-25,Female,35.0,Chennai,Tamil Nadu,Paid Ads,30.0,7.0,31474.0,4,4,4,12.0,Champions
C01790,2024-10-24,Male,41.0,Bengaluru,Karnataka,Paid Ads,59.0,4.0,20881.0,3,3,3,9.0,Loyal Customers
C04094,2026-01-20,Other,29.0,Kanpur,Uttar Pradesh,Social Media,101.0,7.0,44858.0,3,4,5,12.0,Loyal Customers
C00681,2025-12-22,Male,31.0,Bhopal,Madhya Pradesh,Social Media,40.0,4.0,45072.0,4,3,5,12.0,Loyal Customers
C00181,2025-10-23,Male,31.0,Mysuru,Karnataka,Social Media,247.0,1.0,4168.0,1,1,1,3.0,Lost
C02679,2025-10-15,Male,30.0,Ranchi,Jharkhand,Social Media,25.0,1.0,5065.0,5,1,1,7.0,Potential Loyalists
C04426,2024-11-11,Female,54.0,Thiruvananthapuram,Kerala,Email,95.0,3.0,3336.0,3,3,1,7.0,Loyal Customers
C02334,2024-07-30,Male,42.0,Patna,Bihar,Paid Ads,573.0,1.0,3797.0,1,1,1,3.0,Lost
C04480,2025-07-18,Male,28.0,Kanpur,Uttar Pradesh,Paid Ads,333.0,16.0,54243.0,1,5,5,11.0,At Risk
C00279,2024-11-28,Female,25.0,Vijayawada,Andhra Pradesh,Social Media,251.0,1.0,7267.0,1,1,2,4.0,Lost
C01130,2024-08-29,Female,34.0,Ranchi,Jharkhand,Paid Ads,348.0,6.0,15140.0,1,4,3,8.0,At Risk
C03444,2024-10-10,Male,32.0,Visakhapatnam,Andhra Pradesh,Social Media,529.0,2.0,33544.0,1,2,4,7.0,Lost
C00433,2025-08-27,Male,42.0,Surat,Gujarat,Email,11.0,4.0,10883.0,5,3,2,10.0,Loyal Customers
C00290,2025-02-28,Male,21.0,Indore,Madhya Pradesh,Organic Search,281.0,1.0,8365.0,1,1,2,4.0,Lost
C01028,2024-10-14,Male,18.0,Ahmedabad,Gujarat,Organic Search,59.0,6.0,40038.0,3,4,4,11.0,Loyal Customers
C00536,2026-04-29,Female,38.0,Thiruvananthapuram,Kerala,Paid Ads,95.0,12.0,80070.0,3,5,5,13.0,Loyal Customers
C04284,2026-05-31,Female,21.0,Coimbatore,Tamil Nadu,Email,48.0,1.0,2519.0,4,1,1,6.0,Potential Loyalists
C00189,2025-09-08,Male,29.0,Hyderabad,Telangana,Paid Ads,245.0,5.0,18752.0,1,4,3,8.0,At Risk
C02192,2025-02-02,Female,33.0,Patna,Bihar,Paid Ads,91.0,8.0,31195.0,3,5,4,12.0,Loyal Customers
C03937,2025-05-04,Female,25.0,Visakhapatnam,Andhra Pradesh,Paid Ads,11.0,8.0,19668.0,5,5,3,13.0,Loyal Customers
C01938,2026-02-20,Female,36.0,Chandigarh,Chandigarh,Paid Ads,113.0,4.0,31817.0,3,3,4,10.0,Loyal Customers
C00271,2024-08-14,Male,35.0,Chandigarh,Chandigarh,Organic Search,78.0,1.0,14072.0,3,1,3,7.0,Lost
C02227,2025-06-27,Male,18.0,Kolkata,Unknown,Organic Search,48.0,3.0,5126.0,4,2,1,7.0,Potential Loyalists
C04097,2026-03-06,Male,28.0,Pune,Maharashtra,Social Media,148.0,7.0,16718.0,2,4,3,9.0,At Risk
C02175,2024-11-06,Other,36.0,Kolkata,West Bengal,Referral,9.0,3.0,53119.0,5,2,5,12.0,Potential Loyalists
C03717,2025-07-08,Female,18.0,Mysuru,Karnataka,Social Media,38.0,8.0,30294.0,4,5,4,13.0,Champions
C00112,2025-06-26,Female,19.0,Delhi,Delhi,Social Media,336.0,6.0,12933.0,1,4,2,7.0,At Risk
C04704,2025-03-13,Male,33.0,Thiruvananthapuram,Kerala,Organic Search,14.0,1.0,8245.0,5,2,2,9.0,Potential Loyalists
C00221,2026-02-08,Female,46.0,Kolkata,West Bengal,Organic Search,186.0,2.0,7955.0,2,2,2,6.0,Lost
C00628,2025-06-25,Female,27.0,Gurugram,Haryana,Organic Search,107.0,4.0,8954.0,3,3,2,8.0,Loyal Customers
C01484,2026-05-04,Female,29.0,Kochi,Kerala,Paid Ads,64.0,10.0,139434.0,3,5,5,13.0,Loyal Customers
C04387,2025-10-01,Female,18.0,Indore,Madhya Pradesh,Referral,,,,,,,,No Completed Purchase
C02440,2025-01-28,Male,22.0,Kanpur,Uttar Pradesh,Paid Ads,552.0,1.0,6638.0,1,1,2,4.0,Lost
C00791,2025-08-08,Male,47.0,Bengaluru,Karnataka,Referral,44.0,7.0,20449.0,4,4,3,11.0,Loyal Customers
C02006,2026-06-21,Female,30.0,Bhubaneswar,Odisha,Organic Search,34.0,5.0,42434.0,4,4,5,13.0,Champions
C00462,2025-11-28,Female,42.0,Faridabad,Haryana,Referral,189.0,7.0,27317.0,2,4,4,10.0,At Risk
C04415,2026-01-05,Female,24.0,Ahmedabad,Gujarat,Paid Ads,12.0,17.0,211863.0,5,5,5,15.0,Champions
C00552,2025-10-29,Female,28.0,Gurugram,Haryana,Paid Ads,280.0,1.0,4868.0,1,1,1,3.0,Lost
C01159,2025-07-11,Male,50.0,Coimbatore,Tamil Nadu,Email,27.0,4.0,9774.0,5,3,2,10.0,Loyal Customers
C01176,2025-11-22,Male,35.0,Udaipur,Rajasthan,Organic Search,207.0,6.0,16010.0,2,4,3,9.0,At Risk
C00199,2026-01-11,Female,25.0,Kochi,Kerala,Social Media,209.0,4.0,10712.0,2,3,2,7.0,At Risk
C02608,2026-04-02,Other,35.0,Udaipur,Rajasthan,Social Media,28.0,2.0,12351.0,4,2,2,8.0,Potential Loyalists
C03468,2024-12-27,Unknown,46.0,Kolkata,West Bengal,Email,18.0,4.0,21700.0,5,3,3,11.0,Loyal Customers
C00403,2025-04-10,Female,25.0,Kochi,Kerala,Social Media,452.0,2.0,6612.0,1,2,2,5.0,Lost
C04111,2025-04-09,Male,30.0,Pune,Maharashtra,Organic Search,50.0,6.0,22658.0,4,4,3,11.0,Loyal Customers
C02154,2025-08-03,Male,33.0,Mumbai,Maharashtra,Paid Ads,130.0,7.0,97983.0,2,4,5,11.0,At Risk
C04776,2026-02-19,Female,41.0,Kochi,Kerala,Paid Ads,,,,,,,,No Completed Purchase
C04950,2026-04-16,Female,27.0,Mysuru,Karnataka,Organic Search,92.0,3.0,30940.0,3,3,4,10.0,Loyal Customers
C03290,2026-03-31,Female,32.0,Jaipur,Rajasthan,Organic Search,2.0,3.0,13741.0,5,3,3,11.0,Loyal Customers
C04922,2025-05-31,Male,27.0,Pune,Maharashtra,Organic Search,167.0,2.0,11815.0,2,2,2,6.0,Lost
C00651,2025-05-05,Male,24.0,Hyderabad,Telangana,Referral,299.0,4.0,7314.0,1,3,2,6.0,At Risk
C00709,2024-06-02,Female,26.0,Coimbatore,Tamil Nadu,Organic Search,579.0,1.0,2678.0,1,1,1,3.0,Lost
C01504,2024-12-14,Female,44.0,Coimbatore,Tamil Nadu,Social Media,45.0,15.0,45486.0,4,5,5,14.0,Champions
C01731,2025-07-23,Male,34.0,Delhi,Delhi,Referral,228.0,3.0,11364.0,1,2,2,5.0,Lost
C04974,2025-07-14,Male,24.0,Hyderabad,Telangana,Paid Ads,50.0,1.0,6418.0,4,2,1,7.0,Potential Loyalists
C04509,2025-09-25,Male,29.0,Kochi,Kerala,Referral,210.0,4.0,17369.0,2,3,3,8.0,At Risk
C03593,2026-06-04,Male,36.0,Nagpur,Maharashtra,Paid Ads,46.0,15.0,111887.0,4,5,5,14.0,Champions
C00315,2025-05-01,Female,28.0,Delhi,Delhi,Organic Search,20.0,1.0,17034.0,5,1,3,9.0,Potential Loyalists
C01222,2024-07-20,Female,50.0,Pune,Maharashtra,Organic Search,27.0,5.0,14122.0,5,4,3,12.0,Loyal Customers
C04487,2025-07-11,Male,31.0,Chennai,Tamil Nadu,Paid Ads,392.0,2.0,4336.0,1,2,1,4.0,Lost
C00114,2026-03-30,Male,41.0,Pune,Maharashtra,Paid Ads,,,,,,,,No Completed Purchase
C00961,2024-08-06,Male,33.0,Hyderabad,Telangana,Organic Search,374.0,1.0,11366.0,1,1,2,4.0,Lost
C04259,2026-03-20,Female,19.0,Surat,Gujarat,Paid Ads,109.0,8.0,20067.0,3,5,3,11.0,Loyal Customers
C02275,2025-07-12,Female,23.0,Nagpur,Unknown,Organic Search,254.0,2.0,22235.0,1,2,3,6.0,Lost
C04424,2025-06-29,Male,18.0,Patna,Bihar,Organic Search,36.0,14.0,67636.0,4,5,5,14.0,Champions
C03341,2025-10-31,Male,31.0,Surat,Gujarat,Referral,2.0,4.0,26897.0,5,3,4,12.0,Loyal Customers
C03299,2024-07-20,Female,30.0,Ranchi,Jharkhand,Email,6.0,5.0,17953.0,5,4,3,12.0,Loyal Customers
C03849,2025-09-06,Male,36.0,Visakhapatnam,Andhra Pradesh,Organic Search,44.0,4.0,30964.0,4,3,4,11.0,Loyal Customers
C04384,2025-03-23,Female,19.0,Kolkata,West Bengal,Organic Search,126.0,2.0,4247.0,2,2,1,5.0,Lost
C02573,2025-04-18,Male,28.0,Kolkata,West Bengal,Referral,128.0,2.0,6206.0,2,2,1,5.0,Lost
C04065,2025-08-07,Female,18.0,Vijayawada,Andhra Pradesh,Referral,48.0,4.0,26857.0,4,3,4,11.0,Loyal Customers
C04541,2024-11-07,Female,43.0,Guwahati,Assam,Email,171.0,5.0,26507.0,2,4,4,10.0,At Risk
C01840,2025-08-24,Male,34.0,Kolkata,West Bengal,Paid Ads,0.0,1.0,7096.0,5,1,2,8.0,Potential Loyalists
C03154,2025-03-30,Male,32.0,Thiruvananthapuram,Kerala,Paid Ads,3.0,1.0,3987.0,5,1,1,7.0,Potential Loyalists
C02229,2025-03-18,Male,35.0,Delhi,Delhi,Social Media,101.0,4.0,10325.0,3,3,2,8.0,Loyal Customers
C04055,2025-05-23,Male,40.0,Faridabad,Haryana,Organic Search,51.0,4.0,16631.0,4,3,3,10.0,Loyal Customers
C02016,2025-03-09,Female,30.0,Delhi,Delhi,Paid Ads,238.0,3.0,43413.0,1,2,5,8.0,Lost
C04332,2026-06-20,Male,20.0,Chennai,Tamil Nadu,Organic Search,49.0,6.0,8781.0,4,4,2,10.0,Loyal Customers
C03035,2025-10-22,Female,51.0,Coimbatore,Tamil Nadu,Social Media,6.0,1.0,339.0,5,1,1,7.0,Potential Loyalists
C04146,2025-09-13,Male,32.0,Delhi,Delhi,Paid Ads,,,,,,,,No Completed Purchase
C01841,2024-12-19,Male,29.0,Delhi,Delhi,Organic Search,50.0,6.0,41708.0,4,4,4,12.0,Champions
C01593,2025-06-29,Female,21.0,Ranchi,Jharkhand,Social Media,51.0,11.0,28241.0,4,5,4,13.0,Champions
C02880,2025-01-03,Male,31.0,Pune,Maharashtra,Organic Search,16.0,2.0,7207.0,5,2,2,9.0,Potential Loyalists
C04741,2026-03-17,Female,31.0,Ahmedabad,Unknown,Organic Search,75.0,3.0,28369.0,3,3,4,10.0,Loyal Customers
C04601,2024-05-23,Male,28.0,Nagpur,Maharashtra,Organic Search,,,,,,,,No Completed Purchase
C03228,2024-07-13,Male,28.0,Udaipur,Rajasthan,Referral,332.0,3.0,13083.0,1,3,3,7.0,At Risk
C01653,2026-07-20,Female,33.0,Hyderabad,Telangana,Paid Ads,32.0,5.0,13562.0,4,4,3,11.0,Loyal Customers
C00790,2025-12-03,Female,37.0,Mysuru,Karnataka,Paid Ads,239.0,4.0,60810.0,1,3,5,9.0,At Risk
C02283,2026-04-17,Other,38.0,Pune,Maharashtra,Referral,12.0,7.0,33936.0,5,4,4,13.0,Champions
C02218,2026-05-12,Female,18.0,Vijayawada,Andhra Pradesh,Paid Ads,14.0,2.0,9565.0,5,2,2,9.0,Potential Loyalists
C03740,2025-08-22,Male,34.0,Bhopal,Madhya Pradesh,Social Media,132.0,3.0,23554.0,2,3,4,9.0,At Risk
C00872,2026-03-03,Other,38.0,Gurugram,Haryana,Email,58.0,2.0,18739.0,3,2,3,8.0,Lost
C04890,2025-03-21,Male,20.0,Kanpur,Uttar Pradesh,Paid Ads,456.0,1.0,12976.0,1,2,3,6.0,Lost
C02125,2025-02-16,Female,48.0,Ranchi,Jharkhand,Social Media,140.0,4.0,10964.0,2,3,2,7.0,At Risk
C03241,2024-07-24,Female,23.0,Gurugram,Haryana,Organic Search,143.0,4.0,42021.0,2,3,5,10.0,At Risk
C00074,2025-02-07,Female,18.0,Kanpur,Uttar Pradesh,Organic Search,204.0,4.0,13502.0,2,3,3,8.0,At Risk
C01780,2025-04-26,Female,18.0,Bhubaneswar,Odisha,Organic Search,43.0,1.0,2028.0,4,1,1,6.0,Potential Loyalists
C01770,2025-05-03,Unknown,24.0,Ahmedabad,Gujarat,Referral,386.0,1.0,2788.0,1,1,1,3.0,Lost
C04881,2025-10-15,Female,39.0,Ahmedabad,Gujarat,Referral,196.0,14.0,50383.0,2,5,5,12.0,At Risk
C03028,2026-03-15,Other,26.0,Kochi,Kerala,Email,63.0,8.0,45181.0,3,5,5,13.0,Loyal Customers
C04337,2025-06-20,Male,36.0,Coimbatore,Tamil Nadu,Social Media,19.0,8.0,52628.0,5,5,5,15.0,Champions
C04588,2025-03-05,Male,19.0,Visakhapatnam,Andhra Pradesh,Paid Ads,51.0,13.0,92959.0,4,5,5,14.0,Champions
C03831,2026-02-20,Female,46.0,Mumbai,Maharashtra,Social Media,27.0,4.0,7575.0,5,3,2,10.0,Loyal Customers
C04334,2025-09-26,Male,39.0,Nagpur,Maharashtra,Email,,,,,,,,No Completed Purchase
C02903,2025-04-14,Female,33.0,Ahmedabad,Gujarat,Organic Search,161.0,4.0,12063.0,2,3,2,7.0,At Risk
C01752,2025-04-27,Female,29.0,Jaipur,Rajasthan,Paid Ads,215.0,4.0,7895.0,1,3,2,6.0,At Risk
C00495,2026-01-20,Female,34.0,Patna,Bihar,Organic Search,85.0,1.0,279.0,3,1,1,5.0,Lost
C03149,2025-04-02,Male,40.0,Hyderabad,Telangana,Paid Ads,40.0,4.0,20949.0,4,3,3,10.0,Loyal Customers
C04095,2024-10-30,Male,27.0,Kanpur,Uttar Pradesh,Social Media,593.0,4.0,6884.0,1,3,2,6.0,At Risk
C02118,2024-09-19,Male,22.0,Thiruvananthapuram,Kerala,Social Media,37.0,14.0,77929.0,4,5,5,14.0,Champions
C01165,2026-05-29,Female,38.0,Patna,Bihar,Organic Search,83.0,1.0,3568.0,3,1,1,5.0,Lost
C02310,2025-01-14,Female,28.0,Noida,Uttar Pradesh,Social Media,64.0,15.0,50126.0,3,5,5,13.0,Loyal Customers
C03928,2025-03-11,Male,52.0,Ahmedabad,Gujarat,Organic Search,61.0,5.0,46464.0,3,4,5,12.0,Loyal Customers
C02597,2025-02-18,Male,39.0,Coimbatore,Tamil Nadu,Organic Search,137.0,1.0,4358.0,2,1,1,4.0,Lost
C02487,2024-09-30,Male,36.0,Kochi,Kerala,Social Media,254.0,1.0,1977.0,1,1,1,3.0,Lost
C01729,2025-03-27,Female,43.0,Faridabad,Haryana,Organic Search,234.0,4.0,28726.0,1,3,4,8.0,At Risk
C00619,2025-09-17,Female,20.0,Thiruvananthapuram,Kerala,Organic Search,,,,,,,,No Completed Purchase
C02463,2025-11-22,Female,45.0,Bhubaneswar,Odisha,Organic Search,11.0,7.0,43563.0,5,4,5,14.0,Champions
C01715,2025-11-13,Male,22.0,Noida,Uttar Pradesh,Organic Search,200.0,4.0,13313.0,2,3,3,8.0,At Risk
C04645,2026-03-12,Female,19.0,Delhi,Delhi,Organic Search,168.0,13.0,39750.0,2,5,4,11.0,At Risk
C03675,2025-06-09,Female,27.0,Coimbatore,Tamil Nadu,Social Media,,,,,,,,No Completed Purchase
C03424,2025-06-29,Female,18.0,Jaipur,Rajasthan,Organic Search,138.0,3.0,11184.0,2,3,2,7.0,At Risk
C03429,2026-02-17,Male,27.0,Patna,Bihar,Paid Ads,58.0,2.0,4057.0,3,2,1,6.0,Lost
C00870,2025-08-16,Female,32.0,Coimbatore,Tamil Nadu,Organic Search,15.0,2.0,23668.0,5,2,4,11.0,Potential Loyalists
C03594,2025-08-10,Male,21.0,Chennai,Tamil Nadu,Organic Search,224.0,9.0,119931.0,1,5,5,11.0,At Risk
C01043,2026-05-01,Male,47.0,Pune,Maharashtra,Social Media,59.0,4.0,19729.0,3,3,3,9.0,Loyal Customers
C02649,2024-12-07,Male,39.0,Mysuru,Unknown,Organic Search,19.0,9.0,37090.0,5,5,4,14.0,Champions
C00357,2025-04-16,Female,29.0,Kolkata,West Bengal,Organic Search,51.0,16.0,50631.0,4,5,5,14.0,Champions
C01163,2024-12-14,Female,41.0,Hyderabad,Telangana,Social Media,586.0,7.0,36974.0,1,4,4,9.0,At Risk
C04452,2026-06-15,Male,34.0,Chennai,Tamil Nadu,Organic Search,26.0,3.0,16934.0,5,3,3,11.0,Loyal Customers
C01323,2025-03-10,Female,33.0,Guwahati,Assam,Social Media,82.0,4.0,25740.0,3,3,4,10.0,Loyal Customers
C04394,2025-09-09,Female,24.0,Pune,Maharashtra,Organic Search,54.0,4.0,13982.0,4,3,3,10.0,Loyal Customers
C01724,2026-03-13,Male,30.0,Chandigarh,Chandigarh,Social Media,122.0,9.0,33530.0,2,5,4,11.0,At Risk
C02603,2025-09-09,Male,18.0,Udaipur,Rajasthan,Organic Search,93.0,7.0,33346.0,3,4,4,11.0,Loyal Customers
C03566,2025-09-15,Male,21.0,Kanpur,Uttar Pradesh,Referral,261.0,10.0,28654.0,1,5,4,10.0,At Risk
C03661,2024-11-26,Female,19.0,Mumbai,Maharashtra,Social Media,56.0,10.0,32965.0,3,5,4,12.0,Loyal Customers
C03981,2026-05-15,Male,18.0,Coimbatore,Tamil Nadu,Referral,60.0,7.0,43894.0,3,4,5,12.0,Loyal Customers
C03843,2025-06-14,Unknown,18.0,Ranchi,Jharkhand,Organic Search,420.0,1.0,11925.0,1,1,2,4.0,Lost
C00333,2026-06-10,Female,18.0,Faridabad,Haryana,Social Media,44.0,7.0,20938.0,4,4,3,11.0,Loyal Customers
C01816,2026-07-06,Male,33.0,Udaipur,Rajasthan,Paid Ads,52.0,1.0,1778.0,4,1,1,6.0,Potential Loyalists
C02755,2026-03-06,Male,18.0,Pune,Maharashtra,Referral,79.0,1.0,3288.0,3,1,1,5.0,Lost
C01676,2024-07-17,Female,27.0,Kanpur,Uttar Pradesh,Organic Search,497.0,1.0,638.0,1,1,1,3.0,Lost
C03689,2025-04-26,Female,24.0,Mumbai,Maharashtra,Paid Ads,32.0,3.0,9535.0,4,3,2,9.0,Loyal Customers
C02878,2025-06-23,Female,26.0,Kochi,Kerala,Paid Ads,57.0,1.0,5657.0,3,1,1,5.0,Lost
C01117,2025-11-19,Male,38.0,Guwahati,Assam,Paid Ads,11.0,9.0,31743.0,5,5,4,14.0,Champions
C01878,2024-11-17,Female,31.0,Ahmedabad,Gujarat,Referral,517.0,13.0,32535.0,1,5,4,10.0,At Risk
C03574,2025-08-19,Male,41.0,Bengaluru,Karnataka,Paid Ads,111.0,12.0,53575.0,3,5,5,13.0,Loyal Customers
C02537,2025-02-11,Other,49.0,Pune,Maharashtra,Paid Ads,290.0,1.0,11844.0,1,1,2,4.0,Lost
C02485,2025-04-24,Male,29.0,Hyderabad,Telangana,Social Media,233.0,7.0,21446.0,1,4,3,8.0,At Risk
C04303,2025-08-25,Unknown,18.0,Chennai,Tamil Nadu,Paid Ads,34.0,1.0,9915.0,4,1,2,7.0,Potential Loyalists
C03879,2025-11-20,Female,28.0,Jaipur,Rajasthan,Social Media,0.0,7.0,30097.0,5,4,4,13.0,Champions
C00446,2024-10-18,Female,37.0,Ahmedabad,Gujarat,Social Media,54.0,1.0,2777.0,4,1,1,6.0,Potential Loyalists
C04050,2025-08-25,Male,35.0,Mumbai,Maharashtra,Organic Search,,,,,,,,No Completed Purchase
C00453,2026-03-02,Unknown,22.0,Lucknow,Uttar Pradesh,Paid Ads,79.0,13.0,41199.0,3,5,4,12.0,Loyal Customers
C04420,2025-10-29,Male,28.0,Faridabad,Haryana,Social Media,54.0,1.0,1248.0,4,1,1,6.0,Potential Loyalists
C04447,2025-09-09,Female,45.0,Jaipur,Rajasthan,Organic Search,45.0,15.0,44445.0,4,5,5,14.0,Champions
C04016,2026-03-09,Male,31.0,Lucknow,Uttar Pradesh,Email,33.0,1.0,8426.0,4,1,2,7.0,Potential Loyalists
C00015,2025-08-28,Male,53.0,Vijayawada,Andhra Pradesh,Organic Search,121.0,7.0,14408.0,2,4,3,9.0,At Risk
C02643,2025-04-26,Female,33.0,Gurugram,Haryana,Organic Search,391.0,1.0,1249.0,1,1,1,3.0,Lost
C00946,2026-04-18,Male,30.0,Mysuru,Karnataka,Paid Ads,95.0,5.0,28723.0,3,4,4,11.0,Loyal Customers
C00248,2026-03-07,Male,31.0,Guwahati,Assam,Paid Ads,35.0,4.0,13712.0,4,3,3,10.0,Loyal Customers
C03236,2025-08-18,Female,18.0,Surat,Gujarat,Social Media,224.0,2.0,7946.0,1,2,2,5.0,Lost
C00361,2025-05-25,Male,28.0,Bengaluru,Karnataka,Referral,,,,,,,,No Completed Purchase
C04669,2024-07-11,Female,37.0,Thiruvananthapuram,Kerala,Social Media,53.0,2.0,29267.0,4,2,4,10.0,Potential Loyalists
C01565,2025-07-08,Female,23.0,Chennai,Tamil Nadu,Organic Search,370.0,4.0,6005.0,1,3,1,5.0,At Risk
C02793,2026-03-07,Male,33.0,Indore,Madhya Pradesh,Paid Ads,89.0,2.0,5637.0,3,2,1,6.0,Lost
C04874,2025-05-15,Female,34.0,Kochi,Kerala,Email,293.0,1.0,16403.0,1,2,3,6.0,Lost
C03908,2025-12-18,Male,31.0,Chandigarh,Chandigarh,Organic Search,235.0,6.0,26899.0,1,4,4,9.0,At Risk
C03099,2025-03-20,Female,28.0,Kolkata,West Bengal,Organic Search,23.0,1.0,2338.0,5,1,1,7.0,Potential Loyalists
C03510,2026-01-23,Female,36.0,Faridabad,Haryana,Organic Search,191.0,4.0,10494.0,2,3,2,7.0,At Risk
C01361,2025-11-28,Female,18.0,Noida,Uttar Pradesh,Referral,48.0,3.0,9915.0,4,2,2,8.0,Potential Loyalists
C04897,2025-09-25,Female,26.0,Ahmedabad,Gujarat,Social Media,83.0,2.0,5577.0,3,2,1,6.0,Lost
C04272,2025-06-13,Other,36.0,Noida,Uttar Pradesh,Social Media,13.0,4.0,9623.0,5,3,2,10.0,Loyal Customers
C00491,2025-03-29,Male,29.0,Gurugram,Haryana,Organic Search,26.0,7.0,16829.0,5,4,3,12.0,Loyal Customers
C00863,2025-07-19,Male,51.0,Ranchi,Jharkhand,Organic Search,26.0,7.0,22617.0,5,4,3,12.0,Loyal Customers
C01768,2024-07-10,Female,29.0,Lucknow,Uttar Pradesh,Social Media,149.0,1.0,6778.0,2,1,2,5.0,Lost
C02230,2026-01-20,Male,38.0,Bhubaneswar,Odisha,Organic Search,220.0,12.0,69404.0,1,5,5,11.0,At Risk
C02095,2025-11-10,Female,31.0,Ranchi,Jharkhand,Organic Search,293.0,2.0,3887.0,1,2,1,4.0,Lost
C02465,2026-07-06,Male,31.0,Jaipur,Rajasthan,Social Media,97.0,3.0,44369.0,3,3,5,11.0,Loyal Customers
C01648,2025-03-07,Male,32.0,Jaipur,Rajasthan,Organic Search,20.0,2.0,29941.0,5,2,4,11.0,Potential Loyalists
C00507,2026-01-24,Male,29.0,Thiruvananthapuram,Kerala,Paid Ads,213.0,2.0,12902.0,1,2,2,5.0,Lost
C04614,2026-07-16,Male,33.0,Indore,Madhya Pradesh,Paid Ads,25.0,2.0,12904.0,5,2,2,9.0,Potential Loyalists
C04378,2024-05-04,Male,30.0,Lucknow,Uttar Pradesh,Paid Ads,356.0,7.0,42026.0,1,4,5,10.0,At Risk
C01972,2024-02-26,Female,42.0,Patna,Unknown,Paid Ads,121.0,1.0,19170.0,2,1,3,6.0,Lost
C01223,2025-11-28,Female,18.0,Nagpur,Maharashtra,Email,240.0,14.0,39633.0,1,5,4,10.0,At Risk
C01114,2025-12-05,Female,23.0,Noida,Unknown,Referral,209.0,7.0,53894.0,2,4,5,11.0,At Risk
C01935,2024-12-01,Female,18.0,Guwahati,Assam,Social Media,7.0,3.0,40779.0,5,2,4,11.0,Potential Loyalists
C03442,2025-12-23,Male,30.0,Ranchi,Jharkhand,Social Media,44.0,6.0,41366.0,4,4,4,12.0,Champions
C02498,2026-06-22,Female,18.0,Guwahati,Assam,Paid Ads,62.0,14.0,143865.0,3,5,5,13.0,Loyal Customers
C04685,2025-05-21,Female,31.0,Visakhapatnam,Andhra Pradesh,Referral,255.0,6.0,26983.0,1,4,4,9.0,At Risk
C00434,2026-06-29,Female,40.0,Pune,Maharashtra,Social Media,40.0,3.0,8016.0,4,2,2,8.0,Potential Loyalists
C02084,2026-05-02,Female,39.0,Indore,Madhya Pradesh,Paid Ads,60.0,9.0,29746.0,3,5,4,12.0,Loyal Customers
C03173,2026-05-12,Female,19.0,Kochi,Kerala,Social Media,23.0,4.0,9912.0,5,3,2,10.0,Loyal Customers
C04162,2024-04-09,Male,39.0,Ranchi,Jharkhand,Paid Ads,25.0,2.0,17441.0,5,2,3,10.0,Potential Loyalists
C03577,2025-12-29,Female,39.0,Surat,Gujarat,Paid Ads,197.0,1.0,3599.0,2,1,1,4.0,Lost
C04519,2026-06-27,Unknown,32.0,Coimbatore,Tamil Nadu,Organic Search,56.0,4.0,17237.0,3,3,3,9.0,Loyal Customers
C04977,2024-08-06,Female,38.0,Patna,Bihar,Social Media,385.0,1.0,4968.0,1,2,1,4.0,Lost
C04674,2025-06-16,Male,31.0,Delhi,Delhi,Organic Search,429.0,3.0,16544.0,1,3,3,7.0,At Risk
C04130,2025-06-06,Female,38.0,Surat,Gujarat,Paid Ads,7.0,10.0,75995.0,5,5,5,15.0,Champions
C02935,2026-03-04,Female,34.0,Kochi,Kerala,Organic Search,114.0,4.0,13202.0,3,3,3,9.0,Loyal Customers
C01103,2026-06-04,Female,21.0,Kolkata,West Bengal,Social Media,18.0,6.0,17022.0,5,4,3,12.0,Loyal Customers
C02469,2025-04-22,Female,31.0,Surat,Gujarat,Referral,74.0,4.0,64563.0,3,3,5,11.0,Loyal Customers
C02331,2026-02-05,Male,30.0,Bengaluru,Karnataka,Social Media,189.0,1.0,3428.0,2,1,1,4.0,Lost
C04664,2026-05-26,Female,45.0,Surat,Unknown,Email,95.0,4.0,17946.0,3,3,3,9.0,Loyal Customers
C04710,2026-05-15,Female,19.0,Mumbai,Maharashtra,Social Media,17.0,7.0,47646.0,5,4,5,14.0,Champions
C00157,2026-07-04,Other,26.0,Chennai,Tamil Nadu,Organic Search,103.0,1.0,7267.0,3,1,2,6.0,Lost
C04457,2025-01-05,Female,26.0,Kolkata,West Bengal,Paid Ads,135.0,16.0,112365.0,2,5,5,12.0,At Risk
C03606,2026-02-10,Male,44.0,Coimbatore,Tamil Nadu,Paid Ads,196.0,5.0,38640.0,2,4,4,10.0,At Risk
C00616,2025-10-01,Female,18.0,Indore,Madhya Pradesh,Referral,67.0,4.0,13165.0,3,3,3,9.0,Loyal Customers
C00644,2025-08-06,Female,20.0,Chennai,Tamil Nadu,Paid Ads,38.0,3.0,20182.0,4,2,3,9.0,Potential Loyalists
C04242,2025-02-04,Male,30.0,Lucknow,Uttar Pradesh,Referral,125.0,1.0,2039.0,2,1,1,4.0,Lost
C03044,2024-12-18,Male,27.0,Hyderabad,Telangana,Organic Search,90.0,3.0,18334.0,3,3,3,9.0,Loyal Customers
C01069,2025-10-18,Male,27.0,Kanpur,Uttar Pradesh,Organic Search,32.0,7.0,24198.0,4,4,4,12.0,Champions
C04917,2025-08-16,Male,36.0,Ahmedabad,Gujarat,Paid Ads,293.0,12.0,80970.0,1,5,5,11.0,At Risk
C02664,2025-07-01,Male,27.0,Udaipur,Rajasthan,Referral,0.0,4.0,16632.0,5,3,3,11.0,Loyal Customers
C04252,2025-02-24,Female,25.0,Mumbai,Maharashtra,Organic Search,407.0,7.0,26929.0,1,4,4,9.0,At Risk
C03207,2025-05-08,Female,42.0,Delhi,Delhi,Organic Search,32.0,8.0,21787.0,4,5,3,12.0,Loyal Customers
C00331,2026-03-08,Male,34.0,Jaipur,Rajasthan,Paid Ads,166.0,8.0,56995.0,2,4,5,11.0,At Risk
C04010,2025-08-18,Female,39.0,Patna,Bihar,Paid Ads,29.0,4.0,7815.0,4,3,2,9.0,Loyal Customers
C02665,2026-03-22,Male,29.0,Noida,Uttar Pradesh,Email,49.0,10.0,97606.0,4,5,5,14.0,Champions
C03600,2026-01-29,Female,31.0,Coimbatore,Tamil Nadu,Paid Ads,194.0,5.0,74295.0,2,4,5,11.0,At Risk
C00623,2026-01-08,Female,18.0,Visakhapatnam,Andhra Pradesh,Paid Ads,71.0,3.0,11522.0,3,2,2,7.0,Lost
C04971,2025-01-18,Female,35.0,Faridabad,Haryana,Social Media,216.0,3.0,8886.0,1,3,2,6.0,At Risk
C02343,2025-02-08,Male,18.0,Vijayawada,Andhra Pradesh,Social Media,40.0,8.0,31047.0,4,5,4,13.0,Champions
C03438,2025-02-13,Male,30.0,Hyderabad,Telangana,Organic Search,190.0,13.0,38889.0,2,5,4,11.0,At Risk
C04406,2025-10-11,Female,28.0,Guwahati,Assam,Organic Search,36.0,5.0,18881.0,4,4,3,11.0,Loyal Customers
C04490,2026-01-19,Female,29.0,Kolkata,West Bengal,Organic Search,217.0,10.0,35481.0,1,5,4,10.0,At Risk
C02053,2024-12-16,Male,45.0,Thiruvananthapuram,Kerala,Organic Search,,,,,,,,No Completed Purchase
C02728,2024-11-27,Female,18.0,Noida,Uttar Pradesh,Email,440.0,1.0,3478.0,1,1,1,3.0,Lost
C00756,2025-11-13,Female,32.0,Noida,Uttar Pradesh,Paid Ads,149.0,2.0,10083.0,2,2,2,6.0,Lost
C00519,2025-06-15,Female,34.0,Coimbatore,Tamil Nadu,Social Media,56.0,1.0,4317.0,3,1,1,5.0,Lost
C03825,2025-10-26,Female,23.0,Visakhapatnam,Andhra Pradesh,Organic Search,52.0,6.0,18921.0,4,4,3,11.0,Loyal Customers
C00033,2025-06-26,Female,43.0,Mysuru,Karnataka,Referral,27.0,1.0,2358.0,5,1,1,7.0,Potential Loyalists
C02956,2025-03-14,Male,27.0,Kanpur,Uttar Pradesh,Organic Search,439.0,3.0,14342.0,1,3,3,7.0,At Risk
C01158,2025-10-25,Female,27.0,Faridabad,Haryana,Paid Ads,43.0,4.0,9505.0,4,3,2,9.0,Loyal Customers
C00745,2025-02-14,Unknown,41.0,Jaipur,Rajasthan,Email,54.0,1.0,4318.0,4,1,1,6.0,Potential Loyalists
C01425,2026-04-11,Female,32.0,Thiruvananthapuram,Kerala,Organic Search,134.0,4.0,30074.0,2,3,4,9.0,At Risk
C02421,2025-06-25,Female,39.0,Guwahati,Assam,Organic Search,4.0,2.0,6408.0,5,2,1,8.0,Potential Loyalists
C01663,2024-07-10,Female,18.0,Guwahati,Assam,Paid Ads,31.0,8.0,30677.0,4,5,4,13.0,Champions
C02610,2026-07-20,Male,18.0,Mysuru,Karnataka,Organic Search,115.0,1.0,6974.0,3,1,2,6.0,Lost
C00784,2025-11-05,Female,37.0,Indore,Madhya Pradesh,Social Media,7.0,4.0,16871.0,5,3,3,11.0,Loyal Customers
C04931,2026-04-02,Female,19.0,Udaipur,Rajasthan,Referral,64.0,2.0,3678.0,3,2,1,6.0,Lost
C04759,2024-11-21,Unknown,35.0,Kochi,Kerala,Paid Ads,177.0,1.0,7545.0,2,2,2,6.0,Lost
C00230,2025-04-22,Male,39.0,Lucknow,Uttar Pradesh,Organic Search,42.0,3.0,9586.0,4,2,2,8.0,Potential Loyalists
C00858,2025-03-04,Male,54.0,Guwahati,Assam,Social Media,71.0,2.0,8355.0,3,2,2,7.0,Lost
C01520,2024-12-27,Male,39.0,Kolkata,West Bengal,Social Media,78.0,1.0,3917.0,3,1,1,5.0,Lost
C02380,2026-04-03,Female,39.0,Faridabad,Haryana,Referral,144.0,12.0,52466.0,2,5,5,12.0,At Risk
C00409,2025-11-15,Male,41.0,Lucknow,Uttar Pradesh,Organic Search,280.0,1.0,5687.0,1,1,1,3.0,Lost
C00171,2026-07-17,Female,22.0,Ahmedabad,Gujarat,Referral,53.0,7.0,18776.0,4,4,3,11.0,Loyal Customers
C00541,2025-05-10,Male,47.0,Ranchi,Jharkhand,Organic Search,427.0,3.0,11334.0,1,2,2,5.0,Lost
C02228,2025-02-04,Male,18.0,Nagpur,Maharashtra,Social Media,41.0,8.0,56855.0,4,5,5,14.0,Champions
C02322,2024-12-28,Male,34.0,Chennai,Tamil Nadu,Organic Search,545.0,3.0,32943.0,1,3,4,8.0,At Risk
C02586,2025-06-03,Female,43.0,Ahmedabad,Gujarat,Organic Search,145.0,1.0,5518.0,2,1,1,4.0,Lost
C00614,2026-04-24,Female,33.0,Chennai,Tamil Nadu,Social Media,70.0,2.0,7208.0,3,2,2,7.0,Lost
C01514,2025-11-13,Male,25.0,Patna,Bihar,Social Media,15.0,5.0,17032.0,5,4,3,12.0,Loyal Customers
C01836,2026-04-01,Female,25.0,Delhi,Delhi,Social Media,89.0,1.0,7523.0,3,1,2,6.0,Lost
C03457,2025-12-12,Female,31.0,Chennai,Tamil Nadu,Email,258.0,9.0,20539.0,1,5,3,9.0,At Risk
C01162,2025-09-07,Male,41.0,Ranchi,Jharkhand,Referral,238.0,1.0,1578.0,1,1,1,3.0,Lost
C02078,2025-02-28,Female,34.0,Chennai,Tamil Nadu,Email,29.0,9.0,22006.0,4,5,3,12.0,Loyal Customers
C03167,2026-07-07,Male,25.0,Jaipur,Unknown,Organic Search,58.0,9.0,30465.0,3,5,4,12.0,Loyal Customers
C01621,2026-05-07,Male,51.0,Delhi,Delhi,Social Media,19.0,3.0,20498.0,5,2,3,10.0,Potential Loyalists
C04952,2024-12-23,Male,46.0,Nagpur,Maharashtra,Social Media,417.0,6.0,20019.0,1,4,3,8.0,At Risk
C01894,2025-03-02,Male,37.0,Lucknow,Uttar Pradesh,Email,,,,,,,,No Completed Purchase
C02216,2025-02-01,Male,31.0,Visakhapatnam,Andhra Pradesh,Referral,229.0,4.0,11061.0,1,3,2,6.0,At Risk
C00565,2026-02-22,Female,33.0,Bengaluru,Karnataka,Paid Ads,42.0,6.0,20649.0,4,4,3,11.0,Loyal Customers
C03592,2025-12-08,Female,31.0,Patna,Bihar,Organic Search,249.0,7.0,20631.0,1,4,3,8.0,At Risk
C04260,2026-05-22,Male,28.0,Indore,Madhya Pradesh,Social Media,96.0,1.0,1249.0,3,1,1,5.0,Lost
C01823,2025-06-28,Male,36.0,Chennai,Tamil Nadu,Paid Ads,,,,,,,,No Completed Purchase
C03101,2024-10-17,Male,37.0,Chandigarh,Chandigarh,Referral,84.0,13.0,70849.0,3,5,5,13.0,Loyal Customers
C03730,2025-03-16,Female,27.0,Gurugram,Haryana,Paid Ads,97.0,1.0,3658.0,3,1,1,5.0,Lost
C02288,2024-11-13,Male,21.0,Udaipur,Rajasthan,Social Media,580.0,18.0,103683.0,1,5,5,11.0,At Risk
C04941,2025-10-24,Male,25.0,Vijayawada,Andhra Pradesh,Paid Ads,57.0,4.0,7595.0,3,3,2,8.0,Loyal Customers
C03495,2025-11-25,Female,54.0,Patna,Bihar,Paid Ads,0.0,4.0,10715.0,5,3,2,10.0,Loyal Customers
C01558,2026-03-05,Female,43.0,Udaipur,Rajasthan,Paid Ads,93.0,7.0,93851.0,3,4,5,12.0,Loyal Customers
C03481,2025-03-20,Female,32.0,Coimbatore,Tamil Nadu,Organic Search,38.0,14.0,55151.0,4,5,5,14.0,Champions
C04626,2025-06-19,Female,46.0,Delhi,Delhi,Social Media,52.0,4.0,45858.0,4,3,5,12.0,Loyal Customers
C01539,2026-03-08,Female,33.0,Faridabad,Haryana,Paid Ads,8.0,9.0,32973.0,5,5,4,14.0,Champions
C01173,2025-03-22,Female,32.0,Delhi,Delhi,Paid Ads,60.0,4.0,5864.0,3,3,1,7.0,Loyal Customers
C01449,2025-06-30,Female,25.0,Chennai,Tamil Nadu,Email,391.0,4.0,11063.0,1,3,2,6.0,At Risk
C00326,2026-03-14,Male,35.0,Patna,Bihar,Organic Search,67.0,5.0,35331.0,3,4,4,11.0,Loyal Customers
C01052,2025-04-13,Female,38.0,Bhopal,Madhya Pradesh,Social Media,360.0,12.0,67744.0,1,5,5,11.0,At Risk
C02965,2025-09-13,Female,24.0,Hyderabad,Telangana,Social Media,190.0,3.0,6896.0,2,3,2,7.0,At Risk
C03313,2025-06-24,Unknown,29.0,Delhi,Delhi,Email,250.0,1.0,12565.0,1,1,2,4.0,Lost
C03459,2025-05-28,Male,18.0,Surat,Gujarat,Referral,219.0,3.0,10564.0,1,3,2,6.0,At Risk
C03659,2026-07-17,Female,26.0,Udaipur,Rajasthan,Paid Ads,44.0,3.0,72453.0,4,3,5,12.0,Loyal Customers
C04620,2026-02-28,Male,35.0,Surat,Gujarat,Email,55.0,1.0,3158.0,3,2,1,6.0,Lost
C01197,2025-05-12,Male,20.0,Vijayawada,Andhra Pradesh,Paid Ads,221.0,10.0,33783.0,1,5,4,10.0,At Risk
C00621,2026-03-28,Female,30.0,Chennai,Tamil Nadu,Social Media,137.0,1.0,8097.0,2,1,2,5.0,Lost
C03900,2025-12-03,Male,31.0,Bhubaneswar,Odisha,Organic Search,57.0,4.0,12953.0,3,3,2,8.0,Loyal Customers
C02898,2026-04-21,Other,28.0,Mumbai,Maharashtra,Paid Ads,111.0,7.0,25966.0,3,4,4,11.0,Loyal Customers
C01190,2024-04-02,Unknown,39.0,Gurugram,Haryana,Social Media,457.0,8.0,21899.0,1,5,3,9.0,At Risk
C00329,2024-09-01,Male,47.0,Visakhapatnam,Andhra Pradesh,Social Media,54.0,3.0,12294.0,4,2,2,8.0,Potential Loyalists
C00649,2024-04-15,Male,35.0,Chandigarh,Chandigarh,Organic Search,140.0,2.0,5505.0,2,2,1,5.0,Lost
C00898,2024-02-15,Female,43.0,Bhopal,Madhya Pradesh,Paid Ads,530.0,3.0,4265.0,1,2,1,4.0,Lost
C01492,2024-10-26,Female,28.0,Kanpur,Uttar Pradesh,Organic Search,,,,,,,,No Completed Purchase
C01124,2025-12-31,Female,35.0,Visakhapatnam,Andhra Pradesh,Paid Ads,42.0,6.0,42150.0,4,4,5,13.0,Champions
C03945,2025-12-16,Unknown,25.0,Nagpur,Maharashtra,Organic Search,48.0,9.0,33534.0,4,5,4,13.0,Champions
C04656,2026-05-14,Male,44.0,Mysuru,Karnataka,Organic Search,178.0,6.0,10262.0,2,4,2,8.0,At Risk
C04564,2025-04-12,Female,41.0,Coimbatore,Tamil Nadu,Social Media,133.0,4.0,24596.0,2,3,4,9.0,At Risk
C01422,2025-07-07,Male,29.0,Hyderabad,Unknown,Organic Search,87.0,7.0,41518.0,3,4,4,11.0,Loyal Customers
C01947,2025-04-14,Male,44.0,Nagpur,Maharashtra,Organic Search,42.0,4.0,10592.0,4,3,2,9.0,Loyal Customers
C01814,2025-12-07,Female,34.0,Patna,Bihar,Social Media,229.0,4.0,13183.0,1,3,3,7.0,At Risk
C04456,2025-05-12,Male,28.0,Vijayawada,Andhra Pradesh,Paid Ads,147.0,12.0,40595.0,2,5,4,11.0,At Risk
C04398,2025-03-26,Male,46.0,Visakhapatnam,Andhra Pradesh,Organic Search,47.0,5.0,20420.0,4,4,3,11.0,Loyal Customers
C01570,2024-08-18,Male,35.0,Kolkata,West Bengal,Social Media,82.0,15.0,63842.0,3,5,5,13.0,Loyal Customers
C01534,2025-12-19,Male,52.0,Nagpur,Maharashtra,Paid Ads,28.0,6.0,75455.0,4,4,5,13.0,Champions
C01024,2025-07-06,Other,30.0,Gurugram,Haryana,Paid Ads,232.0,1.0,9633.0,1,1,2,4.0,Lost
C04333,2026-01-26,Male,18.0,Patna,Bihar,Paid Ads,185.0,4.0,3126.0,2,3,1,6.0,At Risk
C03520,2026-07-04,Other,35.0,Ahmedabad,Gujarat,Paid Ads,27.0,6.0,52154.0,5,4,5,14.0,Champions
C01838,2025-05-20,Male,48.0,Hyderabad,Telangana,Paid Ads,2.0,11.0,71402.0,5,5,5,15.0,Champions
C01421,2025-04-30,Unknown,46.0,Thiruvananthapuram,Kerala,Paid Ads,52.0,1.0,2047.0,4,1,1,6.0,Potential Loyalists
C03751,2025-06-27,Male,25.0,Visakhapatnam,Andhra Pradesh,Organic Search,,,,,,,,No Completed Purchase
C00810,2025-10-24,Female,39.0,Ranchi,Jharkhand,Social Media,234.0,1.0,1109.0,1,1,1,3.0,Lost
C03860,2024-10-03,Male,29.0,Vijayawada,Andhra Pradesh,Paid Ads,126.0,5.0,28002.0,2,4,4,10.0,At Risk
C00979,2024-10-09,Male,28.0,Jaipur,Rajasthan,Referral,11.0,1.0,4407.0,5,1,1,7.0,Potential Loyalists
C04995,2024-06-15,Male,33.0,Mumbai,Maharashtra,Paid Ads,55.0,3.0,14185.0,3,3,3,9.0,Loyal Customers
C03182,2025-10-12,Male,31.0,Faridabad,Haryana,Email,249.0,1.0,5328.0,1,1,1,3.0,Lost
C01757,2025-04-20,Female,44.0,Noida,Uttar Pradesh,Email,,,,,,,,No Completed Purchase
C04439,2025-01-23,Female,24.0,Coimbatore,Tamil Nadu,Organic Search,60.0,1.0,7436.0,3,1,2,6.0,Lost
C02439,2024-10-21,Male,22.0,Udaipur,Rajasthan,Referral,30.0,6.0,27529.0,4,4,4,12.0,Champions
C02516,2026-06-17,Male,31.0,Kolkata,Unknown,Paid Ads,13.0,15.0,102410.0,5,5,5,15.0,Champions
C03257,2024-05-16,Male,18.0,Mysuru,Karnataka,Paid Ads,333.0,4.0,12694.0,1,3,2,6.0,At Risk
C04854,2024-08-31,Female,21.0,Kanpur,Uttar Pradesh,Social Media,154.0,3.0,37949.0,2,3,4,9.0,At Risk
C04120,2026-05-11,Female,37.0,Chennai,Tamil Nadu,Paid Ads,56.0,2.0,7636.0,3,2,2,7.0,Lost
C00175,2026-03-26,Other,43.0,Udaipur,Rajasthan,Social Media,18.0,8.0,35026.0,5,4,4,13.0,Champions
C02299,2025-05-16,Other,30.0,Surat,Gujarat,Paid Ads,54.0,6.0,11173.0,4,4,2,10.0,Loyal Customers
C04084,2024-11-05,Female,29.0,Faridabad,Haryana,Paid Ads,604.0,5.0,29348.0,1,4,4,9.0,At Risk
C01506,2025-12-25,Male,29.0,Jaipur,Rajasthan,Referral,45.0,7.0,22909.0,4,4,4,12.0,Champions
C04474,2025-11-17,Male,33.0,Mumbai,Maharashtra,Referral,236.0,1.0,10655.0,1,1,2,4.0,Lost
C00218,2026-07-04,Female,28.0,Indore,Madhya Pradesh,Paid Ads,53.0,11.0,166817.0,4,5,5,14.0,Champions
C03936,2024-12-19,Female,33.0,Chandigarh,Chandigarh,Organic Search,128.0,2.0,6902.0,2,2,2,6.0,Lost
C03742,2026-06-30,Male,21.0,Guwahati,Assam,Organic Search,49.0,9.0,27686.0,4,5,4,13.0,Champions
C00691,2025-08-02,Male,31.0,Hyderabad,Telangana,Organic Search,167.0,15.0,50656.0,2,5,5,12.0,At Risk
C04267,2024-11-03,Female,60.0,Chandigarh,Chandigarh,Social Media,409.0,4.0,29636.0,1,3,4,8.0,At Risk
C02479,2026-03-25,Male,35.0,Kanpur,Uttar Pradesh,Email,169.0,4.0,38873.0,2,3,4,9.0,At Risk
C03400,2024-03-24,Male,30.0,Ranchi,Jharkhand,Social Media,50.0,4.0,9024.0,4,3,2,9.0,Loyal Customers
C01107,2024-07-10,Female,18.0,Jaipur,Rajasthan,Organic Search,285.0,1.0,3167.0,1,1,1,3.0,Lost
C01633,2025-03-12,Male,43.0,Guwahati,Assam,Paid Ads,40.0,1.0,15169.0,4,1,3,8.0,Potential Loyalists
C03083,2025-08-05,Male,39.0,Pune,Maharashtra,Email,26.0,4.0,15274.0,5,3,3,11.0,Loyal Customers
C01554,2026-02-24,Male,31.0,Chandigarh,Chandigarh,Email,173.0,1.0,16513.0,2,1,3,6.0,Lost
C00612,2025-12-04,Female,44.0,Udaipur,Rajasthan,Referral,64.0,5.0,72074.0,3,4,5,12.0,Loyal Customers
C03260,2026-03-20,Male,34.0,Bhopal,Madhya Pradesh,Social Media,58.0,3.0,9295.0,3,3,2,8.0,Loyal Customers
C03733,2025-05-16,Female,36.0,Thiruvananthapuram,Kerala,Organic Search,81.0,6.0,38300.0,3,4,4,11.0,Loyal Customers
C00577,2025-10-27,Male,38.0,Patna,Bihar,Organic Search,308.0,14.0,77207.0,1,5,5,11.0,At Risk
C02081,2025-09-26,Male,41.0,Vijayawada,Andhra Pradesh,Paid Ads,220.0,2.0,8465.0,1,2,2,5.0,Lost
C04448,2025-07-15,Female,20.0,Mysuru,Karnataka,Paid Ads,59.0,1.0,1119.0,3,1,1,5.0,Lost
C01181,2025-10-28,Female,29.0,Nagpur,Maharashtra,Organic Search,236.0,9.0,31435.0,1,5,4,10.0,At Risk
C00889,2026-07-28,Male,50.0,Indore,Madhya Pradesh,Social Media,34.0,2.0,27397.0,4,2,4,10.0,Potential Loyalists
C04573,2024-12-03,Female,18.0,Jaipur,Rajasthan,Organic Search,174.0,9.0,37223.0,2,5,4,11.0,At Risk
C04624,2025-04-10,Male,33.0,Bengaluru,Karnataka,Referral,,,,,,,,No Completed Purchase
C04210,2026-01-14,Male,31.0,Indore,Madhya Pradesh,Social Media,140.0,2.0,11075.0,2,2,2,6.0,Lost
C00818,2024-05-22,Male,23.0,Delhi,Delhi,Social Media,,,,,,,,No Completed Purchase
C03296,2026-02-01,Female,33.0,Bhubaneswar,Odisha,Email,53.0,5.0,38262.0,4,4,4,12.0,Champions
C01889,2025-05-09,Female,44.0,Udaipur,Rajasthan,Paid Ads,14.0,1.0,4089.0,5,1,1,7.0,Potential Loyalists
C00209,2025-05-31,Male,23.0,Vijayawada,Andhra Pradesh,Organic Search,3.0,2.0,22851.0,5,2,3,10.0,Potential Loyalists
C00294,2026-02-06,Female,29.0,Chennai,Tamil Nadu,Organic Search,113.0,2.0,11145.0,3,2,2,7.0,Lost
C01120,2025-12-20,Female,49.0,Bhopal,Madhya Pradesh,Paid Ads,169.0,6.0,18030.0,2,4,3,9.0,At Risk
C02504,2025-10-12,Male,42.0,Mumbai,Maharashtra,Social Media,65.0,7.0,16772.0,3,4,3,10.0,Loyal Customers
C01789,2024-08-11,Female,23.0,Visakhapatnam,Andhra Pradesh,Organic Search,106.0,2.0,4577.0,3,2,1,6.0,Lost
C01265,2025-07-10,Male,28.0,Mumbai,Maharashtra,Organic Search,133.0,2.0,9273.0,2,2,2,6.0,Lost
C00991,2026-01-22,Male,24.0,Vijayawada,Andhra Pradesh,Organic Search,108.0,4.0,12864.0,3,3,2,8.0,Loyal Customers
C04251,2024-08-27,Male,29.0,Bhopal,Madhya Pradesh,Email,176.0,4.0,10252.0,2,3,2,7.0,At Risk
C01535,2024-07-19,Male,23.0,Delhi,Delhi,Referral,398.0,9.0,31081.0,1,5,4,10.0,At Risk
C00354,2026-02-04,Male,44.0,Surat,Gujarat,Email,193.0,2.0,15681.0,2,2,3,7.0,Lost
C03249,2026-06-04,Female,32.0,Lucknow,Uttar Pradesh,Organic Search,55.0,4.0,12724.0,3,3,2,8.0,Loyal Customers
C03382,2025-02-24,Male,27.0,Noida,Uttar Pradesh,Social Media,502.0,1.0,7517.0,1,1,2,4.0,Lost
C04884,2026-01-18,Male,23.0,Jaipur,Rajasthan,Organic Search,164.0,4.0,25575.0,2,3,4,9.0,At Risk
C03906,2026-05-07,Female,39.0,Vijayawada,Andhra Pradesh,Paid Ads,13.0,4.0,40229.0,5,3,4,12.0,Loyal Customers
C03067,2025-04-28,Other,42.0,Kolkata,West Bengal,Social Media,291.0,4.0,32767.0,1,3,4,8.0,At Risk
C01229,2025-12-27,Male,38.0,Kochi,Kerala,Paid Ads,134.0,5.0,27399.0,2,4,4,10.0,At Risk
C00260,2025-02-17,Male,43.0,Indore,Madhya Pradesh,Social Media,29.0,9.0,103651.0,4,5,5,14.0,Champions
C01544,2026-02-27,Female,19.0,Vijayawada,Andhra Pradesh,Organic Search,15.0,2.0,8075.0,5,2,2,9.0,Potential Loyalists
C02811,2024-11-10,Female,37.0,Kolkata,West Bengal,Paid Ads,,,,,,,,No Completed Purchase
C04752,2025-03-13,Male,25.0,Surat,Gujarat,Referral,90.0,6.0,25899.0,3,4,4,11.0,Loyal Customers
C03164,2026-04-07,Female,33.0,Udaipur,Rajasthan,Email,23.0,4.0,10894.0,5,3,2,10.0,Loyal Customers
C04919,2026-01-22,Male,28.0,Guwahati,Assam,Paid Ads,0.0,2.0,4458.0,5,2,1,8.0,Potential Loyalists
C00053,2025-08-31,Female,31.0,Nagpur,Maharashtra,Referral,301.0,1.0,809.0,1,1,1,3.0,Lost
C02214,2025-07-03,Male,29.0,Udaipur,Rajasthan,Referral,212.0,5.0,37193.0,1,4,4,9.0,At Risk
C01870,2026-01-22,Female,20.0,Ranchi,Jharkhand,Email,39.0,7.0,46972.0,4,4,5,13.0,Champions
C02211,2024-10-07,Male,30.0,Thiruvananthapuram,Kerala,Paid Ads,230.0,2.0,2888.0,1,2,1,4.0,Lost
C02427,2025-09-10,Female,43.0,Ahmedabad,Gujarat,Paid Ads,75.0,13.0,39499.0,3,5,4,12.0,Loyal Customers
C02806,2025-08-09,Female,23.0,Lucknow,Uttar Pradesh,Paid Ads,89.0,1.0,2418.0,3,1,1,5.0,Lost
C02362,2025-05-09,Female,25.0,Ranchi,Jharkhand,Paid Ads,40.0,2.0,9474.0,4,2,2,8.0,Potential Loyalists
C01480,2025-07-01,Male,44.0,Chennai,Tamil Nadu,Organic Search,51.0,4.0,39303.0,4,3,4,11.0,Loyal Customers
C01034,2025-05-13,Female,29.0,Visakhapatnam,Andhra Pradesh,Social Media,,,,,,,,No Completed Purchase
C01098,2026-05-07,Male,30.0,Kochi,Kerala,Social Media,152.0,4.0,36466.0,2,3,4,9.0,At Risk
C01470,2026-03-09,Male,30.0,Kanpur,Uttar Pradesh,Organic Search,50.0,6.0,15813.0,4,4,3,11.0,Loyal Customers
C00544,2024-03-14,Female,18.0,Chennai,Tamil Nadu,Organic Search,41.0,1.0,339.0,4,1,1,6.0,Potential Loyalists
C01047,2026-05-18,Female,32.0,Visakhapatnam,Andhra Pradesh,Email,117.0,4.0,15393.0,2,3,3,8.0,At Risk
C04140,2024-04-07,Female,39.0,Kochi,Kerala,Paid Ads,479.0,7.0,85179.0,1,4,5,10.0,At Risk
C03985,2026-06-22,Male,24.0,Indore,Madhya Pradesh,Social Media,31.0,1.0,5636.0,4,1,1,6.0,Potential Loyalists
C00031,2026-03-25,Male,26.0,Udaipur,Rajasthan,Paid Ads,179.0,9.0,75048.0,2,5,5,12.0,At Risk
C00726,2026-01-26,Female,29.0,Patna,Bihar,Social Media,100.0,17.0,200853.0,3,5,5,13.0,Loyal Customers
C02716,2024-09-04,Female,45.0,Noida,Uttar Pradesh,Referral,124.0,4.0,11294.0,2,3,2,7.0,At Risk
C02115,2025-10-04,Male,18.0,Bhubaneswar,Odisha,Email,97.0,1.0,1109.0,3,1,1,5.0,Lost
C03925,2025-04-25,Male,21.0,Bengaluru,Karnataka,Email,0.0,2.0,9597.0,5,2,2,9.0,Potential Loyalists
C01427,2025-04-04,Male,31.0,Patna,Bihar,Referral,97.0,4.0,7475.0,3,3,2,8.0,Loyal Customers
C02570,2024-06-16,Female,37.0,Pune,Maharashtra,Social Media,11.0,7.0,39856.0,5,4,4,13.0,Champions
C00437,2024-03-11,Female,24.0,Ahmedabad,Gujarat,Organic Search,158.0,5.0,62907.0,2,4,5,11.0,At Risk
C02488,2024-07-19,Unknown,27.0,Visakhapatnam,Andhra Pradesh,Organic Search,14.0,17.0,114458.0,5,5,5,15.0,Champions
C00913,2026-02-10,Female,35.0,Lucknow,Uttar Pradesh,Social Media,201.0,1.0,1137.0,2,1,1,4.0,Lost
C04234,2026-01-22,Male,30.0,Bengaluru,Karnataka,Paid Ads,54.0,11.0,115700.0,4,5,5,14.0,Champions
C04469,2025-09-08,Female,37.0,Guwahati,Assam,Social Media,47.0,4.0,30602.0,4,3,4,11.0,Loyal Customers
C04525,2025-11-23,Female,31.0,Mysuru,Karnataka,Referral,62.0,5.0,60278.0,3,4,5,12.0,Loyal Customers
C04570,2025-01-21,Female,18.0,Delhi,Delhi,Organic Search,54.0,6.0,37844.0,4,4,4,12.0,Champions
C02305,2025-11-18,Female,33.0,Bhopal,Madhya Pradesh,Paid Ads,103.0,8.0,22897.0,3,5,4,12.0,Loyal Customers
C01610,2025-12-28,Male,41.0,Chandigarh,Chandigarh,Organic Search,102.0,1.0,169.0,3,1,1,5.0,Lost
C01239,2025-01-08,Male,54.0,Udaipur,Rajasthan,Social Media,352.0,5.0,18911.0,1,4,3,8.0,At Risk
C00904,2025-02-02,Male,29.0,Coimbatore,Tamil Nadu,Paid Ads,156.0,7.0,26395.0,2,4,4,10.0,At Risk
C02522,2024-12-20,Male,21.0,Kanpur,Uttar Pradesh,Social Media,159.0,7.0,41697.0,2,4,4,10.0,At Risk
C03163,2025-04-16,Female,63.0,Faridabad,Haryana,Referral,181.0,1.0,1799.0,2,1,1,4.0,Lost
C02330,2024-11-16,Female,44.0,Pune,Maharashtra,Paid Ads,17.0,1.0,2919.0,5,1,1,7.0,Potential Loyalists
C00508,2025-08-20,Male,25.0,Lucknow,Uttar Pradesh,Referral,183.0,1.0,5817.0,2,1,1,4.0,Lost
C04635,2026-02-23,Male,50.0,Guwahati,Assam,Organic Search,42.0,1.0,5298.0,4,2,1,7.0,Potential Loyalists
C00184,2025-12-07,Male,30.0,Patna,Bihar,Organic Search,176.0,5.0,32262.0,2,4,4,10.0,At Risk
C01590,2025-07-01,Male,45.0,Udaipur,Rajasthan,Organic Search,398.0,8.0,48863.0,1,5,5,11.0,At Risk
C01498,2024-10-28,Male,28.0,Hyderabad,Telangana,Organic Search,156.0,1.0,12195.0,2,1,2,5.0,Lost
C03850,2024-06-26,Male,31.0,Lucknow,Uttar Pradesh,Organic Search,,,,,,,,No Completed Purchase
C00322,2024-07-16,Male,23.0,Bhopal,Madhya Pradesh,Email,12.0,4.0,10323.0,5,3,2,10.0,Loyal Customers
C01804,2026-05-07,Female,44.0,Delhi,Delhi,Email,170.0,6.0,44521.0,2,4,5,11.0,At Risk
C03169,2026-02-13,Female,34.0,Thiruvananthapuram,Kerala,Paid Ads,129.0,2.0,28136.0,2,2,4,8.0,Lost
C03627,2024-05-17,Female,35.0,Vijayawada,Andhra Pradesh,Organic Search,164.0,3.0,26636.0,2,3,4,9.0,At Risk
C02544,2025-11-17,Male,34.0,Chandigarh,Chandigarh,Organic Search,281.0,3.0,13302.0,1,3,3,7.0,At Risk
C01808,2026-05-01,Male,31.0,Ahmedabad,Gujarat,Paid Ads,17.0,5.0,15964.0,5,4,3,12.0,Loyal Customers
C03555,2025-08-29,Female,42.0,Gurugram,Haryana,Social Media,198.0,2.0,34127.0,2,2,4,8.0,Lost
C03337,2024-08-17,Female,29.0,Thiruvananthapuram,Kerala,Organic Search,101.0,1.0,4888.0,3,1,1,5.0,Lost
C04450,2024-08-20,Female,25.0,Delhi,Delhi,Social Media,217.0,5.0,15940.0,1,4,3,8.0,At Risk
C01147,2024-10-28,Female,46.0,Pune,Maharashtra,Social Media,156.0,2.0,15320.0,2,2,3,7.0,Lost
C02087,2024-10-27,Female,22.0,Chennai,Tamil Nadu,Referral,37.0,1.0,7035.0,4,1,2,7.0,Potential Loyalists
C00045,2026-06-10,Male,36.0,Bengaluru,Karnataka,Paid Ads,27.0,3.0,11406.0,5,2,2,9.0,Potential Loyalists
C03817,2025-04-11,Male,37.0,Indore,Madhya Pradesh,Organic Search,49.0,7.0,39469.0,4,4,4,12.0,Champions
C01551,2026-07-24,Male,36.0,Surat,Unknown,Organic Search,21.0,3.0,17493.0,5,2,3,10.0,Potential Loyalists
C02320,2025-09-11,Female,37.0,Patna,Bihar,Paid Ads,193.0,1.0,6947.0,2,1,2,5.0,Lost
C01379,2025-05-29,Male,21.0,Ahmedabad,Gujarat,Email,8.0,4.0,11231.0,5,3,2,10.0,Loyal Customers
C01989,2024-07-10,Female,26.0,Udaipur,Rajasthan,Social Media,209.0,1.0,4968.0,2,1,1,4.0,Lost
C04805,2026-05-01,Female,40.0,Hyderabad,Telangana,Referral,12.0,6.0,16159.0,5,4,3,12.0,Loyal Customers
C00414,2026-06-29,Female,24.0,Vijayawada,Andhra Pradesh,Referral,71.0,10.0,31885.0,3,5,4,12.0,Loyal Customers
C03884,2026-01-16,Female,42.0,Pune,Maharashtra,Social Media,19.0,3.0,4657.0,5,3,1,9.0,Loyal Customers
C01408,2026-06-28,Male,33.0,Jaipur,Rajasthan,Organic Search,15.0,4.0,12642.0,5,3,2,10.0,Loyal Customers
C04369,2025-08-22,Unknown,23.0,Indore,Madhya Pradesh,Social Media,59.0,15.0,52005.0,3,5,5,13.0,Loyal Customers
C00802,2024-09-06,Female,37.0,Hyderabad,Telangana,Referral,507.0,4.0,21998.0,1,3,3,7.0,At Risk
C01289,2025-03-30,Female,40.0,Bengaluru,Karnataka,Social Media,17.0,2.0,8023.0,5,2,2,9.0,Potential Loyalists
C04112,2025-04-16,Male,58.0,Noida,Uttar Pradesh,Social Media,38.0,1.0,7696.0,4,1,2,7.0,Potential Loyalists
C02460,2025-11-15,Male,46.0,Kolkata,West Bengal,Organic Search,0.0,1.0,3986.0,5,1,1,7.0,Potential Loyalists
C03366,2025-01-19,Male,39.0,Pune,Maharashtra,Organic Search,13.0,7.0,26258.0,5,4,4,13.0,Champions
C02827,2024-12-09,Female,31.0,Guwahati,Assam,Paid Ads,487.0,4.0,29236.0,1,3,4,8.0,At Risk
C00257,2025-07-31,Unknown,22.0,Bengaluru,Karnataka,Social Media,9.0,11.0,33403.0,5,5,4,14.0,Champions
C04185,2025-08-18,Male,44.0,Visakhapatnam,Andhra Pradesh,Organic Search,53.0,4.0,22855.0,4,3,4,11.0,Loyal Customers
C03754,2026-03-24,Female,30.0,Hyderabad,Telangana,Social Media,23.0,6.0,33899.0,5,4,4,13.0,Champions
C01152,2025-07-23,Female,29.0,Jaipur,Rajasthan,Paid Ads,119.0,1.0,1148.0,2,1,1,4.0,Lost
C02319,2025-11-26,Male,18.0,Udaipur,Rajasthan,Social Media,247.0,6.0,69437.0,1,4,5,10.0,At Risk
C00648,2024-04-27,Male,49.0,Thiruvananthapuram,Kerala,Referral,47.0,2.0,29042.0,4,2,4,10.0,Potential Loyalists
C03408,2026-04-29,Male,18.0,Faridabad,Haryana,Organic Search,37.0,3.0,7935.0,4,3,2,9.0,Loyal Customers
C01730,2026-02-12,Female,33.0,Nagpur,Maharashtra,Email,187.0,5.0,28895.0,2,4,4,10.0,At Risk
C03723,2026-02-01,Male,38.0,Lucknow,Uttar Pradesh,Paid Ads,178.0,8.0,18803.0,2,5,3,10.0,At Risk
C03790,2025-02-28,Male,44.0,Surat,Gujarat,Paid Ads,343.0,4.0,16153.0,1,3,3,7.0,At Risk
C01316,2024-08-30,Female,31.0,Lucknow,Uttar Pradesh,Organic Search,20.0,6.0,40010.0,5,4,4,13.0,Champions
C02032,2024-12-31,Female,29.0,Kolkata,West Bengal,Organic Search,111.0,4.0,23229.0,3,3,4,10.0,Loyal Customers
C03514,2025-08-15,Male,26.0,Ranchi,Jharkhand,Organic Search,18.0,1.0,1109.0,5,1,1,7.0,Potential Loyalists
C04049,2026-05-22,Male,42.0,Udaipur,Rajasthan,Paid Ads,10.0,1.0,17721.0,5,1,3,9.0,Potential Loyalists
C01920,2025-09-18,Male,28.0,Bengaluru,Karnataka,Social Media,15.0,2.0,40381.0,5,2,4,11.0,Potential Loyalists
C01351,2024-11-17,Male,33.0,Udaipur,Rajasthan,Paid Ads,80.0,14.0,42284.0,3,5,5,13.0,Loyal Customers
C02518,2024-05-16,Female,18.0,Kochi,Kerala,Referral,597.0,3.0,14411.0,1,3,3,7.0,At Risk
C00113,2026-06-06,Male,32.0,Faridabad,Haryana,Organic Search,27.0,3.0,4985.0,5,2,1,8.0,Potential Loyalists
C03152,2026-02-06,Female,33.0,Guwahati,Assam,Paid Ads,46.0,1.0,1309.0,4,1,1,6.0,Potential Loyalists
C00264,2026-04-22,Female,40.0,Ahmedabad,Gujarat,Paid Ads,30.0,1.0,6628.0,4,1,2,7.0,Potential Loyalists
C01394,2025-09-21,Female,30.0,Patna,Bihar,Organic Search,266.0,1.0,6937.0,1,1,2,4.0,Lost
C01908,2025-11-06,Male,31.0,Kolkata,West Bengal,Referral,108.0,7.0,20518.0,3,4,3,10.0,Loyal Customers
C01187,2025-09-06,Male,29.0,Guwahati,Assam,Referral,54.0,5.0,23209.0,4,4,4,12.0,Champions
C02370,2024-12-10,Female,43.0,Coimbatore,Tamil Nadu,Paid Ads,335.0,7.0,48852.0,1,4,5,10.0,At Risk
C00057,2025-01-02,Female,18.0,Surat,Gujarat,Social Media,137.0,8.0,29655.0,2,4,4,10.0,At Risk
C01310,2026-06-16,Female,49.0,Chandigarh,Chandigarh,Social Media,,,,,,,,No Completed Purchase
C00696,2024-11-16,Female,25.0,Jaipur,Rajasthan,Organic Search,99.0,4.0,10025.0,3,3,2,8.0,Loyal Customers
C04215,2026-01-15,Male,46.0,Indore,Madhya Pradesh,Referral,164.0,13.0,46797.0,2,5,5,12.0,At Risk
C03023,2025-12-02,Female,39.0,Thiruvananthapuram,Kerala,Social Media,31.0,9.0,73764.0,4,5,5,14.0,Champions
C03615,2025-06-05,Female,37.0,Indore,Madhya Pradesh,Paid Ads,234.0,3.0,11505.0,1,3,2,6.0,At Risk
C02212,2025-07-08,Female,31.0,Surat,Gujarat,Organic Search,90.0,3.0,27177.0,3,2,4,9.0,Lost
C02874,2026-03-06,Male,31.0,Surat,Gujarat,Organic Search,,,,,,,,No Completed Purchase
C00320,2024-05-30,Male,41.0,Nagpur,Maharashtra,Social Media,106.0,3.0,6794.0,3,2,2,7.0,Lost
C02304,2026-02-05,Male,30.0,Pune,Maharashtra,Referral,202.0,13.0,111408.0,2,5,5,12.0,At Risk
C00683,2024-09-23,Other,28.0,Patna,Unknown,Social Media,29.0,4.0,20350.0,4,3,3,10.0,Loyal Customers
C04042,2025-08-20,Female,33.0,Surat,Gujarat,Organic Search,29.0,12.0,74750.0,4,5,5,14.0,Champions
C03232,2026-02-09,Male,25.0,Mysuru,Karnataka,Paid Ads,162.0,1.0,3628.0,2,1,1,4.0,Lost
C03667,2026-06-09,Male,59.0,Kanpur,Uttar Pradesh,Paid Ads,52.0,15.0,110131.0,4,5,5,14.0,Champions
C03527,2024-08-31,Female,18.0,Guwahati,Assam,Organic Search,121.0,8.0,30606.0,2,5,4,11.0,At Risk
C04429,2025-03-14,Male,23.0,Mumbai,Maharashtra,Paid Ads,27.0,11.0,69811.0,5,5,5,15.0,Champions
C00287,2024-11-20,Female,31.0,Guwahati,Assam,Paid Ads,81.0,5.0,9242.0,3,4,2,9.0,Loyal Customers
C04247,2024-07-05,Male,29.0,Nagpur,Maharashtra,Email,28.0,3.0,34331.0,4,3,4,11.0,Loyal Customers
C02143,2026-01-08,Female,35.0,Bhubaneswar,Odisha,Organic Search,206.0,3.0,19901.0,2,2,3,7.0,Lost
C02433,2025-05-30,Male,31.0,Ahmedabad,Gujarat,Organic Search,115.0,18.0,62479.0,3,5,5,13.0,Loyal Customers
C01747,2026-02-08,Female,26.0,Chennai,Unknown,Organic Search,36.0,2.0,2757.0,4,2,1,7.0,Potential Loyalists
C03221,2025-03-08,Female,33.0,Chennai,Tamil Nadu,Paid Ads,30.0,18.0,106829.0,4,5,5,14.0,Champions
C03519,2025-07-02,Female,35.0,Patna,Bihar,Organic Search,229.0,4.0,12345.0,1,3,2,6.0,At Risk
C01631,2026-05-07,Female,43.0,Nagpur,Maharashtra,Organic Search,55.0,3.0,12793.0,3,2,2,7.0,Lost
C02101,2025-04-28,Female,21.0,Vijayawada,Andhra Pradesh,Social Media,103.0,1.0,13652.0,3,1,3,7.0,Lost
C00737,2025-12-27,Female,51.0,Faridabad,Haryana,Social Media,197.0,8.0,33896.0,2,4,4,10.0,At Risk
C04290,2024-12-07,Female,34.0,Kanpur,Uttar Pradesh,Organic Search,315.0,7.0,22755.0,1,4,3,8.0,At Risk
C00337,2025-03-06,Female,26.0,Noida,Uttar Pradesh,Organic Search,1.0,12.0,52697.0,5,5,5,15.0,Champions
C02403,2024-12-10,Female,33.0,Thiruvananthapuram,Kerala,Social Media,130.0,9.0,38900.0,2,5,4,11.0,At Risk
C02790,2025-05-16,Female,38.0,Hyderabad,Telangana,Referral,19.0,4.0,44601.0,5,3,5,13.0,Loyal Customers
C02660,2024-11-14,Female,31.0,Udaipur,Rajasthan,Referral,150.0,7.0,44080.0,2,4,5,11.0,At Risk
C04417,2025-07-13,Female,31.0,Nagpur,Maharashtra,Email,224.0,1.0,7458.0,1,1,2,4.0,Lost
C01072,2024-12-17,Female,35.0,Ahmedabad,Gujarat,Organic Search,12.0,3.0,7033.0,5,2,2,9.0,Potential Loyalists
C02308,2026-04-18,Male,38.0,Bhopal,Madhya Pradesh,Paid Ads,164.0,5.0,22555.0,2,4,3,9.0,At Risk
C01700,2025-09-23,Male,37.0,Pune,Maharashtra,Organic Search,51.0,5.0,17240.0,4,4,3,11.0,Loyal Customers
C04731,2024-11-06,Male,25.0,Gurugram,Haryana,Organic Search,31.0,1.0,359.0,4,2,1,7.0,Potential Loyalists
C04824,2025-11-25,Female,18.0,Ahmedabad,Gujarat,Organic Search,58.0,3.0,8745.0,3,3,2,8.0,Loyal Customers
C04125,2026-02-23,Male,18.0,Kolkata,West Bengal,Organic Search,30.0,9.0,59699.0,4,5,5,14.0,Champions
C03947,2025-06-03,Male,45.0,Hyderabad,Telangana,Social Media,18.0,4.0,15543.0,5,3,3,11.0,Loyal Customers
C03385,2024-12-12,Female,22.0,Guwahati,Assam,Paid Ads,89.0,2.0,6766.0,3,2,2,7.0,Lost
C01489,2026-05-06,Other,31.0,Mysuru,Karnataka,Referral,30.0,2.0,17137.0,4,2,3,9.0,Potential Loyalists
C00499,2025-06-23,Female,23.0,Bhopal,Madhya Pradesh,Paid Ads,48.0,10.0,130273.0,4,5,5,14.0,Champions
C04357,2025-08-19,Male,35.0,Patna,Bihar,Referral,68.0,4.0,18052.0,3,3,3,9.0,Loyal Customers
C04597,2026-02-20,Male,44.0,Mysuru,Karnataka,Organic Search,36.0,7.0,21208.0,4,4,3,11.0,Loyal Customers
C02576,2024-09-08,Male,31.0,Visakhapatnam,Andhra Pradesh,Paid Ads,55.0,3.0,9686.0,3,3,2,8.0,Loyal Customers
C02358,2025-10-10,Male,30.0,Udaipur,Rajasthan,Social Media,266.0,4.0,23647.0,1,3,4,8.0,At Risk
C02940,2026-04-21,Male,21.0,Bengaluru,Karnataka,Social Media,82.0,1.0,10776.0,3,1,2,6.0,Lost
C03056,2024-12-04,Male,22.0,Lucknow,Uttar Pradesh,Organic Search,119.0,7.0,27985.0,2,4,4,10.0,At Risk
C03151,2026-02-03,Female,31.0,Bhopal,Madhya Pradesh,Organic Search,200.0,2.0,4047.0,2,2,1,5.0,Lost
C01611,2025-01-26,Female,33.0,Patna,Bihar,Social Media,4.0,13.0,73987.0,5,5,5,15.0,Champions
C02174,2024-10-23,Male,31.0,Surat,Gujarat,Paid Ads,201.0,5.0,54112.0,2,4,5,11.0,At Risk
C02296,2026-04-21,Female,18.0,Bengaluru,Karnataka,Paid Ads,65.0,2.0,9645.0,3,2,2,7.0,Lost
C04934,2025-09-27,Male,28.0,Udaipur,Rajasthan,Paid Ads,241.0,6.0,33242.0,1,4,4,9.0,At Risk
C01023,2026-07-09,Female,29.0,Mysuru,Karnataka,Paid Ads,26.0,1.0,1249.0,5,1,1,7.0,Potential Loyalists
C02300,2026-03-19,Female,34.0,Pune,Maharashtra,Organic Search,34.0,15.0,104780.0,4,5,5,14.0,Champions
C04899,2025-01-02,Male,20.0,Ranchi,Jharkhand,Paid Ads,42.0,2.0,4548.0,4,2,1,7.0,Potential Loyalists
C02017,2026-07-02,Female,37.0,Nagpur,Maharashtra,Paid Ads,32.0,3.0,5824.0,4,2,1,7.0,Potential Loyalists
C03114,2025-07-07,Male,32.0,Kochi,Kerala,Paid Ads,412.0,3.0,30181.0,1,3,4,8.0,At Risk
C04990,2024-10-21,Male,33.0,Kanpur,Uttar Pradesh,Social Media,502.0,5.0,65892.0,1,4,5,10.0,At Risk
C00666,2024-10-07,Female,20.0,Visakhapatnam,Andhra Pradesh,Email,249.0,8.0,27295.0,1,4,4,9.0,At Risk
C04642,2025-06-15,Unknown,32.0,Bhubaneswar,Odisha,Social Media,180.0,6.0,28536.0,2,4,4,10.0,At Risk
C02657,2026-06-27,Female,30.0,Kanpur,Uttar Pradesh,Paid Ads,69.0,7.0,23037.0,3,4,4,11.0,Loyal Customers
C04227,2025-09-14,Male,25.0,Ranchi,Jharkhand,Social Media,120.0,8.0,47062.0,2,5,5,12.0,At Risk
C04278,2026-01-27,Female,33.0,Chennai,Tamil Nadu,Organic Search,158.0,1.0,3209.0,2,1,1,4.0,Lost
C02451,2024-06-13,Male,30.0,Delhi,Delhi,Social Media,57.0,5.0,9432.0,3,4,2,9.0,Loyal Customers
C01018,2024-10-07,Female,23.0,Kanpur,Uttar Pradesh,Paid Ads,56.0,5.0,27555.0,3,4,4,11.0,Loyal Customers
C00558,2024-12-17,Male,21.0,Visakhapatnam,Andhra Pradesh,Referral,222.0,1.0,9804.0,1,1,2,4.0,Lost
C02417,2026-04-04,Male,32.0,Hyderabad,Telangana,Paid Ads,8.0,7.0,18562.0,5,4,3,12.0,Loyal Customers
C01208,2025-01-18,Female,23.0,Thiruvananthapuram,Kerala,Organic Search,12.0,3.0,8316.0,5,2,2,9.0,Potential Loyalists
C03347,2026-05-02,Female,39.0,Jaipur,Rajasthan,Social Media,118.0,2.0,5316.0,2,2,1,5.0,Lost
C03607,2025-10-12,Male,36.0,Hyderabad,Telangana,Social Media,155.0,2.0,15693.0,2,2,3,7.0,Lost
C04418,2025-06-20,Male,22.0,Bhubaneswar,Odisha,Organic Search,23.0,1.0,7907.0,5,1,2,8.0,Potential Loyalists
C01511,2024-07-12,Female,21.0,Hyderabad,Telangana,Paid Ads,,,,,,,,No Completed Purchase
C02952,2025-11-14,Female,19.0,Nagpur,Maharashtra,Email,182.0,4.0,26470.0,2,3,4,9.0,At Risk
C00246,2024-05-16,Male,22.0,Ahmedabad,Gujarat,Organic Search,175.0,4.0,12163.0,2,3,2,7.0,At Risk
C01164,2025-11-07,Other,34.0,Indore,Madhya Pradesh,Social Media,69.0,5.0,12902.0,3,4,2,9.0,Loyal Customers
C02604,2025-11-15,Male,29.0,Gurugram,Haryana,Organic Search,242.0,16.0,64910.0,1,5,5,11.0,At Risk
C00267,2026-02-21,Female,43.0,Kochi,Kerala,Organic Search,73.0,7.0,45297.0,3,4,5,12.0,Loyal Customers
C04687,2024-09-14,Female,26.0,Noida,Uttar Pradesh,Social Media,183.0,5.0,43764.0,2,4,5,11.0,At Risk
C01115,2024-11-30,Female,31.0,Ranchi,Jharkhand,Referral,110.0,9.0,62238.0,3,5,5,13.0,Loyal Customers
C00064,2026-01-20,Male,47.0,Bhubaneswar,Odisha,Paid Ads,220.0,4.0,29636.0,1,3,4,8.0,At Risk
C02611,2025-11-28,Male,45.0,Thiruvananthapuram,Kerala,Email,270.0,5.0,23831.0,1,4,4,9.0,At Risk
C02187,2025-11-23,Male,18.0,Chennai,Tamil Nadu,Paid Ads,88.0,1.0,719.0,3,1,1,5.0,Lost
C02776,2026-02-01,Male,40.0,Mumbai,Maharashtra,Organic Search,2.0,12.0,37600.0,5,5,4,14.0,Champions
C03695,2025-09-29,Female,43.0,Lucknow,Uttar Pradesh,Referral,56.0,3.0,8194.0,3,3,2,8.0,Loyal Customers
C03095,2026-01-12,Male,50.0,Coimbatore,Tamil Nadu,Paid Ads,73.0,2.0,16643.0,3,2,3,8.0,Lost
C02046,2026-03-10,Male,28.0,Bhubaneswar,Odisha,Referral,105.0,5.0,92269.0,3,4,5,12.0,Loyal Customers
C02834,2025-09-24,Male,41.0,Coimbatore,Tamil Nadu,Social Media,157.0,3.0,26437.0,2,3,4,9.0,At Risk
C02277,2024-12-19,Male,31.0,Bengaluru,Karnataka,Social Media,295.0,6.0,37619.0,1,4,4,9.0,At Risk
C02079,2025-12-04,Male,38.0,Chennai,Tamil Nadu,Organic Search,261.0,1.0,20374.0,1,1,3,5.0,Lost
C03194,2024-04-13,Female,33.0,Chandigarh,Chandigarh,Organic Search,53.0,3.0,17483.0,4,3,3,10.0,Loyal Customers
C01238,2025-12-17,Female,49.0,Chennai,Tamil Nadu,Organic Search,3.0,3.0,9797.0,5,2,2,9.0,Potential Loyalists
C00104,2025-05-11,Male,40.0,Patna,Bihar,Social Media,332.0,1.0,2319.0,1,1,1,3.0,Lost
C02795,2026-05-25,Female,26.0,Surat,Gujarat,Paid Ads,64.0,2.0,8066.0,3,2,2,7.0,Lost
C00273,2024-08-19,Female,28.0,Udaipur,Rajasthan,Social Media,135.0,1.0,16981.0,2,1,3,6.0,Lost
C00509,2025-09-07,Male,34.0,Bengaluru,Karnataka,Social Media,139.0,1.0,6016.0,2,1,1,4.0,Lost
C02291,2026-05-03,Male,34.0,Bhopal,Madhya Pradesh,Paid Ads,22.0,10.0,39423.0,5,5,4,14.0,Champions
C04946,2026-06-19,Female,23.0,Ahmedabad,Gujarat,Paid Ads,74.0,1.0,10774.0,3,2,2,7.0,Lost
C03352,2025-03-25,Female,31.0,Mumbai,Maharashtra,Referral,279.0,3.0,6856.0,1,3,2,6.0,At Risk
C00866,2025-09-06,Male,20.0,Thiruvananthapuram,Kerala,Referral,,,,,,,,No Completed Purchase
C02452,2025-06-06,Female,31.0,Delhi,Delhi,Organic Search,38.0,1.0,4308.0,4,1,1,6.0,Potential Loyalists
C00909,2025-09-30,Male,34.0,Ahmedabad,Gujarat,Organic Search,106.0,2.0,22096.0,3,2,3,8.0,Lost
C02132,2025-12-18,Female,31.0,Udaipur,Rajasthan,Paid Ads,56.0,1.0,1748.0,3,1,1,5.0,Lost
C02978,2024-03-06,Male,18.0,Gurugram,Haryana,Referral,45.0,8.0,48572.0,4,5,5,14.0,Champions
C03918,2024-08-12,Female,30.0,Surat,Gujarat,Paid Ads,351.0,6.0,54228.0,1,4,5,10.0,At Risk
C01628,2025-07-22,Female,45.0,Guwahati,Assam,Paid Ads,352.0,2.0,13023.0,1,2,3,6.0,Lost
C03107,2026-01-26,Male,38.0,Delhi,Delhi,Social Media,83.0,3.0,32410.0,3,3,4,10.0,Loyal Customers
C01523,2026-05-13,Female,38.0,Patna,Bihar,Referral,52.0,7.0,18951.0,4,4,3,11.0,Loyal Customers
C00836,2024-10-05,Female,20.0,Kochi,Kerala,Organic Search,435.0,5.0,14982.0,1,4,3,8.0,At Risk
C00359,2025-06-23,Male,40.0,Noida,Uttar Pradesh,Paid Ads,91.0,14.0,44343.0,3,5,5,13.0,Loyal Customers
C00139,2025-03-06,Male,46.0,Thiruvananthapuram,Kerala,Organic Search,61.0,15.0,40244.0,3,5,4,12.0,Loyal Customers
C00300,2024-08-15,Male,25.0,Kolkata,West Bengal,Organic Search,138.0,1.0,719.0,2,1,1,4.0,Lost
C01557,2025-01-07,Male,33.0,Ranchi,Jharkhand,Paid Ads,524.0,12.0,76130.0,1,5,5,11.0,At Risk
C01004,2025-03-15,Female,35.0,Jaipur,Rajasthan,Social Media,297.0,1.0,2778.0,1,1,1,3.0,Lost
C00383,2026-01-11,Female,30.0,Ahmedabad,Gujarat,Organic Search,103.0,3.0,24449.0,3,2,4,9.0,Lost
C00942,2024-10-02,Female,28.0,Thiruvananthapuram,Kerala,Organic Search,,,,,,,,No Completed Purchase
C01943,2025-05-21,Female,29.0,Guwahati,Assam,Organic Search,6.0,3.0,18370.0,5,2,3,10.0,Potential Loyalists
C04679,2025-04-24,Female,33.0,Lucknow,Uttar Pradesh,Social Media,44.0,1.0,8397.0,4,2,2,8.0,Potential Loyalists
C00762,2025-08-12,Male,34.0,Guwahati,Assam,Paid Ads,52.0,3.0,17879.0,4,2,3,9.0,Potential Loyalists
C01733,2026-05-18,Other,47.0,Gurugram,Haryana,Email,133.0,2.0,17092.0,2,2,3,7.0,Lost
C01903,2024-12-21,Male,41.0,Ahmedabad,Gujarat,Social Media,54.0,4.0,22461.0,4,3,3,10.0,Loyal Customers
C04928,2024-11-15,Male,23.0,Indore,Madhya Pradesh,Social Media,59.0,8.0,26357.0,3,5,4,12.0,Loyal Customers
C02104,2026-05-30,Female,25.0,Surat,Gujarat,Social Media,40.0,4.0,12974.0,4,3,2,9.0,Loyal Customers
C04688,2026-01-28,Male,34.0,Noida,Uttar Pradesh,Paid Ads,14.0,1.0,4438.0,5,2,1,8.0,Potential Loyalists
C00899,2025-12-25,Male,32.0,Noida,Uttar Pradesh,Paid Ads,20.0,9.0,35763.0,5,5,4,14.0,Champions
C04021,2025-07-22,Female,36.0,Vijayawada,Andhra Pradesh,Social Media,66.0,5.0,28005.0,3,4,4,11.0,Loyal Customers
C04565,2024-11-17,Other,28.0,Delhi,Delhi,Referral,52.0,7.0,23069.0,4,4,4,12.0,Champions
C01403,2025-01-02,Male,18.0,Mysuru,Karnataka,Paid Ads,19.0,10.0,35495.0,5,5,4,14.0,Champions
C02276,2025-12-12,Male,24.0,Mysuru,Karnataka,Social Media,,,,,,,,No Completed Purchase
C03807,2025-03-19,Female,19.0,Patna,Bihar,Email,514.0,5.0,54941.0,1,4,5,10.0,At Risk
C04399,2026-01-24,Female,26.0,Kolkata,West Bengal,Paid Ads,214.0,15.0,52173.0,1,5,5,11.0,At Risk
C03655,2025-09-29,Male,18.0,Kochi,Kerala,Paid Ads,113.0,1.0,3438.0,3,1,1,5.0,Lost
C01513,2026-03-08,Female,31.0,Chennai,Tamil Nadu,Paid Ads,12.0,3.0,13192.0,5,2,3,10.0,Potential Loyalists
C01189,2025-02-10,Female,20.0,Kochi,Kerala,Paid Ads,85.0,5.0,68981.0,3,4,5,12.0,Loyal Customers
C03008,2024-07-29,Male,34.0,Kochi,Kerala,Social Media,499.0,5.0,16291.0,1,4,3,8.0,At Risk
C03465,2026-06-28,Male,51.0,Surat,Gujarat,Social Media,69.0,2.0,8076.0,3,2,2,7.0,Lost
C03898,2024-07-22,Male,25.0,Nagpur,Maharashtra,Paid Ads,167.0,1.0,1799.0,2,1,1,4.0,Lost
C03456,2024-07-29,Female,32.0,Mysuru,Karnataka,Organic Search,17.0,2.0,9367.0,5,2,2,9.0,Potential Loyalists
C00109,2025-11-22,Male,24.0,Lucknow,Uttar Pradesh,Organic Search,188.0,1.0,1649.0,2,1,1,4.0,Lost
C02752,2025-07-19,Male,29.0,Bengaluru,Karnataka,Paid Ads,375.0,10.0,33672.0,1,5,4,10.0,At Risk
C02464,2025-08-23,Male,28.0,Vijayawada,Andhra Pradesh,Paid Ads,12.0,3.0,9134.0,5,3,2,10.0,Loyal Customers
C04789,2025-08-03,Male,21.0,Udaipur,Rajasthan,Organic Search,22.0,4.0,21298.0,5,3,3,11.0,Loyal Customers
C00059,2025-12-29,Male,37.0,Vijayawada,Andhra Pradesh,Paid Ads,195.0,9.0,50496.0,2,5,5,12.0,At Risk
C00077,2024-12-09,Female,32.0,Jaipur,Rajasthan,Paid Ads,25.0,4.0,14181.0,5,3,3,11.0,Loyal Customers
C00797,2024-11-05,Female,39.0,Nagpur,Maharashtra,Social Media,454.0,8.0,27366.0,1,5,4,10.0,At Risk
C00369,2024-11-21,Male,49.0,Lucknow,Uttar Pradesh,Organic Search,37.0,2.0,12511.0,4,2,2,8.0,Potential Loyalists
C04918,2026-05-08,Female,26.0,Indore,Madhya Pradesh,Email,20.0,5.0,18670.0,5,4,3,12.0,Loyal Customers
C00786,2025-11-16,Male,18.0,Mysuru,Karnataka,Organic Search,181.0,11.0,116703.0,2,5,5,12.0,At Risk
C02223,2025-12-26,Other,23.0,Gurugram,Haryana,Paid Ads,119.0,7.0,19037.0,2,4,3,9.0,At Risk
C02631,2025-07-10,Female,28.0,Coimbatore,Tamil Nadu,Paid Ads,75.0,5.0,24886.0,3,4,4,11.0,Loyal Customers
C02037,2025-12-12,Other,21.0,Visakhapatnam,Andhra Pradesh,Social Media,17.0,3.0,9642.0,5,2,2,9.0,Potential Loyalists
C02355,2024-10-31,Female,28.0,Jaipur,Rajasthan,Social Media,23.0,3.0,10417.0,5,3,2,10.0,Loyal Customers
C03553,2025-08-02,Female,34.0,Hyderabad,Telangana,Email,212.0,1.0,4587.0,1,1,1,3.0,Lost
C02268,2025-06-26,Female,36.0,Bhopal,Madhya Pradesh,Social Media,15.0,1.0,3098.0,5,1,1,7.0,Potential Loyalists
C00122,2024-07-02,Other,37.0,Mumbai,Maharashtra,Social Media,172.0,5.0,32365.0,2,3,4,9.0,At Risk
C01873,2025-05-30,Male,46.0,Lucknow,Uttar Pradesh,Paid Ads,22.0,7.0,31908.0,5,4,4,13.0,Champions
C04512,2026-02-20,Male,38.0,Chandigarh,Chandigarh,Organic Search,158.0,3.0,8316.0,2,3,2,7.0,At Risk
C04555,2025-12-20,Female,33.0,Indore,Madhya Pradesh,Referral,32.0,3.0,10503.0,4,3,2,9.0,Loyal Customers
C00911,2024-12-17,Male,21.0,Pune,Maharashtra,Referral,46.0,4.0,53503.0,4,3,5,12.0,Loyal Customers
C00125,2025-03-23,Male,41.0,Faridabad,Haryana,Email,5.0,4.0,40476.0,5,3,4,12.0,Loyal Customers
C03186,2025-02-28,Male,43.0,Lucknow,Uttar Pradesh,Paid Ads,,,,,,,,No Completed Purchase
C01587,2024-09-29,Male,18.0,Hyderabad,Telangana,Organic Search,85.0,1.0,6436.0,3,1,1,5.0,Lost
C01258,2024-10-03,Female,23.0,Thiruvananthapuram,Kerala,Email,138.0,2.0,6444.0,2,2,1,5.0,Lost
C03460,2025-01-14,Female,32.0,Noida,Uttar Pradesh,Organic Search,378.0,8.0,74557.0,1,5,5,11.0,At Risk
C03500,2025-02-26,Female,20.0,Indore,Madhya Pradesh,Email,71.0,6.0,28369.0,3,4,4,11.0,Loyal Customers
C03604,2026-01-26,Female,26.0,Vijayawada,Andhra Pradesh,Organic Search,151.0,7.0,35339.0,2,4,4,10.0,At Risk
C01179,2025-09-29,Male,21.0,Kochi,Kerala,Organic Search,283.0,2.0,8166.0,1,2,2,5.0,Lost
C03808,2026-06-20,Female,37.0,Bengaluru,Karnataka,Paid Ads,37.0,2.0,11325.0,4,2,2,8.0,Potential Loyalists
C03489,2025-10-12,Male,18.0,Jaipur,Rajasthan,Social Media,50.0,8.0,43275.0,4,5,5,14.0,Champions
C03090,2025-08-30,Female,22.0,Ranchi,Jharkhand,Organic Search,262.0,1.0,719.0,1,1,1,3.0,Lost
C03800,2026-03-08,Male,38.0,Faridabad,Haryana,Organic Search,46.0,1.0,2309.0,4,1,1,6.0,Potential Loyalists
C00443,2026-03-22,Female,31.0,Bengaluru,Karnataka,Paid Ads,14.0,1.0,9694.0,5,1,2,8.0,Potential Loyalists
C01933,2025-07-13,Female,40.0,Lucknow,Uttar Pradesh,Paid Ads,385.0,8.0,25636.0,1,5,4,10.0,At Risk
C04440,2025-10-19,Male,31.0,Mysuru,Karnataka,Organic Search,47.0,1.0,6747.0,4,1,2,7.0,Potential Loyalists
C00926,2025-09-20,Female,23.0,Bengaluru,Karnataka,Organic Search,103.0,3.0,42441.0,3,2,5,10.0,Lost
C02438,2024-06-02,Male,18.0,Kanpur,Uttar Pradesh,Social Media,121.0,4.0,46635.0,2,3,5,10.0,At Risk
C03521,2025-04-20,Female,34.0,Indore,Madhya Pradesh,Organic Search,70.0,4.0,13941.0,3,3,3,9.0,Loyal Customers
C04783,2025-07-08,Female,38.0,Mysuru,Karnataka,Email,19.0,7.0,35238.0,5,4,4,13.0,Champions
C01412,2026-03-05,Male,32.0,Indore,Madhya Pradesh,Social Media,123.0,13.0,173785.0,2,5,5,12.0,At Risk
C03486,2025-01-16,Female,18.0,Visakhapatnam,Andhra Pradesh,Referral,26.0,13.0,50257.0,5,5,5,15.0,Champions
C01778,2024-03-28,Unknown,36.0,Vijayawada,Unknown,Social Media,39.0,4.0,13910.0,4,3,3,10.0,Loyal Customers
C01510,2026-03-26,Male,23.0,Guwahati,Assam,Paid Ads,60.0,14.0,65299.0,3,5,5,13.0,Loyal Customers
C01228,2026-04-16,Female,34.0,Bhubaneswar,Unknown,Paid Ads,32.0,1.0,2508.0,4,1,1,6.0,Potential Loyalists
C03622,2024-09-23,Female,34.0,Gurugram,Haryana,Paid Ads,63.0,1.0,2848.0,3,1,1,5.0,Lost
C02373,2025-08-22,Female,37.0,Visakhapatnam,Andhra Pradesh,Organic Search,373.0,1.0,3719.0,1,1,1,3.0,Lost
C04131,2025-02-21,Female,40.0,Visakhapatnam,Andhra Pradesh,Referral,20.0,4.0,11783.0,5,3,2,10.0,Loyal Customers
C03939,2025-01-15,Male,30.0,Guwahati,Assam,Organic Search,13.0,9.0,28937.0,5,5,4,14.0,Champions
C00325,2025-07-11,Male,29.0,Bengaluru,Karnataka,Paid Ads,188.0,2.0,28520.0,2,2,4,8.0,Lost
C03098,2024-06-25,Other,35.0,Kanpur,Uttar Pradesh,Social Media,388.0,12.0,31732.0,1,5,4,10.0,At Risk
C04847,2025-12-11,Female,31.0,Patna,Unknown,Social Media,29.0,3.0,23477.0,4,3,4,11.0,Loyal Customers
C02183,2025-10-04,Female,46.0,Faridabad,Haryana,Social Media,77.0,6.0,48147.0,3,4,5,12.0,Loyal Customers
C03317,2025-08-09,Male,42.0,Mysuru,Karnataka,Paid Ads,32.0,7.0,57660.0,4,4,5,13.0,Champions
C03054,2025-04-06,Male,18.0,Vijayawada,Andhra Pradesh,Organic Search,268.0,4.0,8975.0,1,3,2,6.0,At Risk
C01499,2025-10-07,Male,34.0,Hyderabad,Telangana,Social Media,297.0,1.0,469.0,1,1,1,3.0,Lost
C01503,2026-07-01,Male,32.0,Bhopal,Madhya Pradesh,Paid Ads,123.0,2.0,13264.0,2,2,3,7.0,Lost
C01007,2024-08-13,Female,18.0,Patna,Unknown,Email,299.0,6.0,15161.0,1,4,3,8.0,At Risk
C04294,2025-03-25,Male,51.0,Lucknow,Uttar Pradesh,Social Media,260.0,1.0,16055.0,1,1,3,5.0,Lost
C02859,2026-03-30,Female,35.0,Indore,Madhya Pradesh,Paid Ads,117.0,2.0,9026.0,2,2,2,6.0,Lost
C01468,2025-03-03,Female,18.0,Ahmedabad,Gujarat,Paid Ads,510.0,4.0,10724.0,1,3,2,6.0,At Risk
C01226,2026-02-27,Male,47.0,Ahmedabad,Gujarat,Organic Search,6.0,3.0,8735.0,5,2,2,9.0,Potential Loyalists
C04935,2025-09-16,Other,31.0,Faridabad,Haryana,Paid Ads,53.0,1.0,19784.0,4,2,3,9.0,Potential Loyalists
C02285,2025-10-20,Male,40.0,Jaipur,Rajasthan,Organic Search,222.0,4.0,14052.0,1,3,3,7.0,At Risk
C02022,2025-06-23,Male,20.0,Ranchi,Jharkhand,Email,18.0,5.0,54922.0,5,4,5,14.0,Champions
C01217,2025-03-23,Male,18.0,Patna,Bihar,Referral,38.0,3.0,31450.0,4,2,4,10.0,Potential Loyalists
C03998,2025-03-26,Female,25.0,Coimbatore,Tamil Nadu,Social Media,143.0,3.0,31577.0,2,3,4,9.0,At Risk
C04275,2026-01-01,Female,21.0,Kanpur,Uttar Pradesh,Email,191.0,8.0,22457.0,2,5,3,10.0,At Risk
C00421,2025-02-08,Other,32.0,Indore,Madhya Pradesh,Organic Search,51.0,14.0,55342.0,4,5,5,14.0,Champions
C04476,2025-11-14,Male,36.0,Udaipur,Rajasthan,Paid Ads,132.0,3.0,9806.0,2,3,2,7.0,At Risk
C00007,2026-01-30,Male,53.0,Bhubaneswar,Odisha,Organic Search,18.0,5.0,15099.0,5,3,3,11.0,Loyal Customers
C00933,2024-11-13,Female,33.0,Ahmedabad,Gujarat,Paid Ads,176.0,7.0,24466.0,2,4,4,10.0,At Risk
C01692,2025-01-13,Female,30.0,Indore,Madhya Pradesh,Referral,53.0,1.0,4638.0,4,1,1,6.0,Potential Loyalists
C00440,2025-03-06,Female,32.0,Hyderabad,Telangana,Social Media,99.0,12.0,81675.0,3,5,5,13.0,Loyal Customers
C01314,2026-01-04,Female,35.0,Guwahati,Assam,Social Media,19.0,5.0,24253.0,5,4,4,13.0,Champions
C00679,2025-02-17,Male,41.0,Visakhapatnam,Andhra Pradesh,Social Media,68.0,2.0,11864.0,3,2,2,7.0,Lost
C01973,2025-02-22,Female,41.0,Kochi,Kerala,Social Media,296.0,1.0,3397.0,1,1,1,3.0,Lost
C04623,2026-01-13,Male,26.0,Thiruvananthapuram,Kerala,Paid Ads,23.0,8.0,49315.0,5,5,5,15.0,Champions
C04389,2025-12-29,Male,26.0,Guwahati,Assam,Social Media,11.0,3.0,8615.0,5,3,2,10.0,Loyal Customers
C02484,2024-09-01,Female,22.0,Lucknow,Uttar Pradesh,Paid Ads,37.0,1.0,2648.0,4,1,1,6.0,Potential Loyalists
C04646,2025-05-01,Female,42.0,Nagpur,Maharashtra,Social Media,174.0,1.0,1479.0,2,2,1,5.0,Lost
C02635,2024-11-24,Female,34.0,Ranchi,Jharkhand,Paid Ads,181.0,8.0,85186.0,2,5,5,12.0,At Risk
C02536,2025-12-07,Male,39.0,Kanpur,Uttar Pradesh,Organic Search,50.0,2.0,4438.0,4,2,1,7.0,Potential Loyalists
C02457,2024-12-16,Female,34.0,Ahmedabad,Gujarat,Email,1.0,3.0,20139.0,5,3,3,11.0,Loyal Customers
C04059,2025-06-10,Male,21.0,Kochi,Kerala,Social Media,73.0,4.0,11385.0,3,3,2,8.0,Loyal Customers
C02819,2025-12-11,Male,34.0,Faridabad,Haryana,Social Media,42.0,12.0,50993.0,4,5,5,14.0,Champions
C04257,2025-12-01,Female,31.0,Mysuru,Karnataka,Social Media,24.0,14.0,100372.0,5,5,5,15.0,Champions
C03380,2025-04-09,Female,38.0,Nagpur,Maharashtra,Organic Search,64.0,5.0,32024.0,3,4,4,11.0,Loyal Customers
C02659,2025-08-19,Male,36.0,Chandigarh,Chandigarh,Paid Ads,5.0,4.0,19897.0,5,3,3,11.0,Loyal Customers
C00195,2026-03-09,Female,49.0,Pune,Maharashtra,Social Media,102.0,12.0,54078.0,3,5,5,13.0,Loyal Customers
C01475,2026-01-18,Female,18.0,Jaipur,Rajasthan,Referral,144.0,3.0,7895.0,2,2,2,6.0,Lost
C04297,2026-04-26,Female,38.0,Thiruvananthapuram,Kerala,Social Media,93.0,1.0,9366.0,3,1,2,6.0,Lost
C01212,2026-05-09,Male,18.0,Indore,Madhya Pradesh,Social Media,22.0,5.0,21871.0,5,4,3,12.0,Loyal Customers
C04695,2024-10-24,Female,31.0,Bhubaneswar,Odisha,Organic Search,35.0,4.0,22405.0,4,3,3,10.0,Loyal Customers
C01658,2025-12-04,Male,43.0,Bhopal,Madhya Pradesh,Referral,261.0,1.0,6416.0,1,1,1,3.0,Lost
C02719,2026-06-24,Male,41.0,Chennai,Tamil Nadu,Referral,53.0,3.0,45188.0,4,3,5,12.0,Loyal Customers
C04834,2026-03-01,Male,33.0,Ranchi,Jharkhand,Social Media,183.0,1.0,8787.0,2,2,2,6.0,Lost
C03833,2025-03-25,Female,18.0,Ranchi,Jharkhand,Organic Search,32.0,1.0,7896.0,4,1,2,7.0,Potential Loyalists
C02237,2024-11-11,Female,25.0,Bengaluru,Karnataka,Email,25.0,1.0,2039.0,5,1,1,7.0,Potential Loyalists
C01875,2025-08-06,Female,35.0,Coimbatore,Tamil Nadu,Organic Search,341.0,14.0,72296.0,1,5,5,11.0,At Risk
C04562,2025-12-24,Male,48.0,Surat,Gujarat,Organic Search,150.0,8.0,23887.0,2,5,4,11.0,At Risk
C01131,2026-07-27,Male,29.0,Bhopal,Madhya Pradesh,Referral,34.0,1.0,1799.0,4,1,1,6.0,Potential Loyalists
C01462,2025-11-18,Male,34.0,Mysuru,Karnataka,Organic Search,36.0,7.0,31466.0,4,4,4,12.0,Champions
C00277,2025-10-10,Female,39.0,Vijayawada,Andhra Pradesh,Organic Search,59.0,9.0,70568.0,3,5,5,13.0,Loyal Customers
C02587,2025-03-31,Female,31.0,Mumbai,Maharashtra,Paid Ads,384.0,2.0,4238.0,1,2,1,4.0,Lost
C02349,2024-07-30,Male,31.0,Bengaluru,Karnataka,Paid Ads,125.0,5.0,24811.0,2,4,4,10.0,At Risk
C02314,2026-01-20,Male,29.0,Chennai,Tamil Nadu,Organic Search,72.0,4.0,44644.0,3,3,5,11.0,Loyal Customers
C01303,2026-04-18,Male,44.0,Gurugram,Haryana,Referral,43.0,4.0,32414.0,4,3,4,11.0,Loyal Customers
C02535,2025-06-06,Male,40.0,Kanpur,Uttar Pradesh,Paid Ads,56.0,4.0,10702.0,3,3,2,8.0,Loyal Customers
C00223,2025-08-12,Male,30.0,Kanpur,Uttar Pradesh,Organic Search,359.0,7.0,53740.0,1,4,5,10.0,At Risk
C04653,2025-04-21,Male,38.0,Kanpur,Uttar Pradesh,Paid Ads,360.0,7.0,19789.0,1,4,3,8.0,At Risk
C02134,2025-01-27,Female,46.0,Guwahati,Assam,Organic Search,13.0,9.0,25964.0,5,5,4,14.0,Champions
C00574,2025-12-18,Male,18.0,Mumbai,Maharashtra,Organic Search,49.0,1.0,10935.0,4,1,2,7.0,Potential Loyalists
C01237,2026-05-07,Male,33.0,Jaipur,Rajasthan,Referral,29.0,5.0,53898.0,4,4,5,13.0,Champions
C03564,2025-01-20,Female,31.0,Pune,Maharashtra,Referral,14.0,1.0,3958.0,5,1,1,7.0,Potential Loyalists
C04382,2025-01-26,Male,38.0,Bhubaneswar,Odisha,Referral,339.0,4.0,16251.0,1,3,3,7.0,At Risk
C01335,2026-04-23,Female,29.0,Jaipur,Rajasthan,Email,160.0,1.0,5128.0,2,1,1,4.0,Lost
C02943,2026-02-18,Male,23.0,Kolkata,West Bengal,Organic Search,18.0,2.0,7086.0,5,2,2,9.0,Potential Loyalists
C00419,2024-04-25,Female,37.0,Faridabad,Haryana,Organic Search,521.0,1.0,1958.0,1,1,1,3.0,Lost
C00268,2024-08-11,Male,41.0,Visakhapatnam,Andhra Pradesh,Paid Ads,,,,,,,,No Completed Purchase
C01105,2025-12-17,Male,26.0,Surat,Gujarat,Organic Search,193.0,10.0,48379.0,2,5,5,12.0,At Risk
C00258,2025-09-12,Female,25.0,Chandigarh,Chandigarh,Paid Ads,158.0,2.0,11642.0,2,2,2,6.0,Lost
C00296,2025-11-02,Male,33.0,Bhopal,Madhya Pradesh,Social Media,135.0,2.0,41606.0,2,2,4,8.0,Lost
C02379,2025-12-13,Unknown,39.0,Visakhapatnam,Andhra Pradesh,Paid Ads,105.0,6.0,35789.0,3,4,4,11.0,Loyal Customers
C00387,2024-10-07,Male,30.0,Mumbai,Maharashtra,Referral,16.0,10.0,41178.0,5,5,4,14.0,Champions
C03327,2025-02-05,Female,39.0,Delhi,Delhi,Email,36.0,1.0,4898.0,4,1,1,6.0,Potential Loyalists
C04796,2026-03-06,Female,18.0,Faridabad,Haryana,Organic Search,134.0,6.0,25878.0,2,4,4,10.0,At Risk
C03804,2024-12-17,Female,20.0,Vijayawada,Andhra Pradesh,Referral,271.0,5.0,78514.0,1,4,5,10.0,At Risk
C02265,2025-10-12,Female,34.0,Chennai,Tamil Nadu,Email,14.0,10.0,74305.0,5,5,5,15.0,Champions
C04348,2025-07-21,Male,35.0,Lucknow,Unknown,Organic Search,143.0,4.0,10324.0,2,3,2,7.0,At Risk
C03535,2026-06-11,Male,20.0,Kolkata,Unknown,Organic Search,144.0,7.0,25379.0,2,4,4,10.0,At Risk
C01868,2026-04-25,Female,39.0,Lucknow,Uttar Pradesh,Paid Ads,38.0,5.0,21222.0,4,4,3,11.0,Loyal Customers
C04397,2026-07-30,Other,28.0,Ahmedabad,Gujarat,Social Media,71.0,4.0,18471.0,3,3,3,9.0,Loyal Customers
C01564,2026-01-31,Female,18.0,Guwahati,Assam,Organic Search,39.0,2.0,10064.0,4,2,2,8.0,Potential Loyalists
C01922,2026-05-18,Female,30.0,Thiruvananthapuram,Kerala,Paid Ads,70.0,11.0,31512.0,3,5,4,12.0,Loyal Customers
C01401,2025-09-30,Female,32.0,Kolkata,West Bengal,Organic Search,301.0,1.0,1908.0,1,1,1,3.0,Lost
C00713,2025-11-28,Male,45.0,Lucknow,Uttar Pradesh,Organic Search,116.0,1.0,15105.0,3,1,3,7.0,Lost
C02367,2025-09-24,Male,35.0,Coimbatore,Tamil Nadu,Paid Ads,23.0,4.0,6575.0,5,3,2,10.0,Loyal Customers
C02548,2026-06-05,Male,32.0,Bhubaneswar,Odisha,Organic Search,32.0,7.0,92676.0,4,4,5,13.0,Champions
C00210,2026-05-31,Male,35.0,Nagpur,Maharashtra,Email,4.0,1.0,3038.0,5,1,1,7.0,Potential Loyalists
C03965,2025-07-16,Male,18.0,Gurugram,Haryana,Paid Ads,22.0,5.0,8634.0,5,4,2,11.0,Loyal Customers
C01290,2025-04-30,Female,25.0,Bhubaneswar,Odisha,Social Media,12.0,15.0,46137.0,5,5,5,15.0,Champions
C02012,2026-05-02,Male,29.0,Ahmedabad,Gujarat,Paid Ads,34.0,2.0,4227.0,4,2,1,7.0,Potential Loyalists
C00450,2024-05-15,Male,39.0,Noida,Uttar Pradesh,Email,243.0,2.0,8427.0,1,2,2,5.0,Lost
C04105,2025-03-20,Female,24.0,Ahmedabad,Gujarat,Organic Search,41.0,3.0,57465.0,4,3,5,12.0,Loyal Customers
C02588,2025-10-11,Male,40.0,Hyderabad,Telangana,Social Media,176.0,4.0,20643.0,2,3,3,8.0,At Risk
C01821,2024-04-08,Male,18.0,Ahmedabad,Gujarat,Social Media,517.0,3.0,7603.0,1,2,2,5.0,Lost
C00959,2026-05-02,Male,37.0,Mumbai,Maharashtra,Paid Ads,3.0,12.0,91809.0,5,5,5,15.0,Champions
C01794,2026-02-25,Male,46.0,Mysuru,Karnataka,Organic Search,25.0,5.0,36353.0,5,4,4,13.0,Champions
C03078,2026-01-11,Male,50.0,Chennai,Tamil Nadu,Social Media,55.0,5.0,15541.0,3,4,3,10.0,Loyal Customers
C00655,2025-08-10,Female,23.0,Bhopal,Madhya Pradesh,Social Media,58.0,15.0,106728.0,3,5,5,13.0,Loyal Customers
C03657,2025-07-12,Male,33.0,Kolkata,West Bengal,Paid Ads,95.0,2.0,5817.0,3,2,1,6.0,Lost
C03874,2026-07-07,Male,36.0,Bhopal,Madhya Pradesh,Social Media,64.0,1.0,249.0,3,1,1,5.0,Lost
C02026,2025-07-26,Female,18.0,Kochi,Unknown,Paid Ads,130.0,8.0,55551.0,2,5,5,12.0,At Risk
C01761,2024-12-30,Male,50.0,Visakhapatnam,Unknown,Organic Search,294.0,1.0,5487.0,1,1,1,3.0,Lost
C04211,2025-12-21,Female,42.0,Chandigarh,Chandigarh,Organic Search,12.0,4.0,12653.0,5,3,2,10.0,Loyal Customers
C02760,2024-08-03,Unknown,34.0,Lucknow,Uttar Pradesh,Paid Ads,34.0,12.0,90917.0,4,5,5,14.0,Champions
C02663,2025-02-28,Female,30.0,Patna,Bihar,Paid Ads,115.0,1.0,3948.0,3,1,1,5.0,Lost
C00412,2026-02-14,Female,18.0,Visakhapatnam,Andhra Pradesh,Organic Search,7.0,4.0,7155.0,5,3,2,10.0,Loyal Customers
C01775,2025-03-07,Male,36.0,Mysuru,Karnataka,Paid Ads,153.0,6.0,23780.0,2,4,4,10.0,At Risk
C02922,2025-06-08,Male,34.0,Coimbatore,Tamil Nadu,Social Media,48.0,6.0,22479.0,4,4,3,11.0,Loyal Customers
C03086,2026-02-26,Female,28.0,Bengaluru,Karnataka,Paid Ads,48.0,13.0,80656.0,4,5,5,14.0,Champions
C03685,2024-11-19,Male,21.0,Noida,Uttar Pradesh,Paid Ads,11.0,7.0,48912.0,5,4,5,14.0,Champions
C02645,2025-12-07,Female,27.0,Pune,Maharashtra,Email,41.0,5.0,105005.0,4,4,5,13.0,Champions
C04324,2024-04-21,Male,42.0,Mysuru,Karnataka,Paid Ads,30.0,1.0,329.0,4,1,1,6.0,Potential Loyalists
C04787,2026-02-16,Female,28.0,Bhopal,Madhya Pradesh,Social Media,109.0,4.0,20396.0,3,3,3,9.0,Loyal Customers
C04798,2026-03-29,Male,31.0,Nagpur,Maharashtra,Referral,129.0,3.0,19150.0,2,3,3,8.0,At Risk
C03050,2025-10-22,Other,31.0,Jaipur,Rajasthan,Paid Ads,201.0,2.0,9854.0,2,2,2,6.0,Lost
C02836,2026-05-05,Male,49.0,Kolkata,West Bengal,Organic Search,63.0,2.0,4647.0,3,2,1,6.0,Lost
C03921,2025-10-01,Male,43.0,Coimbatore,Tamil Nadu,Paid Ads,39.0,5.0,11124.0,4,4,2,10.0,Loyal Customers
C04810,2025-01-13,Male,28.0,Visakhapatnam,Andhra Pradesh,Paid Ads,44.0,4.0,20338.0,4,3,3,10.0,Loyal Customers
C04997,2025-10-05,Male,37.0,Surat,Gujarat,Organic Search,44.0,1.0,12493.0,4,2,2,8.0,Potential Loyalists
C04281,2026-07-07,Male,38.0,Ahmedabad,Gujarat,Organic Search,46.0,2.0,3038.0,4,2,1,7.0,Potential Loyalists
C03590,2025-07-04,Male,34.0,Bhubaneswar,Odisha,Organic Search,318.0,1.0,3008.0,1,1,1,3.0,Lost
C00431,2025-12-02,Female,25.0,Indore,Madhya Pradesh,Paid Ads,65.0,12.0,96321.0,3,5,5,13.0,Loyal Customers
C03686,2026-07-02,Female,36.0,Faridabad,Haryana,Paid Ads,56.0,14.0,83940.0,3,5,5,13.0,Loyal Customers
C04618,2025-06-04,Female,19.0,Jaipur,Rajasthan,Social Media,337.0,11.0,62120.0,1,5,5,11.0,At Risk
C01367,2024-02-16,Unknown,35.0,Kolkata,West Bengal,Paid Ads,20.0,2.0,10287.0,5,2,2,9.0,Potential Loyalists
C02023,2025-06-06,Male,27.0,Pune,Maharashtra,Paid Ads,214.0,1.0,2128.0,1,1,1,3.0,Lost
C04771,2026-05-04,Male,46.0,Udaipur,Rajasthan,Paid Ads,,,,,,,,No Completed Purchase
C01177,2025-07-08,Female,29.0,Kanpur,Uttar Pradesh,Social Media,156.0,2.0,2477.0,2,2,1,5.0,Lost
C03351,2025-09-30,Male,25.0,Surat,Gujarat,Organic Search,288.0,9.0,42120.0,1,5,5,11.0,At Risk
C01477,2025-10-03,Male,18.0,Ahmedabad,Gujarat,Referral,238.0,2.0,5427.0,1,2,1,4.0,Lost
C03397,2024-08-27,Male,32.0,Kochi,Kerala,Organic Search,536.0,6.0,18290.0,1,4,3,8.0,At Risk
C02064,2026-05-17,Male,34.0,Surat,Gujarat,Paid Ads,38.0,1.0,2319.0,4,1,1,6.0,Potential Loyalists
C00103,2024-04-18,Male,29.0,Guwahati,Assam,Social Media,4.0,2.0,8605.0,5,2,2,9.0,Potential Loyalists
C02119,2024-09-22,Male,40.0,Coimbatore,Tamil Nadu,Referral,32.0,11.0,80541.0,4,5,5,14.0,Champions
C02030,2025-01-20,Male,31.0,Pune,Maharashtra,Social Media,54.0,3.0,26727.0,4,2,4,10.0,Potential Loyalists
C01264,2025-08-19,Female,18.0,Udaipur,Rajasthan,Paid Ads,362.0,3.0,24360.0,1,2,4,7.0,Lost
C02900,2024-05-30,Male,35.0,Gurugram,Haryana,Referral,300.0,1.0,6747.0,1,1,2,4.0,Lost
C03955,2026-03-31,Male,25.0,Kochi,Kerala,Paid Ads,152.0,2.0,1276.0,2,2,1,5.0,Lost
C02389,2025-08-23,Female,35.0,Visakhapatnam,Andhra Pradesh,Organic Search,37.0,3.0,9595.0,4,3,2,9.0,Loyal Customers
C03999,2025-02-14,Male,24.0,Pune,Maharashtra,Organic Search,41.0,7.0,39959.0,4,4,4,12.0,Champions
C02758,2025-05-11,Female,31.0,Chennai,Tamil Nadu,Paid Ads,148.0,3.0,16402.0,2,3,3,8.0,At Risk
C03318,2025-02-25,Female,29.0,Mysuru,Karnataka,Organic Search,181.0,3.0,27398.0,2,3,4,9.0,At Risk
C03190,2026-05-17,Male,38.0,Gurugram,Haryana,Organic Search,3.0,1.0,1039.0,5,1,1,7.0,Potential Loyalists
C02992,2026-01-19,Female,32.0,Bhopal,Madhya Pradesh,Organic Search,169.0,3.0,16504.0,2,3,3,8.0,At Risk
C01644,2026-03-22,Female,19.0,Udaipur,Rajasthan,Paid Ads,4.0,16.0,58400.0,5,5,5,15.0,Champions
C04518,2025-11-11,Male,23.0,Noida,Uttar Pradesh,Referral,1.0,4.0,30163.0,5,3,4,12.0,Loyal Customers
C00001,2025-12-27,Male,23.0,Pune,Maharashtra,Paid Ads,,,,,,,,No Completed Purchase
C01581,2026-03-08,Male,32.0,Lucknow,Uttar Pradesh,Email,147.0,1.0,4328.0,2,1,1,4.0,Lost
C04435,2024-08-10,Male,32.0,Bengaluru,Karnataka,Organic Search,144.0,8.0,93993.0,2,5,5,12.0,At Risk
C04128,2025-04-29,Male,31.0,Kolkata,West Bengal,Paid Ads,12.0,6.0,62391.0,5,4,5,14.0,Champions
C01357,2026-06-07,Male,23.0,Indore,Madhya Pradesh,Organic Search,41.0,7.0,21977.0,4,4,3,11.0,Loyal Customers
C03410,2026-01-22,Male,31.0,Kolkata,West Bengal,Referral,211.0,12.0,32659.0,1,5,4,10.0,At Risk
C02100,2026-02-02,Male,31.0,Kochi,Kerala,Social Media,185.0,1.0,2359.0,2,1,1,4.0,Lost
C02252,2025-10-17,Female,30.0,Chandigarh,Chandigarh,Organic Search,186.0,4.0,11595.0,2,3,2,7.0,At Risk
C04513,2025-06-16,Female,40.0,Lucknow,Uttar Pradesh,Organic Search,,,,,,,,No Completed Purchase
C04488,2025-06-25,Female,31.0,Ranchi,Jharkhand,Organic Search,90.0,5.0,16693.0,3,4,3,10.0,Loyal Customers
C00397,2026-06-29,Other,36.0,Noida,Uttar Pradesh,Organic Search,155.0,3.0,14114.0,2,2,3,7.0,Lost
C03480,2025-09-08,Male,31.0,Jaipur,Rajasthan,Paid Ads,22.0,9.0,19320.0,5,5,3,13.0,Loyal Customers
C01065,2025-08-29,Female,28.0,Delhi,Delhi,Paid Ads,178.0,15.0,52942.0,2,5,5,12.0,At Risk
C02378,2025-08-01,Male,31.0,Kanpur,Uttar Pradesh,Paid Ads,393.0,8.0,45514.0,1,5,5,11.0,At Risk
C02171,2026-07-27,Female,33.0,Indore,Madhya Pradesh,Email,2.0,6.0,16372.0,5,4,3,12.0,Loyal Customers
C00819,2024-12-22,Female,25.0,Udaipur,Rajasthan,Email,362.0,4.0,36437.0,1,3,4,8.0,At Risk
C01813,2025-08-25,Male,18.0,Chennai,Tamil Nadu,Organic Search,25.0,17.0,169724.0,5,5,5,15.0,Champions
C02571,2025-03-17,Female,31.0,Gurugram,Haryana,Email,42.0,2.0,4388.0,4,2,1,7.0,Potential Loyalists
C01553,2025-10-18,Male,37.0,Vijayawada,Andhra Pradesh,Organic Search,63.0,1.0,8425.0,3,1,2,6.0,Lost
C03139,2024-08-22,Male,31.0,Coimbatore,Tamil Nadu,Organic Search,162.0,1.0,6658.0,2,1,2,5.0,Lost
C00817,2024-06-25,Other,39.0,Noida,Uttar Pradesh,Social Media,17.0,2.0,6488.0,5,2,1,8.0,Potential Loyalists
C01573,2026-04-20,Female,28.0,Kolkata,West Bengal,Paid Ads,139.0,1.0,13094.0,2,1,3,6.0,Lost
C02986,2025-05-28,Other,47.0,Mumbai,Maharashtra,Referral,19.0,1.0,3309.0,5,1,1,7.0,Potential Loyalists
C01801,2025-11-07,Male,37.0,Kanpur,Uttar Pradesh,Social Media,271.0,1.0,2649.0,1,1,1,3.0,Lost
C04300,2025-10-04,Female,26.0,Bhopal,Madhya Pradesh,Organic Search,33.0,6.0,38609.0,4,4,4,12.0,Champions
C00382,2025-08-18,Male,24.0,Faridabad,Haryana,Social Media,178.0,2.0,6606.0,2,2,2,6.0,Lost
C02893,2024-10-05,Female,18.0,Thiruvananthapuram,Kerala,Organic Search,10.0,4.0,12574.0,5,3,2,10.0,Loyal Customers
C03845,2024-12-20,Male,18.0,Bhopal,Madhya Pradesh,Social Media,51.0,11.0,42037.0,4,5,5,14.0,Champions
C02312,2025-03-13,Male,18.0,Udaipur,Rajasthan,Social Media,27.0,4.0,24805.0,5,3,4,12.0,Loyal Customers
C04491,2025-09-29,Male,33.0,Coimbatore,Tamil Nadu,Social Media,182.0,2.0,16692.0,2,2,3,7.0,Lost
C02329,2024-08-22,Female,48.0,Udaipur,Rajasthan,Social Media,325.0,1.0,5577.0,1,1,1,3.0,Lost
C01781,2025-02-26,Male,48.0,Mysuru,Karnataka,Organic Search,3.0,2.0,3688.0,5,2,1,8.0,Potential Loyalists
C04634,2025-05-20,Male,35.0,Bengaluru,Karnataka,Paid Ads,303.0,7.0,22346.0,1,4,3,8.0,At Risk
C04914,2025-05-31,Male,31.0,Visakhapatnam,Andhra Pradesh,Paid Ads,289.0,1.0,3238.0,1,2,1,4.0,Lost
C04041,2024-11-30,Female,44.0,Hyderabad,Telangana,Social Media,20.0,10.0,35908.0,5,5,4,14.0,Champions
C00865,2026-03-06,Female,44.0,Guwahati,Assam,Social Media,101.0,4.0,19893.0,3,3,3,9.0,Loyal Customers
C03039,2025-10-06,Female,33.0,Coimbatore,Tamil Nadu,Social Media,269.0,1.0,3548.0,1,1,1,3.0,Lost
C03183,2026-01-25,Female,30.0,Patna,Bihar,Referral,47.0,3.0,11104.0,4,3,2,9.0,Loyal Customers
C00555,2025-09-12,Female,18.0,Nagpur,Maharashtra,Organic Search,351.0,6.0,11822.0,1,4,2,7.0,At Risk
C01160,2025-04-12,Female,36.0,Chennai,Tamil Nadu,Social Media,51.0,1.0,22400.0,4,1,3,8.0,Potential Loyalists
C01214,2025-01-31,Female,31.0,Kanpur,Uttar Pradesh,Organic Search,369.0,2.0,10233.0,1,2,2,5.0,Lost
C02222,2025-10-14,Male,18.0,Thiruvananthapuram,Kerala,Referral,233.0,13.0,55168.0,1,5,5,11.0,At Risk
C03816,2026-03-16,Male,26.0,Pune,Maharashtra,Paid Ads,24.0,1.0,2319.0,5,1,1,7.0,Potential Loyalists
C00049,2026-04-02,Female,28.0,Delhi,Delhi,Organic Search,73.0,11.0,31183.0,3,5,4,12.0,Loyal Customers
C02385,2025-10-13,Male,18.0,Patna,Bihar,Social Media,182.0,1.0,5598.0,2,1,1,4.0,Lost
C00701,2025-01-20,Male,44.0,Surat,Gujarat,Paid Ads,,,,,,,,No Completed Purchase
C00653,2024-07-27,Female,24.0,Kanpur,Uttar Pradesh,Paid Ads,159.0,12.0,75343.0,2,5,5,12.0,At Risk
C03271,2025-11-23,Male,37.0,Surat,Gujarat,Email,163.0,15.0,47615.0,2,5,5,12.0,At Risk
C04311,2026-02-28,Male,44.0,Kolkata,West Bengal,Social Media,104.0,4.0,15693.0,3,3,3,9.0,Loyal Customers
C04117,2026-05-10,Male,22.0,Faridabad,Haryana,Social Media,24.0,1.0,719.0,5,1,1,7.0,Potential Loyalists
C00749,2026-05-08,Female,20.0,Thiruvananthapuram,Kerala,Paid Ads,,,,,,,,No Completed Purchase
C01456,2026-04-21,Female,18.0,Chennai,Tamil Nadu,Social Media,33.0,3.0,20270.0,4,2,3,9.0,Potential Loyalists
C04296,2026-02-04,Female,30.0,Guwahati,Assam,Paid Ads,7.0,3.0,22627.0,5,3,3,11.0,Loyal Customers
C02777,2026-05-13,Male,18.0,Delhi,Delhi,Social Media,52.0,6.0,50126.0,4,4,5,13.0,Champions
C03806,2025-09-19,Male,28.0,Kolkata,Unknown,Paid Ads,261.0,11.0,42960.0,1,5,5,11.0,At Risk
C00867,2025-04-23,Male,21.0,Gurugram,Haryana,Paid Ads,59.0,2.0,10536.0,3,2,2,7.0,Lost
C00753,2026-07-09,Female,33.0,Patna,Bihar,Paid Ads,35.0,4.0,26820.0,4,3,4,11.0,Loyal Customers
C01645,2025-02-19,Unknown,42.0,Coimbatore,Tamil Nadu,Organic Search,152.0,4.0,22649.0,2,3,3,8.0,At Risk
C00093,2024-07-02,Male,36.0,Pune,Maharashtra,Referral,6.0,6.0,17591.0,5,4,3,12.0,Loyal Customers
C02843,2025-04-25,Male,26.0,Gurugram,Haryana,Organic Search,215.0,4.0,10683.0,1,3,2,6.0,At Risk
C03120,2025-09-15,Male,36.0,Coimbatore,Tamil Nadu,Organic Search,286.0,2.0,10715.0,1,2,2,5.0,Lost
C04781,2026-02-06,Female,27.0,Bhubaneswar,Odisha,Paid Ads,196.0,2.0,31296.0,2,2,4,8.0,Lost
C02648,2025-04-29,Male,44.0,Nagpur,Maharashtra,Organic Search,386.0,3.0,6394.0,1,3,1,5.0,At Risk
C01491,2024-11-09,Male,49.0,Bengaluru,Karnataka,Social Media,77.0,4.0,4094.0,3,3,1,7.0,Loyal Customers
C03170,2025-06-29,Female,28.0,Guwahati,Assam,Email,32.0,3.0,3405.0,4,3,1,8.0,Loyal Customers
C02195,2025-07-12,Male,18.0,Coimbatore,Tamil Nadu,Social Media,414.0,3.0,6064.0,1,2,1,4.0,Lost
C00730,2025-05-03,Female,36.0,Udaipur,Rajasthan,Referral,334.0,1.0,4536.0,1,1,1,3.0,Lost
C04617,2024-08-10,Female,30.0,Jaipur,Rajasthan,Referral,464.0,2.0,3287.0,1,2,1,4.0,Lost
C02489,2026-05-20,Female,30.0,Gurugram,Haryana,Paid Ads,11.0,1.0,3489.0,5,1,1,7.0,Potential Loyalists
C02260,2025-11-07,Male,36.0,Delhi,Delhi,Paid Ads,49.0,5.0,7775.0,4,4,2,10.0,Loyal Customers
C01937,2025-08-21,Female,28.0,Kolkata,West Bengal,Referral,17.0,2.0,18610.0,5,2,3,10.0,Potential Loyalists
C01746,2025-01-01,Male,26.0,Udaipur,Rajasthan,Social Media,574.0,10.0,60740.0,1,5,5,11.0,At Risk
C02999,2024-03-28,Male,36.0,Kanpur,Uttar Pradesh,Social Media,22.0,6.0,42201.0,5,4,5,14.0,Champions
C03297,2026-02-26,Male,44.0,Bengaluru,Karnataka,Organic Search,186.0,1.0,1229.0,2,1,1,4.0,Lost
C04840,2025-08-17,Male,50.0,Ranchi,Jharkhand,Social Media,44.0,2.0,5967.0,4,2,1,7.0,Potential Loyalists
C01958,2025-05-17,Female,27.0,Lucknow,Uttar Pradesh,Organic Search,304.0,2.0,7977.0,1,2,2,5.0,Lost
C01111,2025-07-16,Other,32.0,Ahmedabad,Gujarat,Social Media,5.0,2.0,15304.0,5,2,3,10.0,Potential Loyalists
C03356,2025-10-23,Female,21.0,Lucknow,Uttar Pradesh,Social Media,20.0,13.0,33597.0,5,5,4,14.0,Champions
C04054,2025-02-13,Male,26.0,Gurugram,Haryana,Social Media,452.0,5.0,16242.0,1,4,3,8.0,At Risk
C04484,2025-06-24,Male,26.0,Bengaluru,Karnataka,Paid Ads,131.0,12.0,61583.0,2,5,5,12.0,At Risk
C04169,2026-05-11,Female,34.0,Chandigarh,Chandigarh,Social Media,63.0,2.0,32978.0,3,2,4,9.0,Lost
C00347,2026-02-22,Male,29.0,Surat,Gujarat,Social Media,183.0,8.0,31746.0,2,4,4,10.0,At Risk
C01186,2026-04-09,Unknown,18.0,Surat,Gujarat,Paid Ads,21.0,4.0,33907.0,5,3,4,12.0,Loyal Customers
C04222,2026-03-07,Male,23.0,Udaipur,Rajasthan,Organic Search,,,,,,,,No Completed Purchase
C01516,2024-09-26,Female,30.0,Faridabad,Haryana,Paid Ads,179.0,5.0,26094.0,2,4,4,10.0,At Risk
C04682,2026-05-07,Male,20.0,Ranchi,Jharkhand,Paid Ads,38.0,4.0,57104.0,4,3,5,12.0,Loyal Customers
C00579,2025-10-22,Female,31.0,Jaipur,Unknown,Email,82.0,6.0,26126.0,3,4,4,11.0,Loyal Customers
C01965,2024-09-09,Female,23.0,Noida,Uttar Pradesh,Organic Search,82.0,1.0,4838.0,3,1,1,5.0,Lost
C00076,2025-08-28,Male,44.0,Ranchi,Jharkhand,Organic Search,46.0,5.0,71238.0,4,3,5,12.0,Loyal Customers
C01430,2026-04-30,Male,42.0,Chandigarh,Chandigarh,Paid Ads,59.0,3.0,8944.0,3,2,2,7.0,Lost
C03612,2025-08-16,Male,30.0,Delhi,Delhi,Paid Ads,99.0,12.0,35782.0,3,5,4,12.0,Loyal Customers
C04443,2024-09-17,Male,26.0,Lucknow,Uttar Pradesh,Email,7.0,1.0,4377.0,5,1,1,7.0,Potential Loyalists
C03692,2025-10-21,Female,35.0,Bengaluru,Karnataka,Referral,49.0,2.0,8426.0,4,2,2,8.0,Potential Loyalists
C04965,2025-01-03,Female,33.0,Kochi,Kerala,Paid Ads,168.0,1.0,3129.0,2,2,1,5.0,Lost
C01847,2025-05-20,Other,18.0,Visakhapatnam,Andhra Pradesh,Paid Ads,308.0,8.0,32548.0,1,5,4,10.0,At Risk
C00132,2025-11-19,Male,40.0,Hyderabad,Telangana,Email,145.0,8.0,35902.0,2,4,4,10.0,At Risk
C00179,2025-12-29,Male,18.0,Surat,Gujarat,Organic Search,59.0,4.0,24360.0,3,3,4,10.0,Loyal Customers
C02918,2026-04-04,Female,35.0,Vijayawada,Andhra Pradesh,Organic Search,6.0,14.0,45386.0,5,5,5,15.0,Champions
C04479,2025-07-30,Male,30.0,Nagpur,Maharashtra,Organic Search,54.0,5.0,16092.0,4,4,3,11.0,Loyal Customers
C03894,2025-05-23,Other,41.0,Visakhapatnam,Andhra Pradesh,Email,157.0,4.0,13244.0,2,3,3,8.0,At Risk
C03358,2026-05-10,Male,48.0,Patna,Bihar,Social Media,,,,,,,,No Completed Purchase
C01843,2026-03-13,Female,25.0,Mumbai,Maharashtra,Referral,55.0,1.0,6967.0,3,1,2,6.0,Lost
C02116,2025-08-17,Female,41.0,Coimbatore,Tamil Nadu,Social Media,154.0,1.0,5288.0,2,1,1,4.0,Lost
C02751,2026-07-09,Female,39.0,Kolkata,West Bengal,Paid Ads,58.0,9.0,20908.0,3,5,3,11.0,Loyal Customers
C04354,2025-03-23,Male,35.0,Mumbai,Maharashtra,Paid Ads,111.0,1.0,3518.0,3,1,1,5.0,Lost
C00605,2025-11-11,Male,33.0,Gurugram,Haryana,Referral,51.0,7.0,38365.0,4,4,4,12.0,Champions
C04166,2024-09-09,Female,19.0,Nagpur,Maharashtra,Organic Search,73.0,10.0,75639.0,3,5,5,13.0,Loyal Customers
C00026,2026-05-22,Male,21.0,Bhopal,Madhya Pradesh,Organic Search,31.0,4.0,11795.0,4,3,2,9.0,Loyal Customers
C00659,2025-06-30,Male,44.0,Visakhapatnam,Andhra Pradesh,Paid Ads,47.0,12.0,47409.0,4,5,5,14.0,Champions
C01897,2025-09-27,Female,28.0,Kanpur,Uttar Pradesh,Organic Search,34.0,13.0,103365.0,4,5,5,14.0,Champions
C04017,2025-09-16,Female,26.0,Jaipur,Rajasthan,Paid Ads,221.0,3.0,7226.0,1,3,2,6.0,At Risk
C02202,2025-07-28,Male,30.0,Bengaluru,Karnataka,Referral,91.0,6.0,28014.0,3,4,4,11.0,Loyal Customers
C00174,2025-01-17,Other,38.0,Kolkata,West Bengal,Social Media,74.0,4.0,9474.0,3,3,2,8.0,Loyal Customers
C01612,2026-02-19,Male,32.0,Gurugram,Haryana,Referral,188.0,5.0,14353.0,2,4,3,9.0,At Risk
C00438,2026-01-26,Male,40.0,Delhi,Delhi,Organic Search,119.0,6.0,15901.0,2,4,3,9.0,At Risk
C00332,2025-05-21,Female,37.0,Ranchi,Jharkhand,Organic Search,413.0,13.0,188554.0,1,5,5,11.0,At Risk
C03734,2024-09-15,Female,41.0,Ranchi,Jharkhand,Paid Ads,254.0,1.0,4408.0,1,1,1,3.0,Lost
C01455,2025-01-06,Female,34.0,Surat,Unknown,Paid Ads,28.0,15.0,60671.0,4,5,5,14.0,Champions
C00343,2026-04-19,Female,34.0,Delhi,Delhi,Paid Ads,83.0,4.0,10851.0,3,3,2,8.0,Loyal Customers
C03576,2025-04-23,Male,31.0,Nagpur,Maharashtra,Referral,51.0,2.0,7126.0,4,2,2,8.0,Potential Loyalists
C02808,2026-01-18,Female,31.0,Ranchi,Jharkhand,Organic Search,60.0,8.0,38964.0,3,5,4,12.0,Loyal Customers
C01089,2025-08-21,Female,43.0,Surat,Gujarat,Paid Ads,358.0,3.0,42151.0,1,2,5,8.0,Lost
C00480,2025-06-21,Male,25.0,Lucknow,Uttar Pradesh,Social Media,51.0,4.0,32654.0,4,3,4,11.0,Loyal Customers
C00728,2025-07-16,Male,37.0,Jaipur,Rajasthan,Social Media,24.0,8.0,45377.0,5,4,5,14.0,Champions
C03805,2026-03-28,Male,33.0,Nagpur,Maharashtra,Paid Ads,24.0,6.0,79376.0,5,4,5,14.0,Champions
C00977,2026-07-14,Male,38.0,Guwahati,Assam,Email,15.0,3.0,17199.0,5,2,3,10.0,Potential Loyalists
C04328,2026-01-29,Male,24.0,Patna,Bihar,Paid Ads,212.0,6.0,22359.0,1,4,3,8.0,At Risk
C02996,2024-12-02,Female,40.0,Delhi,Delhi,Organic Search,50.0,2.0,12754.0,4,2,2,8.0,Potential Loyalists
C01929,2024-08-16,Male,35.0,Bhopal,Madhya Pradesh,Paid Ads,42.0,4.0,40120.0,4,3,4,11.0,Loyal Customers
C01469,2026-01-28,Female,56.0,Lucknow,Uttar Pradesh,Referral,91.0,2.0,10494.0,3,2,2,7.0,Lost
C01225,2025-04-29,Female,32.0,Chennai,Tamil Nadu,Paid Ads,7.0,8.0,28187.0,5,5,4,14.0,Champions
C02179,2025-02-22,Male,40.0,Gurugram,Haryana,Referral,59.0,1.0,3238.0,3,1,1,5.0,Lost
C01953,2025-07-18,Male,37.0,Thiruvananthapuram,Kerala,Organic Search,18.0,12.0,150698.0,5,5,5,15.0,Champions
C04843,2025-05-07,Female,31.0,Nagpur,Maharashtra,Organic Search,374.0,1.0,3158.0,1,2,1,4.0,Lost
C03255,2025-07-12,Female,27.0,Guwahati,Assam,Paid Ads,159.0,3.0,19454.0,2,3,3,8.0,At Risk
C01893,2024-11-14,Male,38.0,Lucknow,Uttar Pradesh,Organic Search,430.0,11.0,61139.0,1,5,5,11.0,At Risk
C01300,2024-09-04,Male,24.0,Mumbai,Maharashtra,Paid Ads,7.0,6.0,20180.0,5,4,3,12.0,Loyal Customers
C03009,2025-06-30,Female,31.0,Surat,Gujarat,Referral,412.0,6.0,18508.0,1,4,3,8.0,At Risk
C04612,2025-02-28,Unknown,26.0,Patna,Bihar,Organic Search,12.0,8.0,24718.0,5,5,4,14.0,Champions
C00661,2025-11-18,Female,23.0,Kanpur,Uttar Pradesh,Social Media,13.0,4.0,14032.0,5,3,3,11.0,Loyal Customers
C03991,2025-10-14,Female,47.0,Visakhapatnam,Andhra Pradesh,Referral,129.0,1.0,11726.0,2,1,2,5.0,Lost
C02945,2024-08-01,Female,36.0,Kolkata,West Bengal,Email,56.0,3.0,7894.0,3,3,2,8.0,Loyal Customers
C02803,2025-09-19,Unknown,26.0,Visakhapatnam,Andhra Pradesh,Paid Ads,264.0,2.0,21686.0,1,2,3,6.0,Lost
C03174,2025-07-25,Male,18.0,Gurugram,Haryana,Organic Search,57.0,6.0,70164.0,3,4,5,12.0,Loyal Customers
C02513,2024-10-27,Male,37.0,Mumbai,Maharashtra,Referral,511.0,2.0,11644.0,1,2,2,5.0,Lost
C04581,2025-07-13,Male,34.0,Gurugram,Haryana,Referral,122.0,1.0,3518.0,2,1,1,4.0,Lost
C02722,2025-09-17,Male,34.0,Coimbatore,Tamil Nadu,Paid Ads,27.0,3.0,17817.0,5,3,3,11.0,Loyal Customers
C03617,2024-07-10,Male,38.0,Delhi,Delhi,Organic Search,202.0,4.0,70963.0,2,3,5,10.0,At Risk
C03210,2025-02-24,Other,34.0,Udaipur,Rajasthan,Social Media,506.0,9.0,45170.0,1,5,5,11.0,At Risk
C01279,2024-09-30,Male,20.0,Vijayawada,Andhra Pradesh,Organic Search,152.0,3.0,55167.0,2,2,5,9.0,Lost
C03878,2025-06-02,Male,58.0,Bhopal,Madhya Pradesh,Social Media,58.0,5.0,15981.0,3,4,3,10.0,Loyal Customers
C01622,2025-09-24,Female,37.0,Jaipur,Rajasthan,Paid Ads,7.0,13.0,41209.0,5,5,4,14.0,Champions
C03033,2025-09-03,Male,24.0,Thiruvananthapuram,Kerala,Email,51.0,3.0,9686.0,4,3,2,9.0,Loyal Customers
C04619,2024-11-26,Female,26.0,Surat,Unknown,Organic Search,53.0,1.0,3489.0,4,2,1,7.0,Potential Loyalists
C00068,2025-12-08,Female,27.0,Bhopal,Madhya Pradesh,Paid Ads,35.0,3.0,16584.0,4,2,3,9.0,Potential Loyalists
C02599,2025-05-25,Unknown,27.0,Bengaluru,Karnataka,Paid Ads,59.0,3.0,34093.0,3,3,4,10.0,Loyal Customers
C03977,2025-02-07,Male,31.0,Udaipur,Rajasthan,Social Media,94.0,7.0,46647.0,3,4,5,12.0,Loyal Customers
C03812,2025-03-14,Male,33.0,Coimbatore,Tamil Nadu,Paid Ads,0.0,3.0,8865.0,5,3,2,10.0,Loyal Customers
C00821,2026-01-30,Male,35.0,Bengaluru,Karnataka,Social Media,27.0,13.0,29219.0,5,5,4,14.0,Champions
C01227,2025-09-09,Female,50.0,Coimbatore,Tamil Nadu,Paid Ads,57.0,3.0,7676.0,3,2,2,7.0,Lost
C04706,2024-09-26,Male,34.0,Thiruvananthapuram,Kerala,Social Media,141.0,3.0,10805.0,2,3,2,7.0,At Risk
C02165,2026-04-18,Male,29.0,Surat,Gujarat,Organic Search,25.0,4.0,27016.0,5,3,4,12.0,Loyal Customers
C03916,2025-08-13,Female,51.0,Faridabad,Haryana,Paid Ads,227.0,2.0,13714.0,1,2,3,6.0,Lost
C04470,2024-04-30,Female,42.0,Surat,Gujarat,Organic Search,157.0,15.0,114134.0,2,5,5,12.0,At Risk
C04282,2025-06-21,Male,38.0,Mumbai,Maharashtra,Paid Ads,261.0,1.0,3877.0,1,1,1,3.0,Lost
C04122,2025-06-02,Female,31.0,Visakhapatnam,Andhra Pradesh,Email,343.0,4.0,60462.0,1,3,5,9.0,At Risk
C01144,2024-12-23,Female,34.0,Ranchi,Jharkhand,Organic Search,21.0,2.0,10580.0,5,2,2,9.0,Potential Loyalists
C00398,2025-02-15,Female,33.0,Noida,Uttar Pradesh,Social Media,369.0,10.0,171712.0,1,5,5,11.0,At Risk
C02925,2026-02-05,Unknown,25.0,Bengaluru,Karnataka,Organic Search,,,,,,,,No Completed Purchase
C04314,2024-04-09,Female,34.0,Ranchi,Jharkhand,Organic Search,459.0,4.0,27686.0,1,3,4,8.0,At Risk
C04842,2026-04-12,Female,21.0,Bengaluru,Karnataka,Organic Search,168.0,4.0,35572.0,2,3,4,9.0,At Risk
C01399,2025-09-11,Female,47.0,Indore,Madhya Pradesh,Social Media,260.0,3.0,7127.0,1,2,2,5.0,Lost
C01660,2025-03-24,Male,28.0,Kanpur,Uttar Pradesh,Referral,20.0,3.0,6486.0,5,2,1,8.0,Potential Loyalists
C00980,2024-08-27,Male,28.0,Vijayawada,Andhra Pradesh,Organic Search,47.0,4.0,21717.0,4,3,3,10.0,Loyal Customers
C01299,2025-03-23,Female,31.0,Chandigarh,Chandigarh,Email,73.0,5.0,16392.0,3,4,3,10.0,Loyal Customers
C02281,2026-04-04,Female,31.0,Hyderabad,Telangana,Referral,41.0,1.0,5528.0,4,1,1,6.0,Potential Loyalists
C00083,2024-12-19,Female,24.0,Bhubaneswar,Unknown,Organic Search,,,,,,,,No Completed Purchase
C04775,2026-05-06,Male,24.0,Bhopal,Madhya Pradesh,Referral,117.0,13.0,42701.0,2,5,5,12.0,At Risk
C03996,2025-05-02,Female,43.0,Delhi,Delhi,Social Media,6.0,3.0,6735.0,5,3,2,10.0,Loyal Customers
C03761,2025-04-21,Male,18.0,Ahmedabad,Gujarat,Social Media,36.0,1.0,1438.0,4,1,1,6.0,Potential Loyalists
C03803,2025-03-07,Male,22.0,Bhopal,Madhya Pradesh,Referral,97.0,2.0,13084.0,3,2,3,8.0,Lost
C02306,2024-09-24,Female,28.0,Mumbai,Maharashtra,Social Media,146.0,5.0,47111.0,2,4,5,11.0,At Risk
C00424,2025-03-15,Male,37.0,Thiruvananthapuram,Kerala,Social Media,17.0,6.0,36273.0,5,4,4,13.0,Champions
C04352,2026-07-07,Female,24.0,Lucknow,Uttar Pradesh,Organic Search,121.0,5.0,23561.0,2,4,4,10.0,At Risk
C01905,2025-05-15,Female,30.0,Udaipur,Rajasthan,Referral,55.0,3.0,12104.0,3,2,2,7.0,Lost
C04551,2026-03-03,Female,33.0,Delhi,Delhi,Paid Ads,169.0,13.0,44716.0,2,5,5,12.0,At Risk
C03371,2025-12-24,Male,40.0,Patna,Bihar,Organic Search,224.0,1.0,3958.0,1,1,1,3.0,Lost
C04069,2025-02-12,Male,37.0,Mumbai,Maharashtra,Referral,119.0,1.0,1169.0,2,1,1,4.0,Lost
C01566,2026-03-26,Male,22.0,Kolkata,West Bengal,Paid Ads,14.0,4.0,18153.0,5,3,3,11.0,Loyal Customers
C04591,2026-03-07,Female,47.0,Ahmedabad,Gujarat,Organic Search,64.0,10.0,52327.0,3,5,5,13.0,Loyal Customers
C00840,2025-09-22,Other,34.0,Chennai,Tamil Nadu,Referral,271.0,5.0,35961.0,1,4,4,9.0,At Risk
C00501,2025-12-05,Female,29.0,Bhubaneswar,Odisha,Referral,247.0,3.0,19590.0,1,2,3,6.0,Lost
C00142,2024-11-24,Male,33.0,Udaipur,Unknown,Email,96.0,11.0,87663.0,3,5,5,13.0,Loyal Customers
C01378,2025-08-07,Male,26.0,Gurugram,Haryana,Email,378.0,4.0,30927.0,1,3,4,8.0,At Risk
C03719,2026-02-17,Male,33.0,Kochi,Kerala,Social Media,141.0,13.0,79255.0,2,5,5,12.0,At Risk
C03948,2025-10-06,Female,43.0,Kochi,Kerala,Social Media,54.0,1.0,3599.0,4,1,1,6.0,Potential Loyalists
C01139,2024-06-28,Female,43.0,Ahmedabad,Gujarat,Organic Search,265.0,4.0,17621.0,1,3,3,7.0,At Risk
C04728,2025-09-12,Male,48.0,Thiruvananthapuram,Unknown,Paid Ads,53.0,1.0,4458.0,4,2,1,7.0,Potential Loyalists
C01788,2025-10-28,Unknown,31.0,Chandigarh,Chandigarh,Social Media,11.0,2.0,3898.0,5,2,1,8.0,Potential Loyalists
C02585,2026-03-23,Female,18.0,Nagpur,Maharashtra,Paid Ads,130.0,1.0,5288.0,2,1,1,4.0,Lost
C00551,2026-03-11,Male,22.0,Faridabad,Haryana,Social Media,11.0,1.0,6607.0,5,1,2,8.0,Potential Loyalists
C03291,2026-05-26,Male,39.0,Bengaluru,Karnataka,Organic Search,51.0,1.0,279.0,4,1,1,6.0,Potential Loyalists
C02020,2025-07-05,Male,36.0,Jaipur,Rajasthan,Paid Ads,68.0,1.0,2179.0,3,1,1,5.0,Lost
C00949,2024-10-04,Male,29.0,Bengaluru,Karnataka,Organic Search,386.0,1.0,1578.0,1,1,1,3.0,Lost
C02278,2025-10-24,Male,18.0,Bhubaneswar,Odisha,Social Media,191.0,17.0,74427.0,2,5,5,12.0,At Risk
C00533,2024-09-30,Female,20.0,Hyderabad,Telangana,Organic Search,6.0,6.0,12861.0,5,4,2,11.0,Loyal Customers
C01830,2026-07-18,Female,24.0,Ahmedabad,Gujarat,Organic Search,7.0,6.0,64815.0,5,4,5,14.0,Champions
C04431,2024-11-21,Male,19.0,Bhubaneswar,Odisha,Paid Ads,394.0,7.0,18298.0,1,4,3,8.0,At Risk
C03893,2025-12-29,Male,27.0,Ranchi,Jharkhand,Paid Ads,224.0,12.0,89220.0,1,5,5,11.0,At Risk
C01603,2025-08-23,Male,38.0,Bengaluru,Karnataka,Organic Search,58.0,1.0,12136.0,3,1,2,6.0,Lost
C00640,2025-04-26,Male,36.0,Visakhapatnam,Andhra Pradesh,Organic Search,122.0,6.0,21428.0,2,4,3,9.0,At Risk
C04845,2026-03-31,Female,19.0,Faridabad,Haryana,Organic Search,16.0,2.0,5167.0,5,2,1,8.0,Potential Loyalists
C00968,2025-03-08,Female,26.0,Jaipur,Rajasthan,Paid Ads,25.0,3.0,15193.0,5,2,3,10.0,Potential Loyalists
C04892,2026-03-06,Female,21.0,Visakhapatnam,Andhra Pradesh,Paid Ads,55.0,1.0,9827.0,3,2,2,7.0,Lost
C02644,2025-12-27,Female,31.0,Chandigarh,Chandigarh,Paid Ads,48.0,3.0,28809.0,4,3,4,11.0,Loyal Customers
C01684,2024-12-18,Female,39.0,Delhi,Delhi,Paid Ads,13.0,3.0,8155.0,5,2,2,9.0,Potential Loyalists
C04483,2026-02-11,Male,33.0,Kanpur,Uttar Pradesh,Referral,176.0,3.0,34530.0,2,3,4,9.0,At Risk
C02901,2024-09-27,Male,40.0,Kochi,Unknown,Organic Search,523.0,9.0,137149.0,1,5,5,11.0,At Risk
C00156,2025-12-05,Male,33.0,Jaipur,Rajasthan,Paid Ads,66.0,2.0,33156.0,3,2,4,9.0,Lost
C04754,2025-05-20,Male,41.0,Bhopal,Madhya Pradesh,Paid Ads,399.0,6.0,42056.0,1,4,5,10.0,At Risk
C02857,2025-07-31,Male,27.0,Kochi,Kerala,Organic Search,3.0,2.0,3447.0,5,2,1,8.0,Potential Loyalists
C01090,2025-12-06,Female,30.0,Patna,Bihar,Social Media,205.0,2.0,4627.0,2,2,1,5.0,Lost
C02674,2025-01-26,Female,18.0,Visakhapatnam,Andhra Pradesh,Organic Search,10.0,2.0,12744.0,5,2,2,9.0,Potential Loyalists
C04253,2025-07-01,Female,38.0,Guwahati,Assam,Organic Search,229.0,12.0,70682.0,1,5,5,11.0,At Risk
C00289,2026-04-22,Male,31.0,Guwahati,Assam,Email,88.0,7.0,48997.0,3,4,5,12.0,Loyal Customers
C00931,2025-07-09,Female,25.0,Bhopal,Madhya Pradesh,Paid Ads,136.0,4.0,12893.0,2,3,2,7.0,At Risk
C04304,2025-10-25,Male,50.0,Thiruvananthapuram,Kerala,Referral,80.0,6.0,17783.0,3,4,3,10.0,Loyal Customers
C02578,2026-07-08,Male,29.0,Patna,Bihar,Paid Ads,27.0,3.0,21699.0,5,3,3,11.0,Loyal Customers
C04045,2025-10-18,Male,49.0,Indore,Madhya Pradesh,Paid Ads,238.0,1.0,11956.0,1,1,2,4.0,Lost
C02615,2025-02-10,Female,31.0,Delhi,Delhi,Paid Ads,342.0,9.0,60003.0,1,5,5,11.0,At Risk
C03310,2025-08-30,Male,33.0,Patna,Bihar,Email,115.0,3.0,16560.0,3,3,3,9.0,Loyal Customers
C00943,2025-02-14,Male,41.0,Vijayawada,Andhra Pradesh,Organic Search,372.0,1.0,1438.0,1,1,1,3.0,Lost
C03881,2024-02-17,Female,18.0,Bhopal,Madhya Pradesh,Paid Ads,266.0,1.0,11644.0,1,1,2,4.0,Lost
C04675,2025-12-31,Male,18.0,Noida,Uttar Pradesh,Organic Search,60.0,5.0,20497.0,3,4,3,10.0,Loyal Customers
C01699,2026-05-09,Female,31.0,Jaipur,Rajasthan,Social Media,42.0,2.0,11205.0,4,2,2,8.0,Potential Loyalists
C04721,2026-01-26,Male,28.0,Kanpur,Uttar Pradesh,Organic Search,183.0,16.0,81362.0,2,5,5,12.0,At Risk
C02975,2025-04-09,Male,31.0,Bhubaneswar,Odisha,Social Media,102.0,4.0,14250.0,3,3,3,9.0,Loyal Customers
C04060,2025-11-14,Female,29.0,Delhi,Delhi,Organic Search,132.0,13.0,46685.0,2,5,5,12.0,At Risk
C02830,2026-03-26,Male,28.0,Lucknow,Uttar Pradesh,Paid Ads,18.0,1.0,5638.0,5,1,1,7.0,Potential Loyalists
C00986,2024-12-06,Male,30.0,Kolkata,West Bengal,Organic Search,,,,,,,,No Completed Purchase
C04898,2025-09-01,Male,30.0,Bengaluru,Karnataka,Email,38.0,8.0,33583.0,4,5,4,13.0,Champions
C04807,2024-07-25,Male,38.0,Lucknow,Uttar Pradesh,Organic Search,32.0,5.0,24820.0,4,4,4,12.0,Champions
C03270,2026-07-03,Male,25.0,Patna,Bihar,Social Media,19.0,14.0,96278.0,5,5,5,15.0,Champions
C04790,2025-02-19,Male,36.0,Guwahati,Assam,Email,52.0,9.0,60433.0,4,5,5,14.0,Champions
C00982,2026-05-07,Female,38.0,Faridabad,Haryana,Social Media,70.0,13.0,141945.0,3,5,5,13.0,Loyal Customers
C02510,2025-10-22,Male,18.0,Kanpur,Uttar Pradesh,Referral,32.0,14.0,117923.0,4,5,5,14.0,Champions
C02448,2025-11-02,Female,20.0,Udaipur,Rajasthan,Organic Search,80.0,1.0,3038.0,3,1,1,5.0,Lost
C04548,2025-12-18,Female,27.0,Nagpur,Maharashtra,Social Media,234.0,5.0,52949.0,1,4,5,10.0,At Risk
C02961,2026-03-28,Male,52.0,Surat,Gujarat,Paid Ads,34.0,7.0,36131.0,4,4,4,12.0,Champions
C04606,2024-09-28,Female,37.0,Visakhapatnam,Andhra Pradesh,Social Media,456.0,1.0,3578.0,1,1,1,3.0,Lost
C03867,2024-07-13,Male,35.0,Chennai,Tamil Nadu,Paid Ads,115.0,2.0,24263.0,3,2,4,9.0,Lost
C01458,2026-02-14,Female,36.0,Guwahati,Assam,Referral,100.0,1.0,688.0,3,1,1,5.0,Lost
C01396,2024-08-20,Female,33.0,Bengaluru,Karnataka,Organic Search,55.0,2.0,4317.0,3,2,1,6.0,Lost
C00265,2025-05-18,Male,36.0,Guwahati,Assam,Paid Ads,112.0,14.0,47595.0,3,5,5,13.0,Loyal Customers
C02414,2024-12-02,Male,31.0,Mumbai,Maharashtra,Referral,380.0,2.0,5006.0,1,2,1,4.0,Lost
C00930,2024-11-28,Female,39.0,Bengaluru,Karnataka,Paid Ads,55.0,4.0,17924.0,3,3,3,9.0,Loyal Customers
C03079,2025-11-13,Female,31.0,Guwahati,Assam,Paid Ads,216.0,4.0,17441.0,1,3,3,7.0,At Risk
C02711,2025-10-30,Female,24.0,Kochi,Kerala,Paid Ads,55.0,3.0,17351.0,3,3,3,9.0,Loyal Customers
C00247,2026-05-01,Female,29.0,Bengaluru,Karnataka,Paid Ads,44.0,1.0,5188.0,4,1,1,6.0,Potential Loyalists
C03611,2026-01-09,Male,36.0,Ahmedabad,Gujarat,Organic Search,113.0,3.0,9693.0,3,3,2,8.0,Loyal Customers
C01759,2026-04-15,Female,28.0,Patna,Bihar,Organic Search,,,,,,,,No Completed Purchase
C04878,2026-06-21,Female,45.0,Ahmedabad,Gujarat,Social Media,17.0,6.0,14248.0,5,4,3,12.0,Loyal Customers
C04851,2025-02-27,Male,30.0,Nagpur,Maharashtra,Social Media,38.0,1.0,2168.0,4,2,1,7.0,Potential Loyalists
C00924,2025-08-21,Male,18.0,Guwahati,Assam,Organic Search,57.0,2.0,19712.0,3,2,3,8.0,Lost
C04287,2025-03-12,Male,35.0,Mysuru,Karnataka,Social Media,117.0,1.0,5947.0,2,1,1,4.0,Lost
C00269,2025-03-15,Female,38.0,Guwahati,Assam,Referral,12.0,5.0,17020.0,5,4,3,12.0,Loyal Customers
C00670,2026-04-18,Male,30.0,Lucknow,Unknown,Social Media,74.0,4.0,14044.0,3,3,3,9.0,Loyal Customers
C02754,2025-01-04,Female,29.0,Noida,Uttar Pradesh,Social Media,325.0,1.0,819.0,1,1,1,3.0,Lost
C01911,2026-04-23,Male,21.0,Mumbai,Maharashtra,Social Media,58.0,5.0,73546.0,3,4,5,12.0,Loyal Customers
C04773,2025-09-17,Male,31.0,Kochi,Kerala,Social Media,38.0,2.0,8396.0,4,2,2,8.0,Potential Loyalists
C01153,2025-09-08,Female,40.0,Nagpur,Maharashtra,Organic Search,88.0,12.0,80622.0,3,5,5,13.0,Loyal Customers
C04830,2024-04-06,Male,43.0,Mumbai,Maharashtra,Organic Search,20.0,5.0,13443.0,5,4,3,12.0,Loyal Customers
C03474,2024-11-04,Female,40.0,Bhopal,Madhya Pradesh,Social Media,398.0,8.0,87949.0,1,5,5,11.0,At Risk
C04254,2026-01-11,Female,41.0,Faridabad,Haryana,Paid Ads,32.0,4.0,13334.0,4,3,3,10.0,Loyal Customers
C03899,2025-11-15,Female,24.0,Bengaluru,Karnataka,Social Media,136.0,11.0,136326.0,2,5,5,12.0,At Risk
C02437,2026-02-10,Male,31.0,Bengaluru,Unknown,Organic Search,58.0,3.0,17364.0,3,3,3,9.0,Loyal Customers
C03001,2025-12-12,Female,28.0,Mumbai,Maharashtra,Social Media,18.0,7.0,32115.0,5,4,4,13.0,Champions
C01916,2025-12-31,Male,26.0,Visakhapatnam,Andhra Pradesh,Organic Search,46.0,4.0,26906.0,4,3,4,11.0,Loyal Customers
C00613,2026-01-08,Male,46.0,Coimbatore,Tamil Nadu,Organic Search,69.0,2.0,7895.0,3,2,2,7.0,Lost
C02424,2026-07-06,Female,34.0,Gurugram,Haryana,Social Media,108.0,4.0,43128.0,3,3,5,11.0,Loyal Customers
C03782,2026-03-21,Female,31.0,Kochi,Kerala,Organic Search,23.0,3.0,19334.0,5,3,3,11.0,Loyal Customers
C01899,2025-10-09,Female,29.0,Gurugram,Haryana,Referral,317.0,6.0,18481.0,1,4,3,8.0,At Risk
C01650,2025-08-28,Male,28.0,Gurugram,Haryana,Paid Ads,172.0,3.0,7555.0,2,2,2,6.0,Lost
C03493,2024-12-08,Male,25.0,Noida,Uttar Pradesh,Organic Search,1.0,3.0,12244.0,5,3,2,10.0,Loyal Customers
C00259,2026-04-21,Female,29.0,Indore,Madhya Pradesh,Paid Ads,151.0,9.0,69077.0,2,5,5,12.0,At Risk
C00848,2026-02-04,Female,40.0,Bengaluru,Karnataka,Paid Ads,200.0,2.0,10323.0,2,2,2,6.0,Lost
C04264,2024-10-11,Female,29.0,Jaipur,Rajasthan,Paid Ads,12.0,2.0,8955.0,5,2,2,9.0,Potential Loyalists
C01234,2025-12-29,Male,37.0,Kanpur,Uttar Pradesh,Social Media,102.0,10.0,34762.0,3,5,4,12.0,Loyal Customers
C01128,2026-06-18,Female,26.0,Ahmedabad,Gujarat,Organic Search,46.0,2.0,17310.0,4,2,3,9.0,Potential Loyalists
C01968,2025-08-22,Male,45.0,Pune,Maharashtra,Paid Ads,88.0,11.0,31051.0,3,5,4,12.0,Loyal Customers
C00559,2025-05-29,Male,47.0,Visakhapatnam,Andhra Pradesh,Paid Ads,33.0,7.0,21358.0,4,4,3,11.0,Loyal Customers
C03927,2025-08-03,Male,31.0,Noida,Uttar Pradesh,Referral,340.0,8.0,23924.0,1,5,4,10.0,At Risk
C00485,2024-09-27,Male,53.0,Lucknow,Uttar Pradesh,Organic Search,97.0,16.0,104596.0,3,5,5,13.0,Loyal Customers
C01321,2026-06-08,Female,34.0,Jaipur,Rajasthan,Paid Ads,44.0,2.0,12284.0,4,2,2,8.0,Potential Loyalists
C02371,2025-02-09,Female,34.0,Faridabad,Haryana,Email,173.0,4.0,26148.0,2,3,4,9.0,At Risk
C00008,2026-02-13,Female,24.0,Thiruvananthapuram,Kerala,Organic Search,193.0,1.0,588.0,2,1,1,4.0,Lost
C03545,2025-11-18,Female,19.0,Mysuru,Karnataka,Paid Ads,97.0,2.0,4695.0,3,2,1,6.0,Lost
C03208,2025-04-04,Female,37.0,Surat,Gujarat,Social Media,440.0,8.0,23618.0,1,5,4,10.0,At Risk
C01451,2025-02-26,Female,39.0,Indore,Madhya Pradesh,Social Media,522.0,2.0,25085.0,1,2,4,7.0,Lost
C04002,2026-06-06,Male,39.0,Nagpur,Maharashtra,Paid Ads,60.0,2.0,2468.0,3,2,1,6.0,Lost
C01815,2024-11-07,Female,28.0,Chennai,Tamil Nadu,Email,296.0,7.0,20155.0,1,4,3,8.0,At Risk
C00774,2026-03-13,Female,29.0,Lucknow,Uttar Pradesh,Paid Ads,168.0,8.0,45379.0,2,4,5,11.0,At Risk
C01012,2026-01-26,Male,23.0,Lucknow,Uttar Pradesh,Organic Search,70.0,1.0,8876.0,3,1,2,6.0,Lost
C02837,2024-05-10,Male,18.0,Ranchi,Jharkhand,Organic Search,40.0,10.0,42057.0,4,5,5,14.0,Champions
C02466,2024-08-11,Male,51.0,Patna,Bihar,Organic Search,3.0,14.0,39606.0,5,5,4,14.0,Champions
C01992,2025-09-26,Male,18.0,Jaipur,Rajasthan,Organic Search,,,,,,,,No Completed Purchase
C01278,2026-06-22,Female,51.0,Chennai,Tamil Nadu,Social Media,25.0,2.0,6397.0,5,2,1,8.0,Potential Loyalists
C01784,2025-09-16,Female,28.0,Chandigarh,Chandigarh,Social Media,280.0,1.0,4315.0,1,1,1,3.0,Lost
C03124,2025-06-25,Female,33.0,Nagpur,Maharashtra,Organic Search,,,,,,,,No Completed Purchase
C00447,2026-01-20,Female,26.0,Chandigarh,Chandigarh,Referral,211.0,6.0,20310.0,1,4,3,8.0,At Risk
C00881,2026-07-25,Female,29.0,Patna,Bihar,Social Media,15.0,1.0,3189.0,5,1,1,7.0,Potential Loyalists
C04472,2026-06-02,Female,26.0,Jaipur,Rajasthan,Referral,25.0,3.0,11113.0,5,3,2,10.0,Loyal Customers
C00782,2025-12-24,Male,31.0,Vijayawada,Andhra Pradesh,Organic Search,222.0,2.0,7616.0,1,2,2,5.0,Lost
C01750,2025-04-07,Female,29.0,Lucknow,Uttar Pradesh,Paid Ads,153.0,11.0,49207.0,2,5,5,12.0,At Risk
C03407,2025-09-23,Female,26.0,Hyderabad,Telangana,Paid Ads,25.0,4.0,22910.0,5,3,4,12.0,Loyal Customers
C04894,2025-03-27,Male,25.0,Kanpur,Uttar Pradesh,Email,111.0,4.0,12052.0,3,3,2,8.0,Loyal Customers
C00884,2025-01-25,Male,26.0,Chandigarh,Chandigarh,Social Media,8.0,2.0,27204.0,5,2,4,11.0,Potential Loyalists
C02673,2025-10-09,Female,33.0,Surat,Gujarat,Organic Search,9.0,1.0,9325.0,5,1,2,8.0,Potential Loyalists
C01092,2025-11-04,Female,33.0,Mysuru,Karnataka,Paid Ads,160.0,8.0,22235.0,2,5,3,10.0,At Risk
C03509,2024-11-20,Female,31.0,Bhopal,Madhya Pradesh,Organic Search,169.0,1.0,1109.0,2,1,1,4.0,Lost
C00532,2025-11-25,Female,42.0,Guwahati,Assam,Referral,3.0,8.0,23335.0,5,4,4,13.0,Champions
C04044,2026-04-02,Female,18.0,Indore,Madhya Pradesh,Paid Ads,163.0,13.0,97620.0,2,5,5,12.0,At Risk
C03394,2026-05-15,Male,39.0,Bhubaneswar,Odisha,Social Media,56.0,8.0,72928.0,3,5,5,13.0,Loyal Customers
C04110,2025-06-29,Male,18.0,Guwahati,Assam,Organic Search,55.0,5.0,24526.0,3,4,4,11.0,Loyal Customers
C01728,2025-09-16,Other,30.0,Faridabad,Haryana,Organic Search,118.0,17.0,56918.0,2,5,5,12.0,At Risk
C00611,2026-05-18,Male,34.0,Kolkata,West Bengal,Social Media,144.0,1.0,339.0,2,1,1,4.0,Lost
C00571,2026-07-08,Female,18.0,Jaipur,Rajasthan,Paid Ads,36.0,3.0,10762.0,4,2,2,8.0,Potential Loyalists
C02690,2024-06-16,Female,36.0,Visakhapatnam,Andhra Pradesh,Social Media,499.0,3.0,41721.0,1,3,5,9.0,At Risk
C03047,2026-05-01,Male,18.0,Surat,Gujarat,Paid Ads,18.0,1.0,2449.0,5,1,1,7.0,Potential Loyalists
C00344,2025-05-09,Female,27.0,Hyderabad,Telangana,Social Media,402.0,5.0,26781.0,1,4,4,9.0,At Risk
C03019,2025-08-04,Female,19.0,Ahmedabad,Gujarat,Organic Search,317.0,1.0,1309.0,1,1,1,3.0,Lost
C03739,2026-05-14,Female,45.0,Bengaluru,Karnataka,Social Media,35.0,11.0,36661.0,4,5,4,13.0,Champions
C00435,2025-09-03,Male,18.0,Surat,Gujarat,Social Media,75.0,3.0,23351.0,3,2,4,9.0,Lost
C01904,2025-10-06,Male,42.0,Kochi,Kerala,Email,10.0,3.0,20490.0,5,2,3,10.0,Potential Loyalists
C03826,2024-04-22,Female,38.0,Vijayawada,Andhra Pradesh,Paid Ads,35.0,1.0,7826.0,4,1,2,7.0,Potential Loyalists
C03478,2025-07-19,Female,41.0,Ranchi,Jharkhand,Paid Ads,206.0,9.0,51340.0,2,5,5,12.0,At Risk
C02070,2024-06-16,Male,18.0,Bhopal,Madhya Pradesh,Organic Search,31.0,8.0,23096.0,4,5,4,13.0,Champions
C01538,2025-06-09,Female,23.0,Hyderabad,Telangana,Organic Search,421.0,4.0,11313.0,1,3,2,6.0,At Risk
C02270,2025-01-23,Female,23.0,Kanpur,Uttar Pradesh,Email,44.0,4.0,13807.0,4,3,3,10.0,Loyal Customers
C04972,2026-01-01,Female,40.0,Hyderabad,Telangana,Paid Ads,76.0,2.0,7187.0,3,2,2,7.0,Lost
C01518,2024-04-10,Male,34.0,Indore,Madhya Pradesh,Paid Ads,241.0,3.0,4746.0,1,2,1,4.0,Lost
C00966,2024-09-27,Female,50.0,Ranchi,Jharkhand,Social Media,15.0,5.0,17041.0,5,4,3,12.0,Loyal Customers
C04419,2026-06-02,Female,37.0,Noida,Uttar Pradesh,Organic Search,67.0,2.0,19493.0,3,2,3,8.0,Lost
C00529,2025-10-13,Female,29.0,Kanpur,Uttar Pradesh,Paid Ads,254.0,4.0,21484.0,1,3,3,7.0,At Risk
C00177,2025-08-15,Male,36.0,Thiruvananthapuram,Kerala,Organic Search,121.0,2.0,19871.0,2,2,3,7.0,Lost
C03502,2024-11-23,Male,28.0,Guwahati,Assam,Paid Ads,116.0,1.0,3048.0,3,1,1,5.0,Lost
C02562,2025-06-12,Male,28.0,Noida,Uttar Pradesh,Organic Search,294.0,1.0,4026.0,1,1,1,3.0,Lost
C04310,2025-12-27,Unknown,30.0,Gurugram,Haryana,Paid Ads,1.0,1.0,3719.0,5,1,1,7.0,Potential Loyalists
C00573,2025-05-27,Male,65.0,Bengaluru,Karnataka,Email,126.0,6.0,26251.0,2,4,4,10.0,At Risk
C02317,2026-03-01,Male,33.0,Bhopal,Madhya Pradesh,Paid Ads,183.0,11.0,79161.0,2,5,5,12.0,At Risk
C03528,2025-09-06,Male,32.0,Hyderabad,Telangana,Email,234.0,8.0,15348.0,1,5,3,9.0,At Risk
C02477,2025-11-11,Female,29.0,Patna,Bihar,Organic Search,205.0,3.0,14343.0,2,3,3,8.0,At Risk
C03915,2025-10-01,Male,30.0,Guwahati,Assam,Social Media,330.0,2.0,9465.0,1,2,2,5.0,Lost
C02601,2026-03-31,Female,21.0,Chennai,Tamil Nadu,Paid Ads,35.0,4.0,21012.0,4,3,3,10.0,Loyal Customers
C02209,2025-03-29,Male,37.0,Vijayawada,Andhra Pradesh,Referral,37.0,1.0,5156.0,4,1,1,6.0,Potential Loyalists
C02584,2026-04-02,Other,26.0,Noida,Uttar Pradesh,Organic Search,87.0,2.0,10357.0,3,2,2,7.0,Lost
C02884,2026-03-19,Male,35.0,Lucknow,Uttar Pradesh,Referral,89.0,4.0,8225.0,3,3,2,8.0,Loyal Customers
C00384,2025-10-05,Female,32.0,Kolkata,West Bengal,Paid Ads,10.0,7.0,63299.0,5,4,5,14.0,Champions
C00853,2025-10-25,Male,26.0,Delhi,Delhi,Referral,55.0,3.0,5645.0,3,2,1,6.0,Lost
C01881,2026-03-16,Male,23.0,Mysuru,Karnataka,Paid Ads,33.0,1.0,15052.0,4,1,3,8.0,Potential Loyalists
C00371,2025-08-04,Female,36.0,Mysuru,Karnataka,Referral,259.0,8.0,81483.0,1,4,5,10.0,At Risk
C02396,2025-08-06,Male,25.0,Bhopal,Madhya Pradesh,Email,219.0,1.0,5577.0,1,1,1,3.0,Lost
C04336,2025-09-13,Male,27.0,Ranchi,Jharkhand,Paid Ads,320.0,1.0,4887.0,1,1,1,3.0,Lost
C01106,2026-05-11,Female,32.0,Kolkata,West Bengal,Referral,3.0,3.0,3355.0,5,2,1,8.0,Potential Loyalists
C02590,2026-01-17,Male,28.0,Guwahati,Assam,Paid Ads,42.0,1.0,5956.0,4,1,1,6.0,Potential Loyalists
C03968,2026-07-05,Female,44.0,Delhi,Delhi,Referral,9.0,2.0,4937.0,5,2,1,8.0,Potential Loyalists
C01337,2025-03-10,Male,37.0,Guwahati,Assam,Paid Ads,451.0,6.0,22938.0,1,4,4,9.0,At Risk
C02190,2025-07-24,Female,32.0,Chandigarh,Chandigarh,Organic Search,368.0,10.0,106802.0,1,5,5,11.0,At Risk
C04607,2025-10-24,Female,29.0,Indore,Madhya Pradesh,Organic Search,114.0,1.0,11515.0,3,1,2,6.0,Lost
C04168,2024-12-17,Male,33.0,Kanpur,Uttar Pradesh,Organic Search,326.0,8.0,120427.0,1,5,5,11.0,At Risk
C04504,2025-11-23,Female,34.0,Lucknow,Uttar Pradesh,Paid Ads,33.0,4.0,10024.0,4,3,2,9.0,Loyal Customers
C02949,2025-11-20,Female,31.0,Noida,Uttar Pradesh,Paid Ads,256.0,2.0,10556.0,1,2,2,5.0,Lost
C04861,2024-12-21,Male,31.0,Nagpur,Maharashtra,Referral,11.0,11.0,91796.0,5,5,5,15.0,Champions
C01172,2026-02-14,Female,28.0,Noida,Uttar Pradesh,Organic Search,197.0,3.0,84762.0,2,2,5,9.0,Lost
C03613,2024-03-26,Male,30.0,Faridabad,Haryana,Organic Search,215.0,1.0,4088.0,1,1,1,3.0,Lost
C04896,2025-12-28,Female,25.0,Surat,Gujarat,Organic Search,13.0,2.0,9985.0,5,2,2,9.0,Potential Loyalists
C01423,2024-09-02,Male,33.0,Vijayawada,Andhra Pradesh,Social Media,17.0,1.0,8706.0,5,1,2,8.0,Potential Loyalists
C04533,2026-01-21,Male,35.0,Kolkata,West Bengal,Social Media,131.0,2.0,7116.0,2,2,2,6.0,Lost
C02670,2025-06-03,Female,18.0,Kolkata,West Bengal,Organic Search,41.0,6.0,24289.0,4,4,4,12.0,Champions
C04167,2025-01-03,Female,53.0,Chandigarh,Chandigarh,Paid Ads,213.0,4.0,9964.0,1,3,2,6.0,At Risk
C01465,2026-03-02,Female,32.0,Gurugram,Haryana,Social Media,54.0,1.0,10306.0,4,1,2,7.0,Potential Loyalists
C00875,2026-04-15,Male,20.0,Kochi,Kerala,Paid Ads,128.0,2.0,8615.0,2,2,2,6.0,Lost
C02342,2025-10-01,Female,40.0,Hyderabad,Telangana,Organic Search,294.0,2.0,9635.0,1,2,2,5.0,Lost
C04353,2025-09-19,Female,38.0,Ranchi,Jharkhand,Social Media,327.0,2.0,4667.0,1,2,1,4.0,Lost
C01252,2025-12-10,Male,20.0,Bengaluru,Karnataka,Social Media,7.0,1.0,7298.0,5,1,2,8.0,Potential Loyalists
C03138,2026-06-11,Male,31.0,Hyderabad,Telangana,Paid Ads,141.0,2.0,6207.0,2,2,1,5.0,Lost
C00841,2025-08-16,Female,34.0,Gurugram,Haryana,Organic Search,37.0,1.0,12651.0,4,1,2,7.0,Potential Loyalists
C04611,2025-12-19,Unknown,22.0,Coimbatore,Tamil Nadu,Organic Search,246.0,1.0,7645.0,1,2,2,5.0,Lost
C00582,2025-06-30,Female,22.0,Surat,Gujarat,Organic Search,345.0,3.0,13080.0,1,2,3,6.0,Lost
C00205,2024-07-22,Female,41.0,Bengaluru,Karnataka,Referral,27.0,7.0,33354.0,5,4,4,13.0,Champions
C01642,2025-03-12,Female,30.0,Ahmedabad,Gujarat,Email,288.0,5.0,21926.0,1,4,3,8.0,At Risk
C02015,2025-06-12,Male,54.0,Chennai,Tamil Nadu,Paid Ads,6.0,3.0,42883.0,5,2,5,12.0,Potential Loyalists
C00906,2025-09-15,Male,26.0,Vijayawada,Andhra Pradesh,Referral,57.0,10.0,59337.0,3,5,5,13.0,Loyal Customers
C00632,2024-07-03,Male,24.0,Udaipur,Rajasthan,Paid Ads,17.0,8.0,25946.0,5,4,4,13.0,Champions
C03517,2026-01-18,Female,46.0,Lucknow,Uttar Pradesh,Organic Search,56.0,4.0,28184.0,3,3,4,10.0,Loyal Customers
C01975,2025-09-29,Female,34.0,Kochi,Kerala,Organic Search,84.0,1.0,1717.0,3,1,1,5.0,Lost
C00163,2024-05-11,Female,35.0,Noida,Uttar Pradesh,Paid Ads,374.0,6.0,60502.0,1,4,5,10.0,At Risk
C03935,2026-01-08,Male,34.0,Gurugram,Haryana,Referral,196.0,1.0,4977.0,2,1,1,4.0,Lost
C02883,2025-08-26,Female,34.0,Chandigarh,Chandigarh,Social Media,62.0,3.0,13103.0,3,3,3,9.0,Loyal Customers
C04508,2026-03-29,Male,46.0,Vijayawada,Andhra Pradesh,Paid Ads,38.0,1.0,1979.0,4,1,1,6.0,Potential Loyalists
C00618,2025-03-08,Male,27.0,Indore,Madhya Pradesh,Social Media,,,,,,,,No Completed Purchase
C04090,2024-10-12,Unknown,37.0,Patna,Bihar,Paid Ads,70.0,1.0,1699.0,3,1,1,5.0,Lost
C01432,2026-02-03,Male,35.0,Chennai,Tamil Nadu,Social Media,22.0,1.0,1309.0,5,1,1,7.0,Potential Loyalists
C00548,2025-09-18,Male,30.0,Patna,Bihar,Organic Search,68.0,10.0,126369.0,3,5,5,13.0,Loyal Customers
C03353,2024-05-22,Female,33.0,Bengaluru,Karnataka,Paid Ads,160.0,6.0,39288.0,2,4,4,10.0,At Risk
C04559,2025-11-08,Female,43.0,Hyderabad,Telangana,Social Media,140.0,6.0,19802.0,2,4,3,9.0,At Risk
C04246,2025-07-29,Male,30.0,Patna,Bihar,Email,76.0,2.0,23057.0,3,2,4,9.0,Lost
C02405,2025-11-09,Male,45.0,Delhi,Delhi,Organic Search,59.0,5.0,15548.0,3,4,3,10.0,Loyal Customers
C02684,2025-01-02,Female,32.0,Bengaluru,Karnataka,Organic Search,146.0,14.0,96504.0,2,5,5,12.0,At Risk
C03559,2025-04-20,Male,18.0,Delhi,Delhi,Social Media,383.0,2.0,17282.0,1,2,3,6.0,Lost
C04087,2024-10-11,Female,33.0,Mumbai,Maharashtra,Paid Ads,19.0,3.0,5076.0,5,3,1,9.0,Loyal Customers
C01862,2024-08-20,Male,34.0,Mysuru,Karnataka,Social Media,174.0,4.0,17291.0,2,3,3,8.0,At Risk
C00641,2025-08-04,Female,40.0,Kochi,Kerala,Organic Search,233.0,6.0,19751.0,1,4,3,8.0,At Risk
C03809,2024-11-16,Female,20.0,Delhi,Delhi,Organic Search,47.0,10.0,61446.0,4,5,5,14.0,Champions
C00638,2026-04-10,Female,18.0,Ahmedabad,Gujarat,Email,21.0,4.0,26846.0,5,3,4,12.0,Loyal Customers
C03537,2024-07-15,Female,36.0,Udaipur,Rajasthan,Organic Search,48.0,4.0,32984.0,4,3,4,11.0,Loyal Customers
C03932,2024-01-28,Female,18.0,Delhi,Delhi,Social Media,18.0,4.0,17870.0,5,3,3,11.0,Loyal Customers
C03774,2026-01-25,Male,31.0,Bhopal,Madhya Pradesh,Paid Ads,42.0,4.0,26737.0,4,3,4,11.0,Loyal Customers
C02097,2025-08-06,Female,29.0,Mumbai,Maharashtra,Paid Ads,103.0,1.0,3258.0,3,1,1,5.0,Lost
C02568,2025-11-11,Male,27.0,Ahmedabad,Gujarat,Email,39.0,7.0,22269.0,4,4,3,11.0,Loyal Customers
C03383,2025-07-25,Male,44.0,Guwahati,Assam,Organic Search,160.0,1.0,7327.0,2,1,2,5.0,Lost
C04943,2025-08-16,Male,32.0,Chandigarh,Chandigarh,Paid Ads,76.0,4.0,9324.0,3,3,2,8.0,Loyal Customers
C02860,2024-07-24,Female,18.0,Faridabad,Haryana,Paid Ads,107.0,2.0,22990.0,3,2,4,9.0,Lost
C00922,2025-03-08,Male,41.0,Gurugram,Haryana,Paid Ads,54.0,17.0,122776.0,4,5,5,14.0,Champions
C00547,2025-08-15,Female,24.0,Pune,Maharashtra,Paid Ads,14.0,3.0,20862.0,5,2,3,10.0,Potential Loyalists
C04446,2025-06-23,Male,31.0,Lucknow,Uttar Pradesh,Organic Search,101.0,5.0,10632.0,3,4,2,9.0,Loyal Customers
C01901,2025-06-01,Male,40.0,Chandigarh,Chandigarh,Social Media,439.0,12.0,58215.0,1,5,5,11.0,At Risk
C02029,2024-10-30,Male,30.0,Mumbai,Maharashtra,Referral,195.0,5.0,18692.0,2,4,3,9.0,At Risk
C02302,2026-06-24,Male,32.0,Thiruvananthapuram,Kerala,Paid Ads,47.0,4.0,9944.0,4,3,2,9.0,Loyal Customers
C01886,2026-05-24,Female,35.0,Coimbatore,Tamil Nadu,Paid Ads,48.0,3.0,16080.0,4,2,3,9.0,Potential Loyalists
C01643,2025-10-15,Male,18.0,Vijayawada,Andhra Pradesh,Social Media,36.0,5.0,11762.0,4,4,2,10.0,Loyal Customers
C03529,2025-03-09,Female,25.0,Surat,Unknown,Social Media,,,,,,,,No Completed Purchase
C04822,2025-09-24,Male,46.0,Hyderabad,Telangana,Organic Search,182.0,2.0,16713.0,2,2,3,7.0,Lost
C02098,2025-01-16,Male,36.0,Chennai,Tamil Nadu,Organic Search,228.0,14.0,86734.0,1,5,5,11.0,At Risk
C04370,2026-01-01,Male,24.0,Ahmedabad,Gujarat,Social Media,196.0,1.0,3389.0,2,1,1,4.0,Lost
C04829,2025-06-25,Female,39.0,Faridabad,Haryana,Social Media,78.0,4.0,15674.0,3,3,3,9.0,Loyal Customers
C04507,2025-09-06,Male,34.0,Gurugram,Haryana,Paid Ads,82.0,3.0,10846.0,3,3,2,8.0,Loyal Customers
C04980,2025-05-14,Male,29.0,Chennai,Tamil Nadu,Paid Ads,52.0,4.0,23886.0,4,3,4,11.0,Loyal Customers
C00837,2025-12-18,Female,30.0,Patna,Bihar,Paid Ads,207.0,9.0,51674.0,2,5,5,12.0,At Risk
C00602,2026-03-22,Male,24.0,Faridabad,Haryana,Organic Search,29.0,11.0,79522.0,4,5,5,14.0,Champions
C02185,2026-04-24,Male,47.0,Hyderabad,Telangana,Paid Ads,35.0,4.0,31147.0,4,3,4,11.0,Loyal Customers
C03887,2024-12-02,Unknown,38.0,Ahmedabad,Gujarat,Social Media,,,,,,,,No Completed Purchase
C02499,2024-11-16,Female,35.0,Indore,Madhya Pradesh,Social Media,415.0,1.0,1588.0,1,1,1,3.0,Lost
C04320,2025-11-26,Other,18.0,Mysuru,Karnataka,Social Media,262.0,4.0,17615.0,1,3,3,7.0,At Risk
C01583,2025-01-16,Female,24.0,Noida,Uttar Pradesh,Organic Search,49.0,9.0,31103.0,4,5,4,13.0,Champions
C04279,2024-11-15,Female,18.0,Surat,Gujarat,Organic Search,24.0,15.0,59263.0,5,5,5,15.0,Champions
C04258,2024-07-21,Other,31.0,Guwahati,Assam,Paid Ads,588.0,3.0,43374.0,1,3,5,9.0,At Risk
C02744,2025-08-31,Female,34.0,Mumbai,Maharashtra,Organic Search,209.0,12.0,54705.0,2,5,5,12.0,At Risk
C01071,2024-04-04,Male,35.0,Jaipur,Rajasthan,Referral,25.0,8.0,19027.0,5,5,3,13.0,Loyal Customers
C01776,2024-07-07,Male,28.0,Bhubaneswar,Odisha,Paid Ads,281.0,3.0,18797.0,1,2,3,6.0,Lost
C04821,2026-01-19,Other,44.0,Udaipur,Rajasthan,Paid Ads,25.0,12.0,42202.0,5,5,5,15.0,Champions
C01284,2024-11-30,Male,22.0,Nagpur,Maharashtra,Organic Search,48.0,4.0,11604.0,4,3,2,9.0,Loyal Customers
C04170,2026-02-15,Male,32.0,Faridabad,Haryana,Paid Ads,163.0,1.0,4038.0,2,1,1,4.0,Lost
C04766,2025-08-15,Female,29.0,Surat,Gujarat,Paid Ads,192.0,5.0,13802.0,2,4,3,9.0,At Risk
C01837,2026-05-07,Female,29.0,Thiruvananthapuram,Kerala,Social Media,93.0,13.0,78365.0,3,5,5,13.0,Loyal Customers
C04255,2024-12-04,Male,45.0,Vijayawada,Andhra Pradesh,Paid Ads,118.0,1.0,4337.0,2,1,1,4.0,Lost
C01020,2025-11-14,Female,25.0,Nagpur,Maharashtra,Organic Search,139.0,3.0,7537.0,2,2,2,6.0,Lost
C03713,2025-01-20,Male,41.0,Chandigarh,Chandigarh,Social Media,10.0,2.0,4997.0,5,2,1,8.0,Potential Loyalists
C01327,2026-06-29,Unknown,40.0,Jaipur,Rajasthan,Social Media,34.0,3.0,9825.0,4,2,2,8.0,Potential Loyalists
C00476,2025-03-07,Male,24.0,Chandigarh,Chandigarh,Email,122.0,4.0,25395.0,2,3,4,9.0,At Risk
C03467,2025-12-09,Female,24.0,Kochi,Kerala,Paid Ads,62.0,17.0,155520.0,3,5,5,13.0,Loyal Customers
C01652,2025-06-24,Female,23.0,Bhubaneswar,Odisha,Social Media,321.0,1.0,16892.0,1,1,3,5.0,Lost
C04020,2026-02-08,Male,23.0,Nagpur,Maharashtra,Organic Search,18.0,4.0,32779.0,5,3,4,12.0,Loyal Customers
C04948,2024-08-13,Male,39.0,Thiruvananthapuram,Kerala,Organic Search,166.0,3.0,15134.0,2,3,3,8.0,At Risk
C02629,2025-10-28,Female,29.0,Vijayawada,Andhra Pradesh,Organic Search,54.0,3.0,11095.0,4,3,2,9.0,Loyal Customers
C03180,2025-09-10,Male,48.0,Kanpur,Uttar Pradesh,Organic Search,180.0,1.0,11266.0,2,1,2,5.0,Lost
C02828,2025-10-01,Unknown,46.0,Nagpur,Maharashtra,Organic Search,15.0,3.0,19770.0,5,3,3,11.0,Loyal Customers
C01374,2024-05-02,Male,39.0,Pune,Maharashtra,Paid Ads,202.0,8.0,219959.0,2,5,5,12.0,At Risk
C00740,2026-02-21,Male,39.0,Thiruvananthapuram,Kerala,Social Media,17.0,14.0,99807.0,5,5,5,15.0,Champions
C03640,2026-01-08,Male,40.0,Guwahati,Assam,Paid Ads,10.0,1.0,8976.0,5,1,2,8.0,Potential Loyalists
C02458,2026-05-25,Female,30.0,Faridabad,Haryana,Paid Ads,10.0,5.0,13092.0,5,4,3,12.0,Loyal Customers
C00868,2026-07-02,Male,21.0,Noida,Uttar Pradesh,Paid Ads,171.0,2.0,8446.0,2,2,2,6.0,Lost
C01141,2024-09-14,Male,30.0,Mysuru,Karnataka,Organic Search,84.0,6.0,22067.0,3,4,3,10.0,Loyal Customers
C00998,2025-12-18,Male,25.0,Patna,Bihar,Social Media,9.0,5.0,17530.0,5,4,3,12.0,Loyal Customers
C01338,2026-03-20,Female,18.0,Patna,Bihar,Organic Search,133.0,9.0,20176.0,2,5,3,10.0,At Risk
C00542,2024-08-02,Male,36.0,Thiruvananthapuram,Kerala,Email,53.0,3.0,14373.0,4,2,3,9.0,Potential Loyalists
C01100,2026-05-07,Female,18.0,Bhubaneswar,Odisha,Paid Ads,25.0,5.0,46511.0,5,4,5,14.0,Champions
C01133,2026-07-03,Female,36.0,Bhopal,Madhya Pradesh,Organic Search,49.0,1.0,7906.0,4,1,2,7.0,Potential Loyalists
C04086,2025-12-25,Male,33.0,Chennai,Tamil Nadu,Paid Ads,43.0,1.0,2218.0,4,1,1,6.0,Potential Loyalists
C04711,2026-06-07,Female,37.0,Faridabad,Haryana,Email,63.0,1.0,10216.0,3,2,2,7.0,Lost
C02259,2025-12-27,Other,46.0,Mumbai,Maharashtra,Paid Ads,212.0,2.0,6136.0,1,2,1,4.0,Lost
C04009,2025-12-13,Male,35.0,Lucknow,Uttar Pradesh,Organic Search,,,,,,,,No Completed Purchase
C00060,2026-07-23,Female,46.0,Udaipur,Rajasthan,Social Media,50.0,1.0,8677.0,4,1,2,7.0,Potential Loyalists
C03920,2025-02-07,Male,21.0,Bhopal,Madhya Pradesh,Social Media,19.0,8.0,53042.0,5,5,5,15.0,Champions
C01939,2024-10-17,Female,29.0,Noida,Uttar Pradesh,Paid Ads,55.0,3.0,14831.0,3,2,3,8.0,Lost
C02595,2026-05-09,Female,48.0,Bhopal,Madhya Pradesh,Referral,46.0,1.0,2479.0,4,1,1,6.0,Potential Loyalists
C04949,2026-04-25,Male,23.0,Nagpur,Maharashtra,Organic Search,119.0,6.0,43279.0,2,4,5,11.0,At Risk
C01079,2025-01-20,Unknown,35.0,Guwahati,Assam,Social Media,45.0,6.0,26448.0,4,4,4,12.0,Champions
C03292,2025-06-11,Female,36.0,Faridabad,Haryana,Paid Ads,27.0,8.0,25448.0,5,5,4,14.0,Champions
C03146,2025-11-30,Unknown,37.0,Surat,Gujarat,Social Media,245.0,1.0,2448.0,1,1,1,3.0,Lost
C02506,2024-01-22,Female,43.0,Vijayawada,Andhra Pradesh,Organic Search,309.0,11.0,43238.0,1,5,5,11.0,At Risk
C00941,2025-11-04,Female,31.0,Ranchi,Unknown,Referral,135.0,4.0,7405.0,2,3,2,7.0,At Risk
C01081,2026-06-10,Female,38.0,Udaipur,Rajasthan,Social Media,56.0,13.0,82237.0,3,5,5,13.0,Loyal Customers
C00188,2025-05-18,Female,19.0,Kolkata,West Bengal,Paid Ads,420.0,1.0,6616.0,1,1,2,4.0,Lost
C04811,2026-01-06,Male,34.0,Bhopal,Madhya Pradesh,Referral,44.0,6.0,55399.0,4,4,5,13.0,Champions
C02086,2026-03-24,Female,48.0,Vijayawada,Andhra Pradesh,Referral,29.0,4.0,8245.0,4,3,2,9.0,Loyal Customers
C02250,2026-06-15,Male,30.0,Delhi,Delhi,Paid Ads,66.0,1.0,3557.0,3,1,1,5.0,Lost
C04903,2024-08-12,Female,31.0,Ahmedabad,Gujarat,Referral,115.0,1.0,1649.0,3,2,1,6.0,Lost
C02024,2026-05-07,Male,20.0,Guwahati,Assam,Organic Search,59.0,5.0,20342.0,3,4,3,10.0,Loyal Customers
C02701,2025-09-10,Unknown,18.0,Thiruvananthapuram,Kerala,Organic Search,204.0,4.0,25834.0,2,3,4,9.0,At Risk
C04070,2026-03-11,Male,44.0,Pune,Maharashtra,Referral,54.0,7.0,17718.0,4,4,3,11.0,Loyal Customers
C04471,2024-11-20,Male,30.0,Mysuru,Karnataka,Organic Search,,,,,,,,No Completed Purchase
C00227,2026-05-26,Female,31.0,Bengaluru,Unknown,Social Media,63.0,2.0,18029.0,3,2,3,8.0,Lost
C03323,2025-12-30,Female,32.0,Nagpur,Maharashtra,Referral,24.0,6.0,37539.0,5,4,4,13.0,Champions
C01930,2026-03-03,Male,28.0,Bhopal,Madhya Pradesh,Social Media,40.0,12.0,44178.0,4,5,5,14.0,Champions
C04956,2024-04-16,Male,31.0,Chennai,Tamil Nadu,Organic Search,232.0,5.0,28575.0,1,4,4,9.0,At Risk
C04502,2026-01-19,Male,32.0,Surat,Gujarat,Referral,106.0,6.0,12260.0,3,4,2,9.0,Loyal Customers
C01405,2025-11-15,Female,34.0,Mysuru,Karnataka,Paid Ads,,,,,,,,No Completed Purchase
C02180,2025-06-03,Female,28.0,Bengaluru,Karnataka,Social Media,245.0,1.0,3728.0,1,1,1,3.0,Lost
C00698,2025-03-04,Female,39.0,Jaipur,Rajasthan,Paid Ads,56.0,12.0,77409.0,3,5,5,13.0,Loyal Customers
C01125,2024-09-26,Male,27.0,Kolkata,West Bengal,Organic Search,118.0,16.0,116689.0,2,5,5,12.0,At Risk
C02814,2024-07-22,Female,42.0,Pune,Maharashtra,Paid Ads,155.0,1.0,3578.0,2,1,1,4.0,Lost
C02938,2025-07-18,Male,23.0,Kanpur,Uttar Pradesh,Organic Search,49.0,4.0,17642.0,4,3,3,10.0,Loyal Customers
C01779,2024-06-25,Male,29.0,Pune,Maharashtra,Paid Ads,12.0,2.0,20619.0,5,2,3,10.0,Potential Loyalists
C02877,2025-08-31,Male,18.0,Lucknow,Uttar Pradesh,Social Media,101.0,6.0,41251.0,3,4,4,11.0,Loyal Customers
C01038,2025-04-18,Male,25.0,Kanpur,Uttar Pradesh,Social Media,15.0,1.0,2728.0,5,1,1,7.0,Potential Loyalists
C04495,2024-02-18,Male,33.0,Ahmedabad,Gujarat,Social Media,36.0,7.0,77615.0,4,4,5,13.0,Champions
C02257,2025-02-10,Male,21.0,Vijayawada,Andhra Pradesh,Referral,150.0,9.0,56165.0,2,5,5,12.0,At Risk
C00314,2026-07-22,Male,36.0,Bhubaneswar,Odisha,Paid Ads,126.0,11.0,65639.0,2,5,5,12.0,At Risk
C02282,2024-09-08,Female,18.0,Chandigarh,Chandigarh,Email,569.0,7.0,33307.0,1,4,4,9.0,At Risk
C01417,2024-06-25,Female,32.0,Surat,Gujarat,Social Media,36.0,1.0,5488.0,4,1,1,6.0,Potential Loyalists
C01037,2024-11-17,Male,46.0,Vijayawada,Andhra Pradesh,Social Media,470.0,4.0,10283.0,1,3,2,6.0,At Risk
C02160,2025-05-16,Female,34.0,Bengaluru,Karnataka,Social Media,36.0,1.0,1059.0,4,1,1,6.0,Potential Loyalists
C04175,2025-01-07,Male,30.0,Vijayawada,Andhra Pradesh,Paid Ads,423.0,11.0,124269.0,1,5,5,11.0,At Risk
C01755,2024-11-11,Male,21.0,Noida,Uttar Pradesh,Paid Ads,107.0,6.0,35151.0,3,4,4,11.0,Loyal Customers
C03131,2025-02-10,Male,30.0,Indore,Madhya Pradesh,Referral,179.0,8.0,57142.0,2,5,5,12.0,At Risk
C04451,2024-12-19,Female,18.0,Surat,Gujarat,Paid Ads,16.0,2.0,13004.0,5,2,3,10.0,Potential Loyalists
C04366,2025-06-05,Female,40.0,Delhi,Delhi,Organic Search,52.0,9.0,111556.0,4,5,5,14.0,Champions
C03226,2026-05-10,Male,26.0,Patna,Bihar,Organic Search,88.0,1.0,3719.0,3,1,1,5.0,Lost
C04907,2025-07-03,Male,34.0,Thiruvananthapuram,Kerala,Referral,18.0,5.0,18231.0,5,4,3,12.0,Loyal Customers
C04321,2025-08-13,Female,41.0,Bhopal,Madhya Pradesh,Paid Ads,374.0,14.0,104920.0,1,5,5,11.0,At Risk
C01507,2024-09-16,Male,47.0,Guwahati,Assam,Referral,337.0,13.0,40287.0,1,5,4,10.0,At Risk
C01924,2026-04-14,Male,28.0,Visakhapatnam,Andhra Pradesh,Paid Ads,134.0,3.0,24440.0,2,2,4,8.0,Lost
C00449,2024-11-15,Female,37.0,Thiruvananthapuram,Kerala,Social Media,74.0,2.0,7822.0,3,2,2,7.0,Lost
C02461,2025-07-05,Female,26.0,Nagpur,Maharashtra,Social Media,59.0,1.0,4038.0,3,1,1,5.0,Lost
C02946,2024-10-04,Male,27.0,Chennai,Tamil Nadu,Social Media,16.0,7.0,36079.0,5,4,4,13.0,Champions
C04982,2026-03-12,Female,25.0,Chennai,Tamil Nadu,Referral,0.0,1.0,6656.0,5,2,2,9.0,Potential Loyalists
C03485,2024-07-01,Male,36.0,Mumbai,Maharashtra,Social Media,12.0,6.0,17299.0,5,4,3,12.0,Loyal Customers
C00362,2026-03-25,Female,28.0,Bhubaneswar,Odisha,Referral,51.0,2.0,15802.0,4,2,3,9.0,Potential Loyalists
C02184,2026-01-10,Male,23.0,Nagpur,Maharashtra,Social Media,87.0,1.0,1249.0,3,1,1,5.0,Lost
C01135,2025-09-14,Male,24.0,Kochi,Kerala,Organic Search,288.0,1.0,5867.0,1,1,1,3.0,Lost
C03902,2025-08-13,Female,34.0,Hyderabad,Telangana,Social Media,100.0,10.0,28804.0,3,5,4,12.0,Loyal Customers
C02156,2026-07-05,Male,37.0,Bengaluru,Karnataka,Social Media,143.0,2.0,36075.0,2,2,4,8.0,Lost
C01831,2025-07-02,Female,32.0,Bhopal,Madhya Pradesh,Social Media,23.0,1.0,2179.0,5,1,1,7.0,Potential Loyalists
C01054,2025-07-03,Other,27.0,Mysuru,Karnataka,Referral,15.0,3.0,13905.0,5,2,3,10.0,Potential Loyalists
C00023,2026-04-13,Male,32.0,Lucknow,Uttar Pradesh,Organic Search,15.0,11.0,155788.0,5,5,5,15.0,Champions
C02067,2025-07-20,Female,24.0,Faridabad,Haryana,Organic Search,60.0,4.0,20821.0,3,3,3,9.0,Loyal Customers
C01654,2024-09-10,Female,34.0,Bhopal,Madhya Pradesh,Organic Search,49.0,3.0,15584.0,4,2,3,9.0,Potential Loyalists
C02606,2024-07-18,Female,21.0,Bhopal,Madhya Pradesh,Social Media,227.0,3.0,6107.0,1,3,1,5.0,At Risk
C04422,2025-02-24,Female,25.0,Udaipur,Rajasthan,Paid Ads,99.0,5.0,35205.0,3,4,4,11.0,Loyal Customers
C02816,2026-07-17,Female,35.0,Visakhapatnam,Andhra Pradesh,Referral,,,,,,,,No Completed Purchase
C04702,2026-06-24,Male,30.0,Vijayawada,Andhra Pradesh,Paid Ads,142.0,5.0,62559.0,2,4,5,11.0,At Risk
C02326,2025-10-06,Female,44.0,Chennai,Tamil Nadu,Referral,156.0,2.0,8846.0,2,2,2,6.0,Lost
C00461,2026-04-24,Female,33.0,Bhubaneswar,Odisha,Paid Ads,27.0,1.0,8767.0,5,1,2,8.0,Potential Loyalists
C01068,2025-11-19,Female,25.0,Jaipur,Rajasthan,Paid Ads,282.0,1.0,6707.0,1,1,2,4.0,Lost
C00088,2025-10-16,Male,48.0,Chandigarh,Chandigarh,Organic Search,141.0,1.0,3527.0,2,1,1,4.0,Lost
C01431,2024-12-14,Other,27.0,Hyderabad,Telangana,Paid Ads,577.0,10.0,75521.0,1,5,5,11.0,At Risk
C02781,2026-02-07,Unknown,43.0,Mysuru,Karnataka,Email,205.0,7.0,13248.0,2,4,3,9.0,At Risk
C00283,2026-02-19,Female,33.0,Thiruvananthapuram,Kerala,Email,181.0,9.0,60039.0,2,5,5,12.0,At Risk
C00463,2025-07-14,Male,18.0,Noida,Uttar Pradesh,Organic Search,376.0,5.0,22414.0,1,4,3,8.0,At Risk
C00213,2025-09-10,Male,44.0,Surat,Gujarat,Paid Ads,132.0,6.0,42138.0,2,4,5,11.0,At Risk
C03966,2025-06-13,Female,45.0,Ranchi,Unknown,Social Media,74.0,9.0,33804.0,3,5,4,12.0,Loyal Customers
C01369,2025-05-28,Male,28.0,Kochi,Kerala,Email,236.0,12.0,93239.0,1,5,5,11.0,At Risk
C00235,2025-12-03,Female,34.0,Nagpur,Maharashtra,Social Media,162.0,4.0,17401.0,2,3,3,8.0,At Risk
C02789,2025-05-12,Male,28.0,Ahmedabad,Gujarat,Social Media,48.0,12.0,42889.0,4,5,5,14.0,Champions
C00598,2025-11-13,Male,19.0,Jaipur,Rajasthan,Organic Search,9.0,3.0,29614.0,5,2,4,11.0,Potential Loyalists
C04433,2025-09-02,Male,34.0,Faridabad,Haryana,Referral,17.0,1.0,1659.0,5,1,1,7.0,Potential Loyalists
C02251,2026-02-13,Female,27.0,Kanpur,Uttar Pradesh,Social Media,111.0,14.0,39847.0,3,5,4,12.0,Loyal Customers
C04053,2025-05-25,Male,21.0,Mysuru,Karnataka,Social Media,245.0,12.0,131366.0,1,5,5,11.0,At Risk
C02284,2025-05-21,Male,41.0,Delhi,Delhi,Paid Ads,21.0,4.0,24580.0,5,3,4,12.0,Loyal Customers
C00663,2026-06-08,Unknown,36.0,Surat,Gujarat,Social Media,137.0,16.0,104468.0,2,5,5,12.0,At Risk
C04976,2024-08-09,Male,18.0,Lucknow,Uttar Pradesh,Social Media,467.0,7.0,23627.0,1,4,4,9.0,At Risk
C02286,2025-09-28,Female,19.0,Mysuru,Karnataka,Referral,169.0,3.0,7303.0,2,2,2,6.0,Lost
C04729,2024-11-25,Female,18.0,Kolkata,West Bengal,Organic Search,19.0,4.0,13253.0,5,3,3,11.0,Loyal Customers
C03631,2025-02-28,Male,41.0,Mumbai,Maharashtra,Organic Search,175.0,8.0,39614.0,2,5,4,11.0,At Risk
C02521,2025-05-27,Unknown,31.0,Hyderabad,Telangana,Paid Ads,330.0,6.0,17813.0,1,4,3,8.0,At Risk
C03451,2025-12-26,Male,43.0,Kochi,Kerala,Paid Ads,5.0,2.0,6057.0,5,2,1,8.0,Potential Loyalists
C00780,2025-11-10,Male,42.0,Patna,Bihar,Paid Ads,27.0,15.0,96678.0,5,5,5,15.0,Champions
C03560,2025-07-07,Male,33.0,Bhopal,Madhya Pradesh,Paid Ads,278.0,5.0,18471.0,1,4,3,8.0,At Risk
C04734,2025-11-08,Male,36.0,Coimbatore,Tamil Nadu,Paid Ads,177.0,3.0,13053.0,2,3,3,8.0,At Risk
C03306,2025-01-19,Male,21.0,Visakhapatnam,Andhra Pradesh,Paid Ads,,,,,,,,No Completed Purchase
C03215,2025-12-16,Male,18.0,Thiruvananthapuram,Kerala,Referral,255.0,7.0,17427.0,1,4,3,8.0,At Risk
C04848,2025-05-21,Female,31.0,Delhi,Delhi,Organic Search,360.0,3.0,23403.0,1,3,4,8.0,At Risk
C00686,2025-06-11,Male,26.0,Thiruvananthapuram,Kerala,Paid Ads,26.0,1.0,1668.0,5,1,1,7.0,Potential Loyalists
C03188,2025-05-07,Male,23.0,Jaipur,Unknown,Organic Search,99.0,2.0,1368.0,3,2,1,6.0,Lost
C02766,2025-02-07,Male,29.0,Chennai,Tamil Nadu,Social Media,41.0,12.0,42747.0,4,5,5,14.0,Champions
C03952,2026-03-06,Female,18.0,Visakhapatnam,Andhra Pradesh,Organic Search,103.0,4.0,17312.0,3,3,3,9.0,Loyal Customers
C02172,2025-10-02,Female,39.0,Faridabad,Haryana,Paid Ads,38.0,1.0,5707.0,4,1,1,6.0,Potential Loyalists
C02686,2025-02-03,Male,30.0,Mysuru,Karnataka,Referral,47.0,1.0,6727.0,4,1,2,7.0,Potential Loyalists
C01851,2026-03-30,Female,18.0,Vijayawada,Andhra Pradesh,Organic Search,35.0,1.0,2139.0,4,1,1,6.0,Potential Loyalists
C00488,2025-10-02,Female,27.0,Mysuru,Karnataka,Email,260.0,8.0,109640.0,1,4,5,10.0,At Risk
C01689,2025-10-26,Female,39.0,Faridabad,Haryana,Organic Search,36.0,2.0,4328.0,4,2,1,7.0,Potential Loyalists
C02231,2024-07-05,Female,33.0,Pune,Maharashtra,Paid Ads,1.0,6.0,14471.0,5,4,3,12.0,Loyal Customers
C03283,2025-12-04,Female,39.0,Vijayawada,Andhra Pradesh,Organic Search,5.0,7.0,63694.0,5,4,5,14.0,Champions
C02321,2025-05-25,Male,31.0,Kolkata,West Bengal,Paid Ads,106.0,1.0,2498.0,3,1,1,5.0,Lost
C00783,2024-12-10,Female,19.0,Kochi,Kerala,Organic Search,23.0,2.0,29950.0,5,2,4,11.0,Potential Loyalists
C00522,2025-09-18,Male,19.0,Kochi,Kerala,Paid Ads,26.0,5.0,36762.0,5,4,4,13.0,Champions
C00523,2026-03-04,Male,45.0,Thiruvananthapuram,Kerala,Organic Search,78.0,6.0,14120.0,3,4,3,10.0,Loyal Customers
C02856,2025-09-02,Female,24.0,Kolkata,West Bengal,Paid Ads,150.0,12.0,87009.0,2,5,5,12.0,At Risk
C03974,2025-07-15,Female,29.0,Ranchi,Jharkhand,Social Media,46.0,1.0,2319.0,4,1,1,6.0,Potential Loyalists
C02399,2025-03-02,Male,27.0,Chennai,Tamil Nadu,Referral,146.0,3.0,21550.0,2,3,3,8.0,At Risk
C02208,2024-08-24,Female,28.0,Indore,Madhya Pradesh,Paid Ads,311.0,2.0,1128.0,1,2,1,4.0,Lost
C03497,2026-06-15,Male,44.0,Chandigarh,Chandigarh,Paid Ads,19.0,13.0,76126.0,5,5,5,15.0,Champions
C03572,2024-05-24,Male,28.0,Visakhapatnam,Andhra Pradesh,Social Media,582.0,1.0,3928.0,1,1,1,3.0,Lost
C03759,2025-06-13,Female,35.0,Bengaluru,Karnataka,Paid Ads,340.0,6.0,41878.0,1,4,5,10.0,At Risk
C02933,2026-05-07,Male,22.0,Coimbatore,Tamil Nadu,Organic Search,171.0,5.0,31997.0,2,4,4,10.0,At Risk
C01512,2025-07-14,Male,35.0,Jaipur,Rajasthan,Organic Search,212.0,1.0,2118.0,1,1,1,3.0,Lost
C01883,2024-03-28,Female,28.0,Visakhapatnam,Andhra Pradesh,Organic Search,39.0,7.0,33731.0,4,4,4,12.0,Champions
C00652,2024-08-23,Male,47.0,Lucknow,Uttar Pradesh,Email,15.0,1.0,12885.0,5,1,2,8.0,Potential Loyalists
C02805,2024-10-25,Male,30.0,Noida,Uttar Pradesh,Social Media,42.0,4.0,19692.0,4,3,3,10.0,Loyal Customers
C03108,2024-05-02,Male,31.0,Mysuru,Karnataka,Paid Ads,20.0,1.0,2457.0,5,1,1,7.0,Potential Loyalists
C00370,2026-03-27,Female,18.0,Jaipur,Rajasthan,Paid Ads,86.0,11.0,42552.0,3,5,5,13.0,Loyal Customers
C03890,2024-08-13,Male,27.0,Gurugram,Haryana,Organic Search,179.0,1.0,9826.0,2,1,2,5.0,Lost
C00119,2026-04-10,Female,33.0,Pune,Maharashtra,Social Media,105.0,1.0,8221.0,3,1,2,6.0,Lost
C03339,2024-12-12,Male,18.0,Vijayawada,Andhra Pradesh,Paid Ads,57.0,5.0,28773.0,3,4,4,11.0,Loyal Customers
C03140,2025-10-16,Male,18.0,Faridabad,Haryana,Paid Ads,16.0,1.0,1249.0,5,1,1,7.0,Potential Loyalists
C02217,2026-02-17,Female,40.0,Indore,Madhya Pradesh,Email,185.0,7.0,49328.0,2,4,5,11.0,At Risk
C03581,2024-10-18,Female,31.0,Ahmedabad,Gujarat,Social Media,156.0,3.0,9644.0,2,3,2,7.0,At Risk
C01614,2025-01-16,Female,33.0,Nagpur,Maharashtra,Paid Ads,28.0,10.0,27243.0,4,5,4,13.0,Champions
C03389,2025-12-01,Male,39.0,Lucknow,Uttar Pradesh,Social Media,,,,,,,,No Completed Purchase
C00963,2026-06-28,Female,31.0,Kolkata,West Bengal,Referral,43.0,3.0,28309.0,4,2,4,10.0,Potential Loyalists
C02511,2025-06-15,Male,31.0,Bhopal,Madhya Pradesh,Organic Search,377.0,1.0,3719.0,1,1,1,3.0,Lost
C03567,2025-06-07,Male,18.0,Guwahati,Assam,Paid Ads,11.0,15.0,94335.0,5,5,5,15.0,Champions
C02842,2025-07-03,Female,39.0,Ahmedabad,Gujarat,Paid Ads,27.0,3.0,11194.0,5,3,2,10.0,Loyal Customers
C03464,2025-02-11,Female,35.0,Delhi,Delhi,Paid Ads,453.0,15.0,140123.0,1,5,5,11.0,At Risk
C03051,2026-03-13,Female,29.0,Surat,Gujarat,Email,8.0,2.0,12424.0,5,2,2,9.0,Potential Loyalists
C02416,2025-01-24,Female,27.0,Jaipur,Unknown,Social Media,433.0,4.0,8515.0,1,3,2,6.0,At Risk
C04667,2024-09-14,Female,46.0,Vijayawada,Andhra Pradesh,Organic Search,3.0,4.0,22042.0,5,3,3,11.0,Loyal Customers
C04249,2025-11-08,Female,18.0,Lucknow,Unknown,Organic Search,246.0,4.0,26672.0,1,3,4,8.0,At Risk
C02186,2024-07-21,Female,29.0,Thiruvananthapuram,Kerala,Referral,14.0,3.0,11363.0,5,2,2,9.0,Potential Loyalists
C04610,2025-09-03,Female,44.0,Mumbai,Maharashtra,Referral,7.0,5.0,16952.0,5,4,3,12.0,Loyal Customers
C02038,2025-01-01,Male,36.0,Ahmedabad,Gujarat,Social Media,40.0,1.0,16994.0,4,1,3,8.0,Potential Loyalists
C04274,2025-11-26,Male,44.0,Indore,Madhya Pradesh,Paid Ads,,,,,,,,No Completed Purchase
C00773,2025-04-05,Female,25.0,Mumbai,Maharashtra,Referral,38.0,1.0,4908.0,4,1,1,6.0,Potential Loyalists
C01285,2025-01-05,Unknown,18.0,Noida,Uttar Pradesh,Organic Search,496.0,11.0,31954.0,1,5,4,10.0,At Risk
C04616,2025-01-22,Male,31.0,Udaipur,Rajasthan,Paid Ads,,,,,,,,No Completed Purchase
C04749,2025-09-16,Male,50.0,Ahmedabad,Gujarat,Social Media,71.0,5.0,31934.0,3,4,4,11.0,Loyal Customers
C04589,2025-02-27,Male,19.0,Nagpur,Maharashtra,Social Media,55.0,3.0,5725.0,3,3,1,7.0,Loyal Customers
C01415,2024-07-09,Male,35.0,Visakhapatnam,Andhra Pradesh,Email,,,,,,,,No Completed Purchase
C01235,2026-05-13,Male,23.0,Guwahati,Assam,Organic Search,95.0,2.0,15450.0,3,2,3,8.0,Lost
C02779,2025-09-10,Female,38.0,Ahmedabad,Gujarat,Paid Ads,23.0,9.0,36271.0,5,5,4,14.0,Champions
C00436,2025-11-22,Male,38.0,Bhopal,Madhya Pradesh,Paid Ads,225.0,2.0,16993.0,1,2,3,6.0,Lost
C01675,2026-03-15,Male,30.0,Jaipur,Rajasthan,Paid Ads,151.0,2.0,19647.0,2,2,3,7.0,Lost
C00366,2026-05-02,Male,24.0,Lucknow,Uttar Pradesh,Organic Search,44.0,1.0,2838.0,4,1,1,6.0,Potential Loyalists
C03711,2025-03-11,Male,44.0,Delhi,Delhi,Paid Ads,112.0,1.0,1169.0,3,1,1,5.0,Lost
C00232,2026-03-16,Female,23.0,Chandigarh,Chandigarh,Social Media,16.0,2.0,9417.0,5,2,2,9.0,Potential Loyalists
C04280,2026-04-08,Female,35.0,Kanpur,Uttar Pradesh,Email,40.0,5.0,9174.0,4,4,2,10.0,Loyal Customers
C04063,2026-04-03,Unknown,31.0,Ahmedabad,Gujarat,Referral,87.0,3.0,12025.0,3,3,2,8.0,Loyal Customers
C04412,2025-09-09,Female,32.0,Visakhapatnam,Andhra Pradesh,Referral,49.0,2.0,5764.0,4,2,1,7.0,Potential Loyalists
C00408,2024-01-09,Male,39.0,Bengaluru,Karnataka,Social Media,69.0,6.0,16721.0,3,4,3,10.0,Loyal Customers
C02091,2024-12-16,Female,39.0,Bengaluru,Karnataka,Referral,584.0,3.0,11865.0,1,2,2,5.0,Lost
C00087,2026-03-29,Male,40.0,Surat,Gujarat,Organic Search,160.0,10.0,32012.0,2,5,4,11.0,At Risk
C00845,2024-12-15,Male,40.0,Patna,Bihar,Social Media,391.0,3.0,21550.0,1,2,3,6.0,Lost
C01032,2024-08-28,Female,45.0,Chandigarh,Chandigarh,Organic Search,334.0,1.0,15721.0,1,1,3,5.0,Lost
C02650,2024-12-30,Male,45.0,Bhubaneswar,Odisha,Paid Ads,13.0,1.0,4868.0,5,1,1,7.0,Potential Loyalists
C03814,2025-08-25,Male,33.0,Patna,Bihar,Referral,31.0,1.0,17693.0,4,1,3,8.0,Potential Loyalists
C02743,2025-09-07,Female,23.0,Ahmedabad,Gujarat,Organic Search,34.0,3.0,30244.0,4,3,4,11.0,Loyal Customers
C03248,2025-02-20,Unknown,31.0,Chandigarh,Chandigarh,Referral,,,,,,,,No Completed Purchase
C02958,2024-07-04,Male,44.0,Mumbai,Maharashtra,Paid Ads,580.0,1.0,10746.0,1,1,2,4.0,Lost
C00856,2025-06-16,Male,41.0,Bengaluru,Karnataka,Paid Ads,27.0,4.0,26297.0,5,3,4,12.0,Loyal Customers
C00079,2025-08-20,Male,29.0,Surat,Gujarat,Social Media,50.0,3.0,7935.0,4,2,2,8.0,Potential Loyalists
C02248,2024-07-07,Male,50.0,Jaipur,Rajasthan,Paid Ads,514.0,5.0,13073.0,1,4,3,8.0,At Risk
C04583,2026-06-02,Male,33.0,Hyderabad,Telangana,Organic Search,73.0,4.0,16853.0,3,3,3,9.0,Loyal Customers
C04225,2025-10-05,Female,38.0,Delhi,Delhi,Paid Ads,170.0,1.0,5388.0,2,1,1,4.0,Lost
C03732,2026-03-14,Female,45.0,Patna,Bihar,Paid Ads,52.0,1.0,3188.0,4,1,1,6.0,Potential Loyalists
C02928,2025-02-18,Female,32.0,Lucknow,Uttar Pradesh,Paid Ads,171.0,9.0,43853.0,2,5,5,12.0,At Risk
C02280,2024-11-27,Female,43.0,Kolkata,West Bengal,Paid Ads,10.0,4.0,37374.0,5,3,4,12.0,Loyal Customers
C04531,2026-03-10,Female,27.0,Bengaluru,Karnataka,Organic Search,116.0,4.0,24956.0,3,3,4,10.0,Loyal Customers
C04263,2026-05-30,Female,34.0,Chandigarh,Chandigarh,Organic Search,38.0,4.0,19162.0,4,3,3,10.0,Loyal Customers
C03892,2025-09-01,Male,40.0,Patna,Bihar,Organic Search,298.0,3.0,12334.0,1,3,2,6.0,At Risk
C04753,2024-09-12,Male,28.0,Kochi,Kerala,Paid Ads,130.0,1.0,2748.0,2,2,1,5.0,Lost
C02177,2025-11-06,Other,34.0,Guwahati,Assam,Referral,52.0,9.0,31363.0,4,5,4,13.0,Champions
C00425,2025-06-16,Male,25.0,Surat,Gujarat,Social Media,303.0,6.0,20579.0,1,4,3,8.0,At Risk
C00393,2025-04-16,Male,24.0,Chandigarh,Chandigarh,Paid Ads,136.0,2.0,2078.0,2,2,1,5.0,Lost
C04739,2025-11-23,Female,24.0,Chennai,Tamil Nadu,Social Media,86.0,1.0,7437.0,3,2,2,7.0,Lost
C03434,2025-05-12,Male,25.0,Hyderabad,Telangana,Organic Search,56.0,3.0,8465.0,3,3,2,8.0,Loyal Customers
C00105,2026-04-29,Male,25.0,Mysuru,Karnataka,Paid Ads,53.0,2.0,12214.0,4,2,2,8.0,Potential Loyalists
C02991,2025-05-21,Female,32.0,Mysuru,Karnataka,Organic Search,324.0,17.0,126702.0,1,5,5,11.0,At Risk
C03155,2026-04-08,Female,19.0,Surat,Gujarat,Paid Ads,50.0,2.0,9033.0,4,2,2,8.0,Potential Loyalists
C01949,2024-10-06,Male,31.0,Hyderabad,Telangana,Organic Search,492.0,2.0,11102.0,1,2,2,5.0,Lost
C01460,2025-10-18,Female,33.0,Coimbatore,Tamil Nadu,Organic Search,5.0,1.0,3488.0,5,1,1,7.0,Potential Loyalists
C03276,2024-02-26,Male,34.0,Mysuru,Karnataka,Organic Search,367.0,10.0,52649.0,1,5,5,11.0,At Risk
C03251,2026-04-25,Female,32.0,Faridabad,Haryana,Social Media,44.0,4.0,35456.0,4,3,4,11.0,Loyal Customers
C04409,2024-08-16,Female,32.0,Hyderabad,Telangana,Email,27.0,4.0,15072.0,5,3,3,11.0,Loyal Customers
C04802,2026-06-14,Male,41.0,Gurugram,Haryana,Paid Ads,53.0,2.0,9166.0,4,2,2,8.0,Potential Loyalists
C01588,2025-01-22,Female,29.0,Surat,Gujarat,Referral,38.0,3.0,26654.0,4,2,4,10.0,Potential Loyalists
C03983,2025-04-07,Male,40.0,Gurugram,Haryana,Organic Search,78.0,11.0,30541.0,3,5,4,12.0,Loyal Customers
C01732,2024-04-28,Female,28.0,Bengaluru,Karnataka,Social Media,81.0,15.0,83344.0,3,5,5,13.0,Loyal Customers
C04777,2026-05-11,Female,33.0,Lucknow,Uttar Pradesh,Social Media,89.0,1.0,13255.0,3,2,3,8.0,Lost
C03735,2025-12-24,Male,41.0,Jaipur,Rajasthan,Referral,2.0,11.0,27944.0,5,5,4,14.0,Champions
C03703,2025-01-31,Male,31.0,Kanpur,Uttar Pradesh,Referral,219.0,1.0,1788.0,1,1,1,3.0,Lost
C01792,2025-01-11,Female,45.0,Visakhapatnam,Andhra Pradesh,Paid Ads,45.0,4.0,16208.0,4,3,3,10.0,Loyal Customers
C02356,2025-09-29,Male,46.0,Faridabad,Haryana,Organic Search,210.0,6.0,23418.0,2,4,4,10.0,At Risk
C01941,2025-04-23,Male,32.0,Ranchi,Jharkhand,Organic Search,13.0,7.0,36847.0,5,4,4,13.0,Champions
C00703,2026-04-13,Female,18.0,Indore,Madhya Pradesh,Paid Ads,86.0,1.0,2128.0,3,1,1,5.0,Lost
C02443,2025-01-04,Male,18.0,Delhi,Delhi,Organic Search,37.0,4.0,21011.0,4,3,3,10.0,Loyal Customers
C04231,2026-04-04,Female,45.0,Pune,Maharashtra,Referral,28.0,1.0,2098.0,4,1,1,6.0,Potential Loyalists
C00497,2024-04-02,Male,29.0,Gurugram,Haryana,Paid Ads,544.0,2.0,15442.0,1,2,3,6.0,Lost
C00465,2026-03-09,Female,20.0,Noida,Uttar Pradesh,Referral,75.0,1.0,7237.0,3,1,2,6.0,Lost
C02706,2025-04-06,Female,31.0,Nagpur,Maharashtra,Social Media,102.0,1.0,3988.0,3,1,1,5.0,Lost
C04346,2026-03-25,Female,29.0,Gurugram,Haryana,Paid Ads,49.0,2.0,9273.0,4,2,2,8.0,Potential Loyalists
C00173,2025-09-11,Male,32.0,Nagpur,Maharashtra,Social Media,47.0,1.0,5807.0,4,1,1,6.0,Potential Loyalists
C03092,2026-06-27,Female,32.0,Hyderabad,Telangana,Paid Ads,87.0,1.0,4348.0,3,1,1,5.0,Lost
C04809,2026-05-21,Female,18.0,Mysuru,Karnataka,Social Media,60.0,3.0,14642.0,3,3,3,9.0,Loyal Customers
C02541,2025-08-19,Male,18.0,Indore,Madhya Pradesh,Paid Ads,,,,,,,,No Completed Purchase
C03907,2024-08-12,Male,31.0,Udaipur,Rajasthan,Paid Ads,593.0,3.0,18770.0,1,3,3,7.0,At Risk
C02969,2026-07-28,Male,35.0,Coimbatore,Tamil Nadu,Email,6.0,3.0,11315.0,5,3,2,10.0,Loyal Customers
C02261,2025-10-08,Male,24.0,Kochi,Kerala,Organic Search,296.0,2.0,9217.0,1,2,2,5.0,Lost
C02113,2025-10-04,Male,38.0,Pune,Maharashtra,Organic Search,161.0,6.0,49237.0,2,4,5,11.0,At Risk
C00901,2026-01-17,Male,42.0,Bhubaneswar,Odisha,Paid Ads,200.0,2.0,11734.0,2,2,2,6.0,Lost
C01447,2026-03-28,Male,22.0,Indore,Madhya Pradesh,Social Media,117.0,13.0,40486.0,2,5,4,11.0,At Risk
C03941,2025-07-07,Female,28.0,Thiruvananthapuram,Kerala,Organic Search,87.0,1.0,5117.0,3,1,1,5.0,Lost
C00742,2024-09-01,Female,35.0,Ranchi,Jharkhand,Social Media,41.0,2.0,6426.0,4,2,1,7.0,Potential Loyalists
C02294,2026-04-17,Male,38.0,Kochi,Kerala,Email,0.0,13.0,23372.0,5,5,4,14.0,Champions
C02453,2025-03-26,Male,30.0,Nagpur,Maharashtra,Social Media,19.0,4.0,8594.0,5,3,2,10.0,Loyal Customers
C02641,2025-03-18,Female,43.0,Mysuru,Karnataka,Organic Search,155.0,2.0,4367.0,2,2,1,5.0,Lost
C04099,2025-09-14,Female,37.0,Vijayawada,Andhra Pradesh,Organic Search,154.0,15.0,192555.0,2,5,5,12.0,At Risk
C01207,2025-10-02,Female,26.0,Kochi,Unknown,Paid Ads,15.0,11.0,74607.0,5,5,5,15.0,Champions
C00510,2026-01-13,Male,35.0,Mysuru,Karnataka,Social Media,8.0,4.0,52585.0,5,3,5,13.0,Loyal Customers
C02639,2024-06-15,Female,24.0,Chennai,Tamil Nadu,Paid Ads,75.0,4.0,6865.0,3,3,2,8.0,Loyal Customers
C02821,2026-01-15,Female,22.0,Jaipur,Rajasthan,Referral,47.0,1.0,3148.0,4,1,1,6.0,Potential Loyalists
C03332,2025-05-29,Female,29.0,Bengaluru,Karnataka,Social Media,184.0,4.0,45619.0,2,3,5,10.0,At Risk
C01550,2026-01-19,Female,26.0,Coimbatore,Tamil Nadu,Paid Ads,166.0,8.0,25566.0,2,5,4,11.0,At Risk
C03286,2025-11-13,Male,28.0,Mysuru,Karnataka,Referral,22.0,3.0,2667.0,5,3,1,9.0,Loyal Customers
C02203,2025-11-24,Male,30.0,Bengaluru,Karnataka,Organic Search,52.0,8.0,59737.0,4,5,5,14.0,Champions
C02567,2024-08-27,Female,24.0,Ranchi,Jharkhand,Organic Search,353.0,1.0,549.0,1,1,1,3.0,Lost
C02698,2025-06-26,Male,39.0,Patna,Bihar,Social Media,45.0,15.0,43367.0,4,5,5,14.0,Champions
C02045,2025-07-22,Female,25.0,Ranchi,Jharkhand,Social Media,337.0,7.0,47443.0,1,4,5,10.0,At Risk
C00768,2026-03-10,Male,18.0,Ranchi,Jharkhand,Email,87.0,8.0,30356.0,3,4,4,11.0,Loyal Customers
C04885,2026-06-07,Female,34.0,Bengaluru,Karnataka,Paid Ads,54.0,5.0,34930.0,4,4,4,12.0,Champions
C03760,2025-09-25,Female,33.0,Udaipur,Rajasthan,Referral,49.0,3.0,9502.0,4,3,2,9.0,Loyal Customers
C00422,2024-10-01,Male,28.0,Kolkata,West Bengal,Organic Search,68.0,1.0,2268.0,3,1,1,5.0,Lost
C00124,2025-03-26,Male,35.0,Mysuru,Karnataka,Social Media,27.0,1.0,3418.0,5,1,1,7.0,Potential Loyalists
C04174,2024-11-20,Male,31.0,Gurugram,Haryana,Social Media,16.0,7.0,23180.0,5,4,4,13.0,Champions
C02647,2024-03-04,Female,33.0,Vijayawada,Andhra Pradesh,Paid Ads,32.0,1.0,4634.0,4,1,1,6.0,Potential Loyalists
C00820,2024-12-24,Female,33.0,Vijayawada,Andhra Pradesh,Social Media,104.0,5.0,23365.0,3,4,4,11.0,Loyal Customers
C01404,2025-05-23,Female,44.0,Bengaluru,Karnataka,Referral,22.0,1.0,2919.0,5,1,1,7.0,Potential Loyalists
C01383,2025-03-25,Female,39.0,Patna,Bihar,Organic Search,59.0,3.0,10945.0,3,2,2,7.0,Lost
C02149,2026-01-30,Female,32.0,Ahmedabad,Gujarat,Paid Ads,170.0,9.0,28741.0,2,5,4,11.0,At Risk
C01576,2026-06-11,Male,20.0,Bengaluru,Karnataka,Social Media,25.0,11.0,53919.0,5,5,5,15.0,Champions
C01639,2025-03-17,Female,38.0,Mysuru,Karnataka,Paid Ads,14.0,6.0,67525.0,5,4,5,14.0,Champions
C01796,2025-05-16,Female,21.0,Ranchi,Jharkhand,Email,319.0,7.0,52757.0,1,4,5,10.0,At Risk
C04828,2026-02-16,Female,28.0,Ahmedabad,Gujarat,Organic Search,192.0,6.0,45805.0,2,4,5,11.0,At Risk
C00400,2026-05-18,Male,18.0,Kanpur,Uttar Pradesh,Paid Ads,59.0,5.0,20201.0,3,4,3,10.0,Loyal Customers
C02311,2025-05-24,Female,43.0,Mysuru,Karnataka,Paid Ads,316.0,3.0,12044.0,1,2,2,5.0,Lost
C00883,2026-07-14,Male,32.0,Faridabad,Haryana,Referral,16.0,5.0,60716.0,5,4,5,14.0,Champions
C04986,2025-01-01,Male,26.0,Mumbai,Maharashtra,Organic Search,346.0,4.0,36575.0,1,3,4,8.0,At Risk
C02916,2025-04-15,Female,38.0,Bhubaneswar,Odisha,Paid Ads,110.0,1.0,5538.0,3,1,1,5.0,Lost
C01353,2025-10-12,Male,31.0,Udaipur,Rajasthan,Paid Ads,5.0,16.0,58069.0,5,5,5,15.0,Champions
C03889,2026-01-10,Female,39.0,Delhi,Delhi,Paid Ads,53.0,4.0,8784.0,4,3,2,9.0,Loyal Customers
C04563,2025-03-06,Male,30.0,Ranchi,Jharkhand,Social Media,246.0,1.0,6107.0,1,1,1,3.0,Lost
C02131,2026-05-15,Female,23.0,Noida,Uttar Pradesh,Organic Search,5.0,3.0,27825.0,5,2,4,11.0,Potential Loyalists
C00983,2025-01-06,Female,22.0,Surat,Gujarat,Paid Ads,19.0,4.0,34132.0,5,3,4,12.0,Loyal Customers
C00457,2026-01-28,Male,26.0,Bhopal,Unknown,Email,23.0,3.0,11453.0,5,2,2,9.0,Potential Loyalists
C03551,2025-05-20,Male,41.0,Chandigarh,Chandigarh,Organic Search,64.0,3.0,8706.0,3,3,2,8.0,Loyal Customers
C01080,2025-01-01,Unknown,26.0,Chennai,Tamil Nadu,Referral,311.0,14.0,103839.0,1,5,5,11.0,At Risk
C01951,2025-01-06,Female,24.0,Bhopal,Madhya Pradesh,Social Media,29.0,1.0,2319.0,4,1,1,6.0,Potential Loyalists
C04327,2026-04-19,Female,26.0,Indore,Madhya Pradesh,Social Media,146.0,10.0,26636.0,2,5,4,11.0,At Risk
C00690,2026-04-04,Female,43.0,Vijayawada,Andhra Pradesh,Paid Ads,5.0,7.0,82179.0,5,4,5,14.0,Champions
C02430,2025-10-23,Female,38.0,Hyderabad,Telangana,Email,295.0,2.0,20203.0,1,2,3,6.0,Lost
C00642,2025-05-03,Male,47.0,Nagpur,Maharashtra,Social Media,88.0,3.0,11975.0,3,2,2,7.0,Lost
C02393,2025-12-04,Male,53.0,Visakhapatnam,Andhra Pradesh,Organic Search,38.0,5.0,62668.0,4,4,5,13.0,Champions
C01954,2025-08-04,Female,30.0,Noida,Uttar Pradesh,Paid Ads,204.0,1.0,28879.0,2,1,4,7.0,Lost
C04326,2025-12-13,Male,43.0,Kolkata,West Bengal,Organic Search,206.0,1.0,279.0,2,1,1,4.0,Lost
C02785,2025-12-02,Female,42.0,Jaipur,Rajasthan,Paid Ads,100.0,2.0,9856.0,3,2,2,7.0,Lost
C03454,2025-04-25,Male,32.0,Bhopal,Madhya Pradesh,Organic Search,76.0,1.0,1249.0,3,1,1,5.0,Lost
C04747,2025-08-06,Male,31.0,Visakhapatnam,Andhra Pradesh,Paid Ads,26.0,4.0,22621.0,5,3,3,11.0,Loyal Customers
C04779,2026-04-22,Male,27.0,Jaipur,Rajasthan,Organic Search,161.0,4.0,14323.0,2,3,3,8.0,At Risk
C02950,2025-07-17,Female,36.0,Bengaluru,Karnataka,Social Media,165.0,3.0,7336.0,2,3,2,7.0,At Risk
C01885,2025-05-18,Male,50.0,Chandigarh,Chandigarh,Social Media,336.0,2.0,8027.0,1,2,2,5.0,Lost
C00390,2025-04-07,Male,23.0,Kolkata,West Bengal,Organic Search,3.0,1.0,838.0,5,1,1,7.0,Potential Loyalists
C02495,2024-10-06,Male,39.0,Chandigarh,Chandigarh,Paid Ads,52.0,2.0,13914.0,4,2,3,9.0,Potential Loyalists
C03136,2024-08-26,Male,39.0,Nagpur,Maharashtra,Paid Ads,145.0,4.0,27276.0,2,3,4,9.0,At Risk
C03189,2026-02-18,Male,31.0,Kanpur,Uttar Pradesh,Paid Ads,183.0,7.0,20007.0,2,4,3,9.0,At Risk
C00846,2025-09-03,Male,27.0,Coimbatore,Tamil Nadu,Organic Search,,,,,,,,No Completed Purchase
C00543,2025-11-26,Male,36.0,Patna,Bihar,Paid Ads,78.0,3.0,12434.0,3,2,2,7.0,Lost
C00092,2025-09-01,Male,23.0,Kanpur,Uttar Pradesh,Paid Ads,248.0,1.0,7237.0,1,1,2,4.0,Lost
C03911,2026-02-11,Male,27.0,Guwahati,Assam,Social Media,108.0,4.0,24072.0,3,3,4,10.0,Loyal Customers
C01980,2025-03-04,Female,30.0,Mumbai,Maharashtra,Organic Search,368.0,2.0,22440.0,1,2,3,6.0,Lost
C04693,2026-02-27,Male,48.0,Chandigarh,Chandigarh,Paid Ads,183.0,11.0,33792.0,2,5,4,11.0,At Risk
C04102,2026-04-04,Female,27.0,Vijayawada,Andhra Pradesh,Email,24.0,9.0,21857.0,5,5,3,13.0,Loyal Customers
C03387,2025-11-11,Male,23.0,Jaipur,Rajasthan,Referral,71.0,6.0,29389.0,3,4,4,11.0,Loyal Customers
C02530,2024-12-19,Female,36.0,Visakhapatnam,Andhra Pradesh,Social Media,566.0,1.0,4877.0,1,1,1,3.0,Lost
C01677,2025-12-20,Male,41.0,Jaipur,Rajasthan,Paid Ads,126.0,3.0,16820.0,2,2,3,7.0,Lost
C01049,2024-10-16,Male,26.0,Gurugram,Haryana,Organic Search,50.0,5.0,29519.0,4,4,4,12.0,Champions
C01961,2025-12-12,Male,23.0,Pune,Maharashtra,Paid Ads,201.0,17.0,52262.0,2,5,5,12.0,At Risk
C02531,2026-05-26,Female,30.0,Surat,Gujarat,Social Media,78.0,4.0,20133.0,3,3,3,9.0,Loyal Customers
C04013,2026-01-09,Female,28.0,Thiruvananthapuram,Kerala,Organic Search,36.0,7.0,47368.0,4,4,5,13.0,Champions
C00238,2026-05-09,Male,18.0,Bhopal,Madhya Pradesh,Referral,24.0,4.0,16314.0,5,3,3,11.0,Loyal Customers
C02985,2025-05-05,Female,47.0,Faridabad,Haryana,Social Media,298.0,1.0,938.0,1,1,1,3.0,Lost
C04104,2025-08-16,Female,26.0,Ahmedabad,Gujarat,Referral,49.0,2.0,12035.0,4,2,2,8.0,Potential Loyalists
C01134,2025-07-24,Male,18.0,Gurugram,Haryana,Organic Search,36.0,1.0,14295.0,4,1,3,8.0,Potential Loyalists
C01806,2025-07-29,Female,30.0,Thiruvananthapuram,Kerala,Social Media,355.0,8.0,87121.0,1,5,5,11.0,At Risk
C04155,2026-01-20,Female,25.0,Udaipur,Rajasthan,Email,31.0,2.0,4528.0,4,2,1,7.0,Potential Loyalists
C00164,2025-07-27,Female,37.0,Delhi,Delhi,Paid Ads,61.0,17.0,67755.0,3,5,5,13.0,Loyal Customers
C03660,2026-03-22,Female,30.0,Ranchi,Jharkhand,Organic Search,43.0,14.0,35542.0,4,5,4,13.0,Champions
C04722,2024-10-15,Male,18.0,Thiruvananthapuram,Kerala,Social Media,8.0,7.0,144988.0,5,4,5,14.0,Champions
C03362,2025-08-03,Female,41.0,Bhopal,Madhya Pradesh,Social Media,38.0,4.0,35721.0,4,3,4,11.0,Loyal Customers
C03472,2024-08-23,Unknown,42.0,Kanpur,Uttar Pradesh,Social Media,38.0,9.0,28443.0,4,5,4,13.0,Champions
C04930,2025-09-04,Male,39.0,Noida,Uttar Pradesh,Social Media,321.0,7.0,51172.0,1,4,5,10.0,At Risk
C03656,2025-11-21,Male,27.0,Bhopal,Madhya Pradesh,Email,265.0,10.0,43001.0,1,5,5,11.0,At Risk
C03961,2025-11-15,Male,40.0,Mysuru,Karnataka,Social Media,51.0,3.0,23498.0,4,3,4,11.0,Loyal Customers
C01812,2025-10-24,Male,29.0,Indore,Madhya Pradesh,Organic Search,17.0,11.0,155319.0,5,5,5,15.0,Champions
C03129,2024-10-21,Female,39.0,Thiruvananthapuram,Kerala,Social Media,,,,,,,,No Completed Purchase
C03168,2026-06-11,Female,46.0,Visakhapatnam,Andhra Pradesh,Social Media,68.0,3.0,11183.0,3,3,2,8.0,Loyal Customers
C01429,2026-01-18,Female,25.0,Patna,Bihar,Organic Search,117.0,3.0,7565.0,2,2,2,6.0,Lost
C03635,2024-08-20,Male,41.0,Kanpur,Uttar Pradesh,Referral,176.0,1.0,5338.0,2,1,1,4.0,Lost
C02818,2025-09-29,Female,30.0,Vijayawada,Andhra Pradesh,Social Media,50.0,3.0,16513.0,4,3,3,10.0,Loyal Customers
C03415,2025-11-03,Male,34.0,Kochi,Kerala,Email,128.0,3.0,14762.0,2,3,3,8.0,At Risk
C04473,2025-10-30,Female,18.0,Hyderabad,Telangana,Organic Search,50.0,1.0,1309.0,4,1,1,6.0,Potential Loyalists
C04662,2025-02-22,Male,29.0,Mumbai,Maharashtra,Paid Ads,26.0,2.0,4597.0,5,2,1,8.0,Potential Loyalists
C04654,2026-02-09,Male,34.0,Delhi,Delhi,Organic Search,194.0,4.0,36539.0,2,3,4,9.0,At Risk
C01453,2025-04-21,Female,43.0,Coimbatore,Tamil Nadu,Email,390.0,6.0,77294.0,1,4,5,10.0,At Risk
C00594,2025-07-20,Unknown,22.0,Nagpur,Maharashtra,Paid Ads,217.0,1.0,7137.0,1,1,2,4.0,Lost
C00042,2024-10-15,Male,30.0,Surat,Gujarat,Organic Search,148.0,6.0,36033.0,2,4,4,10.0,At Risk
C00561,2024-07-17,Female,29.0,Kolkata,West Bengal,Organic Search,243.0,14.0,100982.0,1,5,5,11.0,At Risk
C02955,2026-02-02,Male,38.0,Lucknow,Uttar Pradesh,Paid Ads,39.0,1.0,7426.0,4,1,2,7.0,Potential Loyalists
C04628,2025-08-04,Female,36.0,Chandigarh,Chandigarh,Organic Search,45.0,2.0,7644.0,4,2,2,8.0,Potential Loyalists
C00244,2025-08-14,Female,34.0,Kochi,Kerala,Organic Search,255.0,3.0,11414.0,1,2,2,5.0,Lost
C01340,2024-04-15,Male,32.0,Chennai,Tamil Nadu,Social Media,42.0,9.0,35383.0,4,5,4,13.0,Champions
C02917,2025-06-02,Female,36.0,Patna,Bihar,Social Media,176.0,1.0,469.0,2,1,1,4.0,Lost
C03165,2025-06-30,Male,38.0,Bengaluru,Karnataka,Paid Ads,257.0,5.0,72747.0,1,4,5,10.0,At Risk
C03821,2026-03-24,Male,29.0,Bengaluru,Karnataka,Organic Search,159.0,5.0,18271.0,2,4,3,9.0,At Risk
C01443,2026-01-31,Male,34.0,Indore,Madhya Pradesh,Organic Search,187.0,1.0,4408.0,2,1,1,4.0,Lost
C00262,2026-04-03,Female,35.0,Bhubaneswar,Odisha,Referral,32.0,3.0,25057.0,4,2,4,10.0,Potential Loyalists
C03964,2025-07-31,Female,28.0,Mysuru,Karnataka,Referral,113.0,1.0,5326.0,3,1,1,5.0,Lost
C01690,2026-02-23,Male,35.0,Surat,Gujarat,Social Media,109.0,13.0,71578.0,3,5,5,13.0,Loyal Customers
C01726,2025-05-18,Male,32.0,Vijayawada,Andhra Pradesh,Social Media,29.0,2.0,2537.0,4,2,1,7.0,Potential Loyalists
C04083,2026-02-26,Male,32.0,Udaipur,Rajasthan,Paid Ads,77.0,6.0,43232.0,3,4,5,12.0,Loyal Customers
C00835,2024-05-22,Male,18.0,Vijayawada,Andhra Pradesh,Paid Ads,58.0,17.0,182923.0,3,5,5,13.0,Loyal Customers
C01867,2025-07-27,Female,32.0,Bhopal,Madhya Pradesh,Social Media,198.0,3.0,23237.0,2,2,4,8.0,Lost
C02497,2024-06-29,Male,18.0,Thiruvananthapuram,Kerala,Social Media,18.0,7.0,27646.0,5,4,4,13.0,Champions
C02011,2024-08-02,Male,35.0,Patna,Bihar,Paid Ads,25.0,5.0,45621.0,5,4,5,14.0,Champions
C00341,2025-02-28,Female,29.0,Ahmedabad,Gujarat,Organic Search,127.0,2.0,13945.0,2,2,3,7.0,Lost
C03007,2025-03-01,Female,32.0,Ahmedabad,Gujarat,Email,38.0,1.0,3378.0,4,1,1,6.0,Potential Loyalists
C01602,2025-06-19,Female,30.0,Mumbai,Maharashtra,Paid Ads,91.0,9.0,49622.0,3,5,5,13.0,Loyal Customers
C03022,2026-06-16,Male,31.0,Faridabad,Haryana,Social Media,15.0,13.0,36061.0,5,5,4,14.0,Champions
C04707,2026-06-08,Male,50.0,Kanpur,Uttar Pradesh,Social Media,117.0,1.0,9335.0,2,2,2,6.0,Lost
C00481,2025-03-11,Female,25.0,Ahmedabad,Gujarat,Paid Ads,226.0,2.0,13402.0,1,2,3,6.0,Lost
C02844,2025-04-27,Female,40.0,Kochi,Kerala,Organic Search,243.0,3.0,13875.0,1,3,3,7.0,At Risk
C03922,2025-09-27,Female,31.0,Bhopal,Madhya Pradesh,Paid Ads,77.0,1.0,5847.0,3,1,1,5.0,Lost
C03413,2025-09-03,Male,28.0,Surat,Gujarat,Paid Ads,82.0,2.0,4747.0,3,2,1,6.0,Lost
C04651,2025-07-26,Female,21.0,Jaipur,Rajasthan,Email,7.0,6.0,27366.0,5,4,4,13.0,Champions
C03065,2026-06-21,Male,33.0,Guwahati,Assam,Referral,6.0,1.0,5918.0,5,1,1,7.0,Potential Loyalists
C04012,2024-07-09,Male,25.0,Chandigarh,Chandigarh,Organic Search,173.0,5.0,18043.0,2,4,3,9.0,At Risk
C01767,2025-05-01,Male,40.0,Udaipur,Rajasthan,Organic Search,124.0,6.0,36990.0,2,4,4,10.0,At Risk
C04486,2025-08-22,Female,39.0,Kanpur,Uttar Pradesh,Referral,23.0,9.0,69387.0,5,5,5,15.0,Champions
C02454,2026-04-20,Male,27.0,Kanpur,Uttar Pradesh,Email,87.0,2.0,18212.0,3,2,3,8.0,Lost
C02896,2026-04-16,Female,18.0,Chennai,Tamil Nadu,Paid Ads,165.0,1.0,3678.0,2,1,1,4.0,Lost
C03837,2025-04-13,Female,36.0,Delhi,Delhi,Email,244.0,6.0,26725.0,1,4,4,9.0,At Risk
C04038,2026-06-10,Female,33.0,Bengaluru,Karnataka,Paid Ads,9.0,8.0,58996.0,5,5,5,15.0,Champions
C04690,2025-05-10,Male,30.0,Bhubaneswar,Odisha,Email,52.0,1.0,7305.0,4,2,2,8.0,Potential Loyalists
C03871,2025-12-27,Female,34.0,Udaipur,Rajasthan,Paid Ads,131.0,1.0,1918.0,2,1,1,4.0,Lost
C01272,2024-06-16,Female,25.0,Coimbatore,Tamil Nadu,Paid Ads,41.0,1.0,9523.0,4,1,2,7.0,Potential Loyalists
C03096,2025-09-17,Male,29.0,Bhopal,Madhya Pradesh,Social Media,157.0,2.0,9256.0,2,2,2,6.0,Lost
C04514,2026-03-04,Male,18.0,Thiruvananthapuram,Kerala,Referral,,,,,,,,No Completed Purchase
C03113,2025-09-08,Male,34.0,Chandigarh,Chandigarh,Email,156.0,3.0,3766.0,2,3,1,6.0,At Risk
C04154,2024-11-11,Female,31.0,Gurugram,Haryana,Organic Search,199.0,1.0,8567.0,2,1,2,5.0,Lost
C00348,2024-09-01,Male,42.0,Kochi,Unknown,Social Media,164.0,3.0,12531.0,2,2,2,6.0,Lost
C03903,2025-07-31,Female,30.0,Kanpur,Uttar Pradesh,Organic Search,15.0,1.0,3818.0,5,1,1,7.0,Potential Loyalists
C04636,2025-02-23,Female,31.0,Gurugram,Haryana,Social Media,22.0,7.0,45756.0,5,4,5,14.0,Champions
C02563,2026-06-13,Male,18.0,Ranchi,Jharkhand,Referral,17.0,5.0,31552.0,5,4,4,13.0,Champions
C04603,2025-06-01,Male,18.0,Vijayawada,Andhra Pradesh,Social Media,124.0,4.0,9845.0,2,3,2,7.0,At Risk
C01424,2026-03-01,Male,26.0,Chandigarh,Chandigarh,Organic Search,41.0,8.0,29533.0,4,5,4,13.0,Champions
C00657,2025-05-07,Female,18.0,Bhopal,Madhya Pradesh,Organic Search,476.0,1.0,3657.0,1,1,1,3.0,Lost
C02103,2025-08-10,Male,34.0,Thiruvananthapuram,Kerala,Social Media,17.0,4.0,20856.0,5,3,3,11.0,Loyal Customers
C00633,2025-11-05,Female,20.0,Bhubaneswar,Odisha,Organic Search,261.0,5.0,23559.0,1,4,4,9.0,At Risk
C02911,2025-02-01,Female,38.0,Bhubaneswar,Odisha,Email,52.0,2.0,12755.0,4,2,2,8.0,Potential Loyalists
C02494,2026-05-08,Female,23.0,Hyderabad,Telangana,Organic Search,145.0,1.0,3407.0,2,1,1,4.0,Lost
C02666,2025-03-11,Female,28.0,Surat,Gujarat,Organic Search,109.0,1.0,27680.0,3,1,4,8.0,Lost
C03367,2026-03-07,Other,34.0,Guwahati,Assam,Social Media,152.0,1.0,4028.0,2,1,1,4.0,Lost
C03684,2025-12-29,Female,26.0,Gurugram,Haryana,Organic Search,21.0,1.0,16262.0,5,1,3,9.0,Potential Loyalists
C04148,2025-08-22,Male,25.0,Mumbai,Maharashtra,Social Media,47.0,5.0,43681.0,4,4,5,13.0,Champions
C03115,2025-12-06,Female,42.0,Noida,Uttar Pradesh,Organic Search,64.0,1.0,15533.0,3,1,3,7.0,Lost
C03616,2024-07-29,Male,44.0,Kochi,Kerala,Organic Search,560.0,15.0,86368.0,1,5,5,11.0,At Risk
C02501,2026-05-09,Female,32.0,Jaipur,Rajasthan,Organic Search,29.0,3.0,15420.0,4,3,3,10.0,Loyal Customers
C01466,2025-12-09,Female,24.0,Hyderabad,Telangana,Email,229.0,7.0,17409.0,1,4,3,8.0,At Risk
C02852,2024-06-02,Male,29.0,Guwahati,Assam,Email,480.0,10.0,32103.0,1,5,4,10.0,At Risk
C00116,2025-06-28,Male,36.0,Lucknow,Uttar Pradesh,Social Media,57.0,7.0,20520.0,3,4,3,10.0,Loyal Customers
C01822,2025-03-19,Female,24.0,Indore,Madhya Pradesh,Referral,88.0,15.0,40952.0,3,5,4,12.0,Loyal Customers
C01495,2024-11-19,Male,46.0,Noida,Uttar Pradesh,Social Media,489.0,1.0,6427.0,1,1,1,3.0,Lost
C02402,2025-08-05,Female,35.0,Mysuru,Karnataka,Organic Search,77.0,4.0,31985.0,3,3,4,10.0,Loyal Customers
C01233,2026-01-09,Male,23.0,Thiruvananthapuram,Kerala,Referral,53.0,6.0,16441.0,4,4,3,11.0,Loyal Customers
C02662,2025-11-19,Male,18.0,Kochi,Kerala,Social Media,62.0,4.0,8695.0,3,3,2,8.0,Loyal Customers
C02891,2026-02-03,Male,29.0,Chennai,Tamil Nadu,Organic Search,,,,,,,,No Completed Purchase
C04586,2024-05-12,Female,34.0,Bhubaneswar,Odisha,Social Media,402.0,7.0,101369.0,1,4,5,10.0,At Risk
C01154,2025-07-16,Male,28.0,Kolkata,West Bengal,Paid Ads,292.0,10.0,47843.0,1,5,5,11.0,At Risk
C03870,2026-01-24,Female,23.0,Ahmedabad,Gujarat,Paid Ads,101.0,1.0,9117.0,3,1,2,6.0,Lost
C00058,2025-02-13,Female,30.0,Nagpur,Maharashtra,Paid Ads,384.0,9.0,116452.0,1,5,5,11.0,At Risk
C03414,2024-04-09,Male,44.0,Lucknow,Uttar Pradesh,Referral,81.0,5.0,14911.0,3,4,3,10.0,Loyal Customers
C04363,2026-06-13,Female,42.0,Udaipur,Rajasthan,Organic Search,8.0,8.0,25355.0,5,5,4,14.0,Champions
C04958,2025-06-16,Unknown,33.0,Pune,Maharashtra,Paid Ads,43.0,2.0,7445.0,4,2,2,8.0,Potential Loyalists
C01736,2025-02-21,Female,37.0,Bengaluru,Karnataka,Organic Search,40.0,3.0,5696.0,4,2,1,7.0,Potential Loyalists
C02197,2024-12-22,Male,30.0,Guwahati,Assam,Paid Ads,56.0,14.0,89280.0,3,5,5,13.0,Loyal Customers
C04081,2026-03-20,Male,38.0,Mysuru,Karnataka,Paid Ads,147.0,5.0,27158.0,2,4,4,10.0,At Risk
C02476,2024-05-05,Male,20.0,Thiruvananthapuram,Kerala,Paid Ads,179.0,5.0,21568.0,2,4,3,9.0,At Risk
C02565,2024-07-20,Female,18.0,Ranchi,Jharkhand,Email,60.0,2.0,12925.0,3,2,2,7.0,Lost
C03177,2025-11-24,Female,31.0,Surat,Gujarat,Paid Ads,183.0,1.0,3517.0,2,1,1,4.0,Lost
C04056,2025-10-11,Female,39.0,Faridabad,Haryana,Social Media,11.0,1.0,5418.0,5,1,1,7.0,Potential Loyalists
C03677,2025-12-14,Male,38.0,Gurugram,Haryana,Paid Ads,32.0,15.0,48939.0,4,5,5,14.0,Champions
C00708,2026-07-24,Female,41.0,Nagpur,Maharashtra,Organic Search,87.0,8.0,59671.0,3,4,5,12.0,Loyal Customers
C04293,2026-02-16,Other,49.0,Patna,Bihar,Social Media,83.0,4.0,17743.0,3,3,3,9.0,Loyal Customers
C01094,2025-02-14,Male,43.0,Gurugram,Haryana,Referral,459.0,13.0,31841.0,1,5,4,10.0,At Risk
C04855,2026-04-03,Female,39.0,Kanpur,Uttar Pradesh,Organic Search,4.0,3.0,13014.0,5,3,3,11.0,Loyal Customers
C01377,2025-04-01,Male,43.0,Surat,Gujarat,Referral,4.0,1.0,5527.0,5,1,1,7.0,Potential Loyalists
C04926,2026-05-28,Female,40.0,Gurugram,Haryana,Referral,87.0,9.0,41344.0,3,5,4,12.0,Loyal Customers
C00073,2026-01-12,Male,27.0,Chennai,Tamil Nadu,Social Media,227.0,1.0,4578.0,1,1,1,3.0,Lost
C01923,2025-12-26,Male,56.0,Mysuru,Karnataka,Paid Ads,234.0,10.0,19343.0,1,5,3,9.0,At Risk
C03425,2024-04-22,Male,31.0,Ahmedabad,Gujarat,Paid Ads,52.0,6.0,24767.0,4,4,4,12.0,Champions
C01765,2025-10-20,Male,47.0,Delhi,Delhi,Social Media,27.0,5.0,25539.0,5,4,4,13.0,Champions
C00744,2024-04-28,Male,26.0,Kochi,Kerala,Paid Ads,555.0,5.0,34692.0,1,4,4,9.0,At Risk
C03381,2024-10-15,Female,42.0,Surat,Gujarat,Email,563.0,14.0,98095.0,1,5,5,11.0,At Risk
C01006,2024-10-09,Female,31.0,Faridabad,Haryana,Social Media,,,,,,,,No Completed Purchase
C02669,2025-05-24,Male,32.0,Visakhapatnam,Andhra Pradesh,Referral,191.0,1.0,329.0,2,1,1,4.0,Lost
C01191,2024-12-19,Female,37.0,Gurugram,Haryana,Paid Ads,20.0,6.0,87416.0,5,4,5,14.0,Champions
C03209,2024-09-07,Male,42.0,Coimbatore,Tamil Nadu,Referral,143.0,3.0,8855.0,2,3,2,7.0,At Risk
C02602,2025-09-26,Male,18.0,Delhi,Delhi,Paid Ads,,,,,,,,No Completed Purchase
C01126,2025-06-20,Female,41.0,Hyderabad,Unknown,Paid Ads,46.0,4.0,47178.0,4,3,5,12.0,Loyal Customers
C01242,2025-08-01,Male,22.0,Noida,Uttar Pradesh,Paid Ads,88.0,3.0,14055.0,3,2,3,8.0,Lost
C02868,2025-11-07,Male,28.0,Bhopal,Madhya Pradesh,Social Media,134.0,3.0,11056.0,2,3,2,7.0,At Risk
C04142,2024-11-20,Unknown,34.0,Jaipur,Rajasthan,Referral,60.0,3.0,7885.0,3,3,2,8.0,Loyal Customers
C03461,2026-05-16,Female,38.0,Kanpur,Uttar Pradesh,Paid Ads,59.0,3.0,33867.0,3,3,4,10.0,Loyal Customers
C00999,2026-03-09,Female,21.0,Chandigarh,Chandigarh,Email,7.0,7.0,25960.0,5,4,4,13.0,Champions
C03405,2025-11-09,Male,32.0,Surat,Gujarat,Organic Search,188.0,5.0,76785.0,2,4,5,11.0,At Risk
C02685,2026-06-09,Male,26.0,Kanpur,Uttar Pradesh,Organic Search,17.0,7.0,86880.0,5,4,5,14.0,Champions
C01578,2025-05-29,Female,36.0,Gurugram,Haryana,Referral,,,,,,,,No Completed Purchase
C04803,2026-01-09,Female,44.0,Chandigarh,Chandigarh,Paid Ads,196.0,1.0,5837.0,2,2,1,5.0,Lost
C01827,2026-05-22,Male,43.0,Gurugram,Haryana,Social Media,,,,,,,,No Completed Purchase
C03987,2024-05-28,Male,41.0,Jaipur,Rajasthan,Social Media,14.0,10.0,77244.0,5,5,5,15.0,Champions
C03556,2025-01-24,Male,22.0,Udaipur,Rajasthan,Paid Ads,417.0,5.0,33300.0,1,4,4,9.0,At Risk
C00441,2025-09-07,Other,35.0,Chennai,Tamil Nadu,Organic Search,58.0,6.0,17470.0,3,4,3,10.0,Loyal Customers
C04964,2026-03-18,Female,39.0,Noida,Uttar Pradesh,Paid Ads,23.0,9.0,55267.0,5,5,5,15.0,Champions
C01101,2025-06-16,Female,23.0,Bengaluru,Karnataka,Social Media,143.0,2.0,5536.0,2,2,1,5.0,Lost
C04032,2026-01-13,Male,31.0,Guwahati,Assam,Organic Search,184.0,1.0,1249.0,2,1,1,4.0,Lost
C03077,2025-04-06,Male,18.0,Thiruvananthapuram,Kerala,Referral,485.0,1.0,4998.0,1,1,1,3.0,Lost
C00650,2024-06-10,Unknown,34.0,Lucknow,Uttar Pradesh,Paid Ads,60.0,6.0,36142.0,3,4,4,11.0,Loyal Customers
C01547,2025-05-01,Unknown,44.0,Patna,Bihar,Referral,36.0,1.0,3156.0,4,1,1,6.0,Potential Loyalists
C03558,2025-05-09,Other,31.0,Pune,Maharashtra,Paid Ads,8.0,11.0,63739.0,5,5,5,15.0,Champions
C04367,2025-06-10,Male,21.0,Noida,Uttar Pradesh,Social Media,367.0,2.0,35280.0,1,2,4,7.0,Lost
C03205,2025-07-12,Female,24.0,Noida,Uttar Pradesh,Social Media,4.0,4.0,23767.0,5,3,4,12.0,Loyal Customers
C04195,2026-03-26,Female,22.0,Ranchi,Jharkhand,Paid Ads,13.0,7.0,24318.0,5,4,4,13.0,Champions
C00631,2025-12-12,Female,27.0,Ranchi,Jharkhand,Social Media,6.0,7.0,91756.0,5,4,5,14.0,Champions
C00673,2025-06-06,Male,36.0,Chandigarh,Chandigarh,Organic Search,269.0,1.0,5126.0,1,1,1,3.0,Lost
C01250,2025-04-30,Female,47.0,Thiruvananthapuram,Kerala,Organic Search,424.0,1.0,3908.0,1,1,1,3.0,Lost
C00483,2025-10-11,Male,38.0,Bhubaneswar,Odisha,Paid Ads,310.0,14.0,49979.0,1,5,5,11.0,At Risk
C01585,2024-11-22,Male,33.0,Ahmedabad,Gujarat,Social Media,136.0,3.0,6155.0,2,2,1,5.0,Lost
C00330,2026-03-20,Male,25.0,Vijayawada,Andhra Pradesh,Social Media,160.0,2.0,16363.0,2,2,3,7.0,Lost
C04640,2026-02-25,Male,23.0,Kolkata,West Bengal,Paid Ads,106.0,5.0,15612.0,3,4,3,10.0,Loyal Customers
C03363,2026-06-20,Female,32.0,Udaipur,Rajasthan,Organic Search,47.0,6.0,24255.0,4,4,4,12.0,Champions
C01463,2025-03-11,Female,24.0,Nagpur,Maharashtra,Paid Ads,528.0,11.0,78420.0,1,5,5,11.0,At Risk
C03951,2024-10-29,Male,24.0,Ahmedabad,Gujarat,Paid Ads,9.0,12.0,40390.0,5,5,4,14.0,Champions
C03750,2026-06-04,Female,37.0,Lucknow,Uttar Pradesh,Social Media,82.0,2.0,10836.0,3,2,2,7.0,Lost
C02579,2025-10-14,Female,34.0,Ranchi,Jharkhand,Paid Ads,295.0,4.0,12444.0,1,3,2,6.0,At Risk
C03823,2025-07-29,Male,27.0,Delhi,Delhi,Referral,129.0,1.0,9655.0,2,1,2,5.0,Lost
C00050,2026-07-13,Male,29.0,Kolkata,West Bengal,Organic Search,56.0,4.0,59991.0,3,3,5,11.0,Loyal Customers
C04302,2026-06-05,Female,24.0,Bengaluru,Karnataka,Social Media,93.0,6.0,16452.0,3,4,3,10.0,Loyal Customers
C03075,2025-11-04,Female,18.0,Vijayawada,Andhra Pradesh,Paid Ads,239.0,2.0,5097.0,1,2,1,4.0,Lost
C00859,2024-09-17,Male,35.0,Faridabad,Haryana,Social Media,,,,,,,,No Completed Purchase
C01073,2026-03-08,Female,42.0,Kanpur,Uttar Pradesh,Referral,51.0,5.0,26369.0,4,4,4,12.0,Champions
C00720,2025-03-26,Other,26.0,Gurugram,Haryana,Organic Search,326.0,1.0,359.0,1,1,1,3.0,Lost
C04700,2025-09-20,Male,43.0,Kolkata,West Bengal,Paid Ads,152.0,1.0,8565.0,2,2,2,6.0,Lost
C02632,2024-12-26,Female,39.0,Pune,Maharashtra,Referral,446.0,8.0,21398.0,1,5,3,9.0,At Risk
C04886,2026-03-04,Female,18.0,Vijayawada,Andhra Pradesh,Paid Ads,37.0,1.0,5636.0,4,2,1,7.0,Potential Loyalists
C01661,2025-12-14,Unknown,30.0,Thiruvananthapuram,Kerala,Referral,59.0,5.0,14581.0,3,4,3,10.0,Loyal Customers
C01657,2025-12-12,Male,49.0,Coimbatore,Tamil Nadu,Paid Ads,197.0,2.0,11005.0,2,2,2,6.0,Lost
C02426,2024-11-19,Female,39.0,Ahmedabad,Gujarat,Organic Search,145.0,7.0,25757.0,2,4,4,10.0,At Risk
C03544,2026-01-18,Male,31.0,Noida,Uttar Pradesh,Organic Search,160.0,1.0,4767.0,2,1,1,4.0,Lost
C04241,2024-03-17,Male,25.0,Ahmedabad,Gujarat,Paid Ads,78.0,4.0,17091.0,3,3,3,9.0,Loyal Customers
C04987,2025-12-19,Male,31.0,Ahmedabad,Gujarat,Email,175.0,5.0,21631.0,2,4,3,9.0,At Risk
C04718,2026-06-19,Male,18.0,Faridabad,Haryana,Social Media,56.0,1.0,7547.0,3,2,2,7.0,Lost
C04902,2025-11-20,Female,18.0,Delhi,Delhi,Paid Ads,16.0,5.0,21439.0,5,4,3,12.0,Loyal Customers
C03324,2026-05-13,Female,21.0,Bengaluru,Karnataka,Organic Search,34.0,4.0,11063.0,4,3,2,9.0,Loyal Customers
C04764,2024-12-22,Unknown,25.0,Bengaluru,Karnataka,Social Media,485.0,1.0,1247.0,1,2,1,4.0,Lost
C04138,2025-05-26,Male,35.0,Bhubaneswar,Odisha,Organic Search,256.0,1.0,13172.0,1,1,3,5.0,Lost
C02607,2026-01-27,Male,30.0,Vijayawada,Andhra Pradesh,Paid Ads,131.0,3.0,17783.0,2,3,3,8.0,At Risk
C01386,2025-12-27,Male,41.0,Surat,Gujarat,Paid Ads,205.0,4.0,45915.0,2,3,5,10.0,At Risk
C03857,2025-03-25,Female,20.0,Coimbatore,Tamil Nadu,Organic Search,212.0,3.0,17343.0,1,3,3,7.0,At Risk
C01400,2024-09-19,Female,34.0,Gurugram,Haryana,Social Media,45.0,1.0,4268.0,4,1,1,6.0,Potential Loyalists
C01196,2025-05-20,Female,23.0,Thiruvananthapuram,Kerala,Email,126.0,6.0,38150.0,2,4,4,10.0,At Risk
C01409,2024-12-28,Female,58.0,Chennai,Tamil Nadu,Referral,1.0,1.0,7626.0,5,1,2,8.0,Potential Loyalists
C03846,2025-09-15,Male,22.0,Surat,Gujarat,Organic Search,218.0,8.0,61401.0,1,5,5,11.0,At Risk
C01799,2025-12-05,Male,19.0,Gurugram,Haryana,Organic Search,247.0,11.0,32672.0,1,5,4,10.0,At Risk
C01476,2026-07-21,Female,33.0,Nagpur,Maharashtra,Organic Search,5.0,2.0,8937.0,5,2,2,9.0,Potential Loyalists
C03365,2026-03-24,Female,23.0,Bengaluru,Karnataka,Paid Ads,52.0,4.0,11674.0,4,3,2,9.0,Loyal Customers
C00036,2025-12-12,Male,25.0,Patna,Bihar,Referral,144.0,3.0,9476.0,2,2,2,6.0,Lost
C03561,2025-12-25,Male,29.0,Kolkata,West Bengal,Social Media,229.0,6.0,14942.0,1,4,3,8.0,At Risk
C02346,2026-01-30,Female,45.0,Nagpur,Maharashtra,Paid Ads,5.0,1.0,1188.0,5,1,1,7.0,Potential Loyalists
C03543,2024-06-04,Female,41.0,Visakhapatnam,Andhra Pradesh,Email,39.0,6.0,34792.0,4,4,4,12.0,Champions
C02360,2025-12-24,Male,18.0,Delhi,Delhi,Paid Ads,250.0,1.0,1799.0,1,1,1,3.0,Lost
C02207,2024-05-17,Female,43.0,Bhubaneswar,Odisha,Social Media,497.0,1.0,23700.0,1,1,4,6.0,Lost
C03789,2025-07-28,Female,40.0,Pune,Maharashtra,Organic Search,71.0,4.0,17920.0,3,3,3,9.0,Loyal Customers
C01287,2026-02-05,Female,29.0,Bhopal,Madhya Pradesh,Organic Search,104.0,8.0,46104.0,3,5,5,13.0,Loyal Customers
C00350,2025-09-21,Male,25.0,Ranchi,Jharkhand,Organic Search,9.0,3.0,11553.0,5,2,2,9.0,Potential Loyalists
C02138,2026-01-12,Male,28.0,Ranchi,Jharkhand,Social Media,17.0,3.0,37981.0,5,2,4,11.0,Potential Loyalists
C02692,2026-03-14,Male,30.0,Indore,Madhya Pradesh,Organic Search,53.0,2.0,6437.0,4,2,1,7.0,Potential Loyalists
C02998,2025-01-03,Male,18.0,Nagpur,Maharashtra,Social Media,24.0,1.0,10695.0,5,1,2,8.0,Potential Loyalists
C03144,2025-11-13,Male,31.0,Indore,Madhya Pradesh,Organic Search,208.0,3.0,8224.0,2,3,2,7.0,At Risk
C01682,2026-02-04,Male,30.0,Coimbatore,Tamil Nadu,Social Media,16.0,9.0,108624.0,5,5,5,15.0,Champions
C04359,2026-02-12,Male,51.0,Noida,Uttar Pradesh,Paid Ads,96.0,8.0,31297.0,3,5,4,12.0,Loyal Customers
C01444,2024-12-14,Male,18.0,Coimbatore,Tamil Nadu,Social Media,155.0,3.0,7006.0,2,2,2,6.0,Lost
C04677,2024-02-24,Male,22.0,Faridabad,Unknown,Paid Ads,81.0,12.0,45507.0,3,5,5,13.0,Loyal Customers
C01672,2025-01-31,Female,32.0,Kochi,Kerala,Paid Ads,25.0,4.0,15473.0,5,3,3,11.0,Loyal Customers
C03200,2025-04-20,Male,38.0,Pune,Maharashtra,Organic Search,68.0,7.0,19111.0,3,4,3,10.0,Loyal Customers
C01180,2025-09-10,Female,31.0,Bhopal,Madhya Pradesh,Organic Search,302.0,4.0,6996.0,1,3,2,6.0,At Risk
C02799,2026-05-12,Unknown,25.0,Ranchi,Jharkhand,Organic Search,46.0,2.0,32537.0,4,2,4,10.0,Potential Loyalists
C01693,2025-05-11,Male,42.0,Visakhapatnam,Andhra Pradesh,Paid Ads,56.0,3.0,2867.0,3,2,1,6.0,Lost
C03896,2024-08-19,Female,25.0,Bhopal,Madhya Pradesh,Social Media,,,,,,,,No Completed Purchase
C00373,2024-06-19,Female,31.0,Kanpur,Uttar Pradesh,Paid Ads,458.0,1.0,8786.0,1,1,2,4.0,Lost
C03632,2025-11-01,Male,21.0,Nagpur,Maharashtra,Social Media,211.0,4.0,49051.0,1,3,5,9.0,At Risk
C01917,2025-05-18,Female,32.0,Vijayawada,Andhra Pradesh,Organic Search,57.0,13.0,73349.0,3,5,5,13.0,Loyal Customers
C01358,2025-05-03,Male,46.0,Visakhapatnam,Andhra Pradesh,Paid Ads,69.0,13.0,46557.0,3,5,5,13.0,Loyal Customers
C01826,2026-03-25,Male,18.0,Patna,Bihar,Referral,115.0,1.0,13303.0,3,1,3,7.0,Lost
C00787,2025-08-30,Male,31.0,Jaipur,Rajasthan,Organic Search,48.0,3.0,7566.0,4,2,2,8.0,Potential Loyalists
C00470,2025-06-09,Female,31.0,Kochi,Kerala,Referral,286.0,8.0,21778.0,1,4,3,8.0,At Risk
C00141,2026-03-14,Male,21.0,Mysuru,Karnataka,Organic Search,138.0,3.0,7825.0,2,2,2,6.0,Lost
C00789,2025-08-08,Female,28.0,Chandigarh,Chandigarh,Social Media,34.0,6.0,21439.0,4,4,3,11.0,Loyal Customers
C00324,2025-10-11,Female,30.0,Ahmedabad,Gujarat,Social Media,1.0,1.0,6536.0,5,1,2,8.0,Potential Loyalists
C00051,2026-02-22,Female,44.0,Kolkata,West Bengal,Referral,41.0,5.0,32861.0,4,3,4,11.0,Loyal Customers
C00715,2026-07-05,Unknown,31.0,Chandigarh,Chandigarh,Paid Ads,54.0,1.0,5076.0,4,1,1,6.0,Potential Loyalists
C04501,2025-12-22,Female,21.0,Mumbai,Maharashtra,Paid Ads,229.0,3.0,12125.0,1,3,2,6.0,At Risk
C02841,2025-12-16,Male,47.0,Chandigarh,Chandigarh,Paid Ads,36.0,7.0,23988.0,4,4,4,12.0,Champions
C02447,2025-09-29,Female,25.0,Mumbai,Maharashtra,Paid Ads,27.0,4.0,26166.0,5,3,4,12.0,Loyal Customers
C04826,2025-08-31,Unknown,29.0,Udaipur,Rajasthan,Organic Search,26.0,2.0,7587.0,5,2,2,9.0,Potential Loyalists
C04432,2026-02-22,Male,36.0,Kochi,Kerala,Referral,142.0,5.0,21702.0,2,4,3,9.0,At Risk
C04609,2026-03-29,Male,35.0,Chandigarh,Chandigarh,Email,1.0,5.0,15054.0,5,4,3,12.0,Loyal Customers
C03704,2026-03-08,Female,24.0,Patna,Bihar,Paid Ads,54.0,1.0,1178.0,4,1,1,6.0,Potential Loyalists
C02667,2026-05-19,Female,19.0,Coimbatore,Tamil Nadu,Paid Ads,22.0,4.0,7044.0,5,3,2,10.0,Loyal Customers
C00407,2025-08-08,Male,30.0,Thiruvananthapuram,Kerala,Organic Search,44.0,13.0,46268.0,4,5,5,14.0,Champions
C03378,2025-01-22,Female,32.0,Bhopal,Madhya Pradesh,Paid Ads,93.0,3.0,21402.0,3,3,3,9.0,Loyal Customers
C01005,2025-03-21,Male,34.0,Bhopal,Madhya Pradesh,Social Media,52.0,8.0,21296.0,4,5,3,12.0,Loyal Customers
C03758,2025-06-13,Male,25.0,Kochi,Kerala,Organic Search,184.0,1.0,9738.0,2,1,2,5.0,Lost
C00891,2025-03-18,Male,37.0,Thiruvananthapuram,Kerala,Organic Search,455.0,1.0,4309.0,1,1,1,3.0,Lost
C02412,2024-03-07,Male,36.0,Indore,Madhya Pradesh,Organic Search,41.0,1.0,4717.0,4,1,1,6.0,Potential Loyalists
C02546,2026-03-24,Female,52.0,Delhi,Delhi,Email,27.0,4.0,18972.0,5,3,3,11.0,Loyal Customers
C03455,2025-03-08,Male,44.0,Chennai,Tamil Nadu,Paid Ads,67.0,15.0,172965.0,3,5,5,13.0,Loyal Customers
C02391,2026-01-19,Male,19.0,Ahmedabad,Gujarat,Referral,205.0,11.0,44842.0,2,5,5,12.0,At Risk
C03962,2024-07-29,Male,31.0,Indore,Madhya Pradesh,Social Media,32.0,8.0,33695.0,4,5,4,13.0,Champions
C00043,2026-02-07,Male,31.0,Patna,Bihar,Organic Search,187.0,3.0,7576.0,2,2,2,6.0,Lost
C02831,2025-09-01,Male,44.0,Surat,Gujarat,Referral,49.0,16.0,44854.0,4,5,5,14.0,Champions
C04804,2024-08-05,Female,25.0,Chandigarh,Chandigarh,Paid Ads,432.0,2.0,7707.0,1,2,2,5.0,Lost
C00304,2024-06-10,Female,42.0,Jaipur,Rajasthan,Organic Search,123.0,12.0,78549.0,2,5,5,12.0,At Risk
C04526,2025-12-06,Female,36.0,Coimbatore,Tamil Nadu,Social Media,40.0,5.0,64168.0,4,4,5,13.0,Champions
C03769,2025-10-22,Male,46.0,Kanpur,Uttar Pradesh,Social Media,204.0,3.0,12103.0,2,3,2,7.0,At Risk
C00665,2026-03-09,Female,33.0,Patna,Bihar,Paid Ads,71.0,3.0,8185.0,3,2,2,7.0,Lost
C01178,2025-04-02,Male,18.0,Kanpur,Uttar Pradesh,Organic Search,56.0,4.0,43528.0,3,3,5,11.0,Loyal Customers
C02677,2025-05-31,Female,33.0,Bengaluru,Karnataka,Email,5.0,2.0,21816.0,5,2,3,10.0,Potential Loyalists
C01948,2024-12-26,Male,29.0,Ranchi,Jharkhand,Organic Search,148.0,8.0,106330.0,2,5,5,12.0,At Risk
C02502,2026-02-26,Male,24.0,Bengaluru,Karnataka,Organic Search,181.0,4.0,17832.0,2,3,3,8.0,At Risk
C01474,2026-03-13,Male,24.0,Visakhapatnam,Andhra Pradesh,Organic Search,70.0,6.0,18290.0,3,4,3,10.0,Loyal Customers
C04149,2024-12-30,Female,25.0,Bhopal,Madhya Pradesh,Paid Ads,40.0,3.0,12505.0,4,3,2,9.0,Loyal Customers
C03540,2025-08-26,Female,28.0,Gurugram,Unknown,Organic Search,222.0,2.0,8474.0,1,2,2,5.0,Lost
C02133,2025-12-13,Male,18.0,Bengaluru,Karnataka,Paid Ads,178.0,1.0,6867.0,2,1,2,5.0,Lost
C01027,2025-10-01,Male,35.0,Gurugram,Haryana,Organic Search,115.0,10.0,59520.0,3,5,5,13.0,Loyal Customers
C00962,2024-02-03,Female,32.0,Indore,Madhya Pradesh,Organic Search,60.0,9.0,64568.0,3,5,5,13.0,Loyal Customers
C02890,2025-12-19,Male,32.0,Thiruvananthapuram,Kerala,Social Media,153.0,4.0,38589.0,2,3,4,9.0,At Risk
C03762,2024-05-08,Female,35.0,Faridabad,Haryana,Paid Ads,419.0,5.0,18477.0,1,4,3,8.0,At Risk
C02010,2025-11-15,Male,43.0,Kochi,Kerala,Organic Search,65.0,1.0,3248.0,3,1,1,5.0,Lost
C02150,2024-11-17,Male,43.0,Surat,Gujarat,Paid Ads,448.0,4.0,12863.0,1,3,2,6.0,At Risk
C04276,2025-01-10,Female,29.0,Mumbai,Maharashtra,Referral,141.0,6.0,22738.0,2,4,3,9.0,At Risk
C02339,2026-02-08,Other,36.0,Chandigarh,Chandigarh,Paid Ads,198.0,6.0,13011.0,2,4,3,9.0,At Risk
C03910,2025-07-21,Female,30.0,Bhopal,Madhya Pradesh,Organic Search,308.0,6.0,36087.0,1,4,4,9.0,At Risk
C00305,2025-10-25,Male,39.0,Mumbai,Maharashtra,Organic Search,39.0,4.0,13304.0,4,3,3,10.0,Loyal Customers
C01441,2025-08-30,Female,27.0,Jaipur,Rajasthan,Organic Search,43.0,4.0,8893.0,4,3,2,9.0,Loyal Customers
C01497,2025-11-12,Male,27.0,Delhi,Delhi,Social Media,124.0,1.0,3808.0,2,1,1,4.0,Lost
C02653,2025-04-04,Male,35.0,Kolkata,West Bengal,Paid Ads,35.0,2.0,2658.0,4,2,1,7.0,Potential Loyalists
C02876,2026-03-08,Male,25.0,Mysuru,Karnataka,Paid Ads,18.0,4.0,19746.0,5,3,3,11.0,Loyal Customers
C00917,2025-10-07,Male,37.0,Lucknow,Uttar Pradesh,Email,279.0,1.0,3867.0,1,1,1,3.0,Lost
C04194,2025-02-12,Female,18.0,Hyderabad,Telangana,Organic Search,52.0,1.0,5568.0,4,1,1,6.0,Potential Loyalists
C03743,2024-10-16,Female,32.0,Delhi,Delhi,Social Media,113.0,1.0,10446.0,3,1,2,6.0,Lost
C02773,2025-01-10,Male,33.0,Chennai,Tamil Nadu,Organic Search,171.0,2.0,5237.0,2,2,1,5.0,Lost
C01625,2026-05-27,Female,40.0,Faridabad,Haryana,Social Media,33.0,2.0,24686.0,4,2,4,10.0,Potential Loyalists
C03859,2025-06-30,Male,25.0,Patna,Bihar,Social Media,9.0,16.0,49266.0,5,5,5,15.0,Champions
C00822,2026-01-14,Male,33.0,Visakhapatnam,Andhra Pradesh,Referral,56.0,6.0,37211.0,3,4,4,11.0,Loyal Customers
C03319,2024-11-11,Female,29.0,Kochi,Kerala,Social Media,27.0,5.0,18820.0,5,4,3,12.0,Loyal Customers
C01355,2024-07-10,Male,37.0,Lucknow,Uttar Pradesh,Social Media,34.0,14.0,77903.0,4,5,5,14.0,Champions
C04510,2025-07-06,Female,25.0,Bhubaneswar,Odisha,Organic Search,56.0,17.0,110948.0,3,5,5,13.0,Loyal Customers
C00851,2024-10-16,Male,18.0,Thiruvananthapuram,Kerala,Organic Search,60.0,6.0,43028.0,3,4,5,12.0,Loyal Customers
C01001,2025-07-20,Male,22.0,Visakhapatnam,Andhra Pradesh,Paid Ads,332.0,9.0,30026.0,1,5,4,10.0,At Risk
C03436,2025-07-27,Female,18.0,Kolkata,West Bengal,Paid Ads,16.0,11.0,76715.0,5,5,5,15.0,Champions
C00019,2026-03-04,Male,26.0,Coimbatore,Tamil Nadu,Paid Ads,105.0,3.0,11184.0,3,2,2,7.0,Lost
C01638,2025-06-17,Female,29.0,Thiruvananthapuram,Kerala,Referral,44.0,1.0,1619.0,4,1,1,6.0,Potential Loyalists
C01668,2025-08-07,Male,20.0,Faridabad,Haryana,Social Media,49.0,8.0,55660.0,4,5,5,14.0,Champions
C00494,2024-03-21,Female,25.0,Kolkata,West Bengal,Referral,18.0,11.0,39630.0,5,5,4,14.0,Champions
C01348,2024-07-05,Male,32.0,Ahmedabad,Gujarat,Paid Ads,17.0,2.0,4566.0,5,2,1,8.0,Potential Loyalists
C04867,2026-04-27,Male,31.0,Kochi,Kerala,Social Media,154.0,1.0,6577.0,2,2,2,6.0,Lost
C03274,2025-04-30,Unknown,18.0,Pune,Maharashtra,Organic Search,420.0,1.0,4788.0,1,1,1,3.0,Lost
C03636,2026-05-05,Female,21.0,Bhopal,Madhya Pradesh,Organic Search,4.0,16.0,233974.0,5,5,5,15.0,Champions
C03648,2025-05-27,Male,29.0,Bengaluru,Karnataka,Organic Search,148.0,4.0,18482.0,2,3,3,8.0,At Risk
C00688,2026-01-12,Other,29.0,Vijayawada,Andhra Pradesh,Referral,145.0,1.0,719.0,2,1,1,4.0,Lost
C03753,2026-04-17,Female,31.0,Patna,Bihar,Organic Search,171.0,15.0,46926.0,2,5,5,12.0,At Risk
C01609,2026-04-30,Male,26.0,Bengaluru,Karnataka,Referral,60.0,1.0,1538.0,3,1,1,5.0,Lost
C04103,2026-02-18,Female,18.0,Chennai,Tamil Nadu,Social Media,7.0,1.0,3698.0,5,1,1,7.0,Potential Loyalists
C04000,2025-11-08,Male,34.0,Ranchi,Jharkhand,Paid Ads,119.0,7.0,20528.0,2,4,3,9.0,At Risk
C01010,2025-11-16,Female,51.0,Gurugram,Haryana,Referral,100.0,1.0,2638.0,3,1,1,5.0,Lost
C02409,2024-09-06,Male,44.0,Visakhapatnam,Andhra Pradesh,Social Media,346.0,5.0,18320.0,1,4,3,8.0,At Risk
C01093,2024-12-19,Male,31.0,Chandigarh,Chandigarh,Organic Search,129.0,12.0,161030.0,2,5,5,12.0,At Risk
C01328,2025-10-23,Male,40.0,Kanpur,Uttar Pradesh,Organic Search,170.0,2.0,28075.0,2,2,4,8.0,Lost
C01678,2025-01-03,Female,42.0,Udaipur,Rajasthan,Organic Search,49.0,9.0,30644.0,4,5,4,13.0,Champions
C02000,2026-03-06,Male,21.0,Lucknow,Uttar Pradesh,Paid Ads,9.0,5.0,21450.0,5,4,3,12.0,Loyal Customers
C01311,2025-06-02,Female,44.0,Chennai,Tamil Nadu,Social Media,,,,,,,,No Completed Purchase
C03277,2025-09-03,Other,32.0,Kochi,Kerala,Social Media,144.0,10.0,38972.0,2,5,4,11.0,At Risk
C01988,2025-02-15,Female,35.0,Lucknow,Uttar Pradesh,Organic Search,35.0,1.0,7606.0,4,1,2,7.0,Potential Loyalists
C03670,2026-02-23,Female,34.0,Vijayawada,Andhra Pradesh,Email,44.0,3.0,13872.0,4,3,3,10.0,Loyal Customers
C00345,2025-04-15,Female,46.0,Faridabad,Haryana,Organic Search,436.0,6.0,24457.0,1,4,4,9.0,At Risk
C04198,2026-05-29,Male,34.0,Ranchi,Jharkhand,Paid Ads,64.0,1.0,11285.0,3,1,2,6.0,Lost
C00987,2024-08-01,Male,36.0,Pune,Maharashtra,Organic Search,82.0,12.0,29662.0,3,5,4,12.0,Loyal Customers
C03873,2025-03-02,Male,33.0,Pune,Maharashtra,Organic Search,403.0,5.0,32422.0,1,4,4,9.0,At Risk
C03829,2026-07-07,Female,37.0,Udaipur,Rajasthan,Social Media,141.0,3.0,7836.0,2,3,2,7.0,At Risk
C04325,2024-08-07,Female,37.0,Kochi,Kerala,Paid Ads,268.0,1.0,8127.0,1,1,2,4.0,Lost
C04024,2025-05-25,Male,20.0,Bhubaneswar,Odisha,Social Media,138.0,9.0,59049.0,2,5,5,12.0,At Risk
C03110,2025-07-15,Female,22.0,Chennai,Tamil Nadu,Organic Search,190.0,10.0,51398.0,2,5,5,12.0,At Risk
C03049,2024-12-06,Female,32.0,Pune,Maharashtra,Organic Search,117.0,8.0,50484.0,2,5,5,12.0,At Risk
C01143,2025-03-05,Female,26.0,Mysuru,Karnataka,Organic Search,70.0,6.0,16269.0,3,4,3,10.0,Loyal Customers
C02359,2026-04-23,Female,27.0,Kanpur,Uttar Pradesh,Social Media,136.0,2.0,9656.0,2,2,2,6.0,Lost
C01199,2026-05-24,Male,33.0,Lucknow,Uttar Pradesh,Paid Ads,37.0,4.0,25128.0,4,3,4,11.0,Loyal Customers
C00086,2025-04-01,Female,27.0,Delhi,Delhi,Organic Search,7.0,14.0,95810.0,5,5,5,15.0,Champions
C01519,2025-11-30,Female,27.0,Patna,Bihar,Email,209.0,9.0,52152.0,2,5,5,12.0,At Risk
C00517,2025-10-05,Male,44.0,Indore,Madhya Pradesh,Email,151.0,10.0,42460.0,2,5,5,12.0,At Risk
C01382,2026-05-05,Female,21.0,Jaipur,Rajasthan,Paid Ads,24.0,1.0,5187.0,5,1,1,7.0,Potential Loyalists
C02717,2025-06-11,Male,21.0,Coimbatore,Tamil Nadu,Referral,110.0,2.0,7236.0,3,2,2,7.0,Lost
C03103,2024-02-09,Female,31.0,Ranchi,Jharkhand,Paid Ads,26.0,4.0,14603.0,5,3,3,11.0,Loyal Customers
C01015,2025-11-15,Female,29.0,Lucknow,Uttar Pradesh,Email,57.0,1.0,5688.0,3,1,1,5.0,Lost
C00129,2024-11-23,Male,19.0,Ahmedabad,Gujarat,Paid Ads,38.0,11.0,56006.0,4,5,5,14.0,Champions
C01365,2025-04-13,Male,18.0,Bhubaneswar,Odisha,Paid Ads,160.0,4.0,28605.0,2,3,4,9.0,At Risk
C04329,2025-12-10,Female,36.0,Bhopal,Madhya Pradesh,Referral,136.0,1.0,2498.0,2,1,1,4.0,Lost
C03143,2024-11-28,Female,24.0,Bhopal,Madhya Pradesh,Paid Ads,68.0,4.0,19209.0,3,3,3,9.0,Loyal Customers
C00892,2025-02-03,Female,19.0,Kanpur,Uttar Pradesh,Paid Ads,22.0,13.0,101099.0,5,5,5,15.0,Champions
C02794,2025-12-04,Female,18.0,Bhubaneswar,Odisha,Social Media,80.0,14.0,90476.0,3,5,5,13.0,Loyal Customers
C04220,2025-09-18,Female,36.0,Jaipur,Unknown,Social Media,342.0,8.0,32771.0,1,5,4,10.0,At Risk
C01360,2026-03-30,Male,18.0,Guwahati,Assam,Organic Search,54.0,3.0,10175.0,4,2,2,8.0,Potential Loyalists
C00308,2025-05-04,Male,25.0,Jaipur,Rajasthan,Paid Ads,96.0,2.0,8106.0,3,2,2,7.0,Lost
C01662,2025-11-18,Female,18.0,Delhi,Delhi,Paid Ads,280.0,7.0,25416.0,1,4,4,9.0,At Risk
C02432,2024-12-28,Female,24.0,Visakhapatnam,Andhra Pradesh,Organic Search,130.0,7.0,28967.0,2,4,4,10.0,At Risk
C03956,2026-06-01,Female,22.0,Kanpur,Uttar Pradesh,Social Media,31.0,5.0,33970.0,4,4,4,12.0,Champions
C01318,2025-08-23,Male,24.0,Chandigarh,Chandigarh,Referral,263.0,8.0,25278.0,1,5,4,10.0,At Risk
C04316,2024-11-12,Male,31.0,Coimbatore,Tamil Nadu,Organic Search,501.0,1.0,2239.0,1,1,1,3.0,Lost
C02475,2025-09-24,Female,41.0,Lucknow,Uttar Pradesh,Social Media,5.0,8.0,54763.0,5,5,5,15.0,Champions
C02543,2025-04-11,Female,28.0,Surat,Gujarat,Social Media,10.0,10.0,68905.0,5,5,5,15.0,Champions
C01247,2026-02-16,Male,32.0,Bengaluru,Karnataka,Social Media,27.0,6.0,12699.0,5,4,2,11.0,Loyal Customers
C01209,2026-04-01,Female,18.0,Kochi,Kerala,Paid Ads,148.0,5.0,25157.0,2,4,4,10.0,At Risk
C00217,2025-10-22,Female,34.0,Delhi,Delhi,Paid Ads,136.0,13.0,104520.0,2,5,5,12.0,At Risk
C04305,2025-11-17,Female,28.0,Kanpur,Uttar Pradesh,Social Media,242.0,3.0,12864.0,1,3,2,6.0,At Risk
C03081,2025-02-12,Male,36.0,Vijayawada,Andhra Pradesh,Email,82.0,2.0,10826.0,3,2,2,7.0,Lost
C01240,2025-07-26,Female,29.0,Kochi,Kerala,Social Media,79.0,11.0,30198.0,3,5,4,12.0,Loyal Customers
C02290,2025-09-01,Female,32.0,Kanpur,Uttar Pradesh,Social Media,26.0,1.0,819.0,5,1,1,7.0,Potential Loyalists
C02741,2025-07-20,Male,35.0,Indore,Madhya Pradesh,Social Media,52.0,11.0,39082.0,4,5,4,13.0,Champions
C00276,2026-04-03,Male,25.0,Kanpur,Uttar Pradesh,Organic Search,16.0,3.0,11306.0,5,2,2,9.0,Potential Loyalists
C00490,2025-12-11,Other,47.0,Kanpur,Uttar Pradesh,Paid Ads,113.0,1.0,2258.0,3,1,1,5.0,Lost
C01036,2026-02-25,Male,18.0,Patna,Bihar,Organic Search,59.0,6.0,23958.0,3,4,4,11.0,Loyal Customers
C01230,2024-04-06,Female,21.0,Delhi,Delhi,Organic Search,,,,,,,,No Completed Purchase
C04598,2025-07-06,Male,27.0,Bhopal,Madhya Pradesh,Paid Ads,39.0,8.0,26457.0,4,5,4,13.0,Champions
C01009,2025-09-18,Other,43.0,Surat,Gujarat,Organic Search,125.0,1.0,1907.0,2,1,1,4.0,Lost
C04079,2024-09-18,Female,43.0,Thiruvananthapuram,Kerala,Social Media,17.0,1.0,5586.0,5,1,1,7.0,Potential Loyalists
C04537,2026-02-20,Male,23.0,Coimbatore,Tamil Nadu,Organic Search,6.0,1.0,2327.0,5,1,1,7.0,Potential Loyalists
C03201,2026-01-06,Unknown,31.0,Kanpur,Uttar Pradesh,Email,218.0,1.0,9535.0,1,1,2,4.0,Lost
C02533,2024-08-18,Female,36.0,Thiruvananthapuram,Kerala,Social Media,13.0,5.0,64757.0,5,4,5,14.0,Champions
C04181,2026-03-18,Male,44.0,Patna,Bihar,Paid Ads,42.0,3.0,31748.0,4,3,4,11.0,Loyal Customers
C01059,2026-07-19,Unknown,39.0,Nagpur,Maharashtra,Paid Ads,46.0,2.0,8037.0,4,2,2,8.0,Potential Loyalists
C02167,2024-11-04,Female,27.0,Ranchi,Jharkhand,Organic Search,376.0,4.0,20898.0,1,3,3,7.0,At Risk
C04213,2024-11-08,Female,38.0,Bengaluru,Karnataka,Paid Ads,,,,,,,,No Completed Purchase
C00282,2024-07-15,Male,18.0,Thiruvananthapuram,Kerala,Organic Search,8.0,2.0,14531.0,5,2,3,10.0,Potential Loyalists
C03586,2024-09-18,Male,31.0,Patna,Bihar,Organic Search,561.0,3.0,11595.0,1,3,2,6.0,At Risk
C01317,2026-07-12,Male,26.0,Nagpur,Maharashtra,Social Media,171.0,2.0,10245.0,2,2,2,6.0,Lost
C04991,2026-04-10,Other,39.0,Ranchi,Unknown,Referral,171.0,16.0,216367.0,2,5,5,12.0,At Risk
C00969,2024-04-21,Female,20.0,Chandigarh,Chandigarh,Paid Ads,47.0,10.0,34761.0,4,5,4,13.0,Champions
C03250,2025-12-13,Male,29.0,Udaipur,Rajasthan,Paid Ads,47.0,16.0,85017.0,4,5,5,14.0,Champions
C03942,2026-07-17,Male,32.0,Gurugram,Haryana,Organic Search,48.0,16.0,62119.0,4,5,5,14.0,Champions
C03185,2024-12-02,Unknown,30.0,Kanpur,Uttar Pradesh,Organic Search,343.0,3.0,51404.0,1,3,5,9.0,At Risk
C04285,2025-05-20,Female,47.0,Noida,Uttar Pradesh,Referral,2.0,3.0,10375.0,5,3,2,10.0,Loyal Customers
C00620,2026-07-26,Male,43.0,Pune,Maharashtra,Organic Search,132.0,1.0,3448.0,2,1,1,4.0,Lost
C03253,2025-03-30,Male,44.0,Bengaluru,Karnataka,Email,300.0,1.0,17923.0,1,1,3,5.0,Lost
C01743,2025-05-08,Male,33.0,Vijayawada,Andhra Pradesh,Paid Ads,332.0,1.0,7217.0,1,1,2,4.0,Lost
C01391,2025-05-07,Female,39.0,Delhi,Delhi,Paid Ads,37.0,8.0,34495.0,4,5,4,13.0,Champions
C04072,2025-03-03,Female,22.0,Noida,Uttar Pradesh,Organic Search,48.0,3.0,4956.0,4,3,1,8.0,Loyal Customers
C01848,2025-09-07,Male,30.0,Bengaluru,Karnataka,Organic Search,10.0,1.0,4748.0,5,1,1,7.0,Potential Loyalists
C01580,2024-05-15,Male,28.0,Thiruvananthapuram,Kerala,Social Media,32.0,1.0,5747.0,4,1,1,6.0,Potential Loyalists
C01656,2026-01-23,Male,25.0,Hyderabad,Telangana,Social Media,216.0,2.0,9196.0,1,2,2,5.0,Lost
C02353,2026-05-27,Female,39.0,Coimbatore,Tamil Nadu,Social Media,70.0,4.0,14092.0,3,3,3,9.0,Loyal Customers
C02213,2025-08-17,Male,34.0,Noida,Uttar Pradesh,Social Media,359.0,14.0,59889.0,1,5,5,11.0,At Risk
C02021,2026-04-17,Female,29.0,Kolkata,West Bengal,Email,116.0,3.0,9845.0,3,2,2,7.0,Lost
C04985,2026-03-26,Male,35.0,Hyderabad,Telangana,Organic Search,34.0,1.0,2907.0,4,2,1,7.0,Potential Loyalists
C01957,2025-03-24,Female,31.0,Udaipur,Rajasthan,Organic Search,285.0,3.0,11116.0,1,2,2,5.0,Lost
C01308,2026-02-11,Unknown,18.0,Patna,Bihar,Paid Ads,185.0,7.0,43114.0,2,4,5,11.0,At Risk
C02004,2025-02-02,Unknown,45.0,Noida,Uttar Pradesh,Social Media,48.0,1.0,1649.0,4,1,1,6.0,Potential Loyalists
C04468,2024-10-16,Female,27.0,Mysuru,Karnataka,Email,172.0,17.0,202547.0,2,5,5,12.0,At Risk
C00576,2025-07-29,Female,44.0,Bhopal,Madhya Pradesh,Organic Search,393.0,8.0,20326.0,1,4,3,8.0,At Risk
C02361,2025-07-21,Male,21.0,Kochi,Kerala,Organic Search,11.0,7.0,28498.0,5,4,4,13.0,Champions
C04214,2025-03-04,Male,22.0,Hyderabad,Telangana,Paid Ads,12.0,5.0,22039.0,5,4,3,12.0,Loyal Customers
C04449,2024-07-21,Male,19.0,Noida,Uttar Pradesh,Social Media,329.0,6.0,19497.0,1,4,3,8.0,At Risk
C01707,2024-03-12,Other,22.0,Noida,Uttar Pradesh,Organic Search,78.0,15.0,42394.0,3,5,5,13.0,Loyal Customers
C04859,2024-09-10,Male,39.0,Hyderabad,Telangana,Paid Ads,49.0,1.0,7684.0,4,2,2,8.0,Potential Loyalists
C03979,2024-10-24,Male,54.0,Ranchi,Jharkhand,Paid Ads,42.0,3.0,8166.0,4,3,2,9.0,Loyal Customers
C01281,2024-09-09,Female,19.0,Bhubaneswar,Odisha,Social Media,16.0,1.0,12624.0,5,1,2,8.0,Potential Loyalists
C00862,2026-03-29,Unknown,18.0,Jaipur,Rajasthan,Paid Ads,161.0,1.0,2528.0,2,1,1,4.0,Lost
C04344,2024-02-17,Male,43.0,Chennai,Tamil Nadu,Social Media,422.0,1.0,16431.0,1,1,3,5.0,Lost
C01802,2025-04-11,Male,18.0,Hyderabad,Telangana,Paid Ads,13.0,16.0,54492.0,5,5,5,15.0,Champions
C01629,2026-05-05,Female,58.0,Surat,Gujarat,Organic Search,73.0,6.0,11880.0,3,4,2,9.0,Loyal Customers
C01994,2025-01-04,Other,51.0,Kanpur,Uttar Pradesh,Organic Search,593.0,3.0,6165.0,1,2,1,4.0,Lost
C02640,2026-03-05,Male,35.0,Mumbai,Maharashtra,Email,172.0,1.0,6456.0,2,1,1,4.0,Lost
C00270,2025-07-09,Male,43.0,Chandigarh,Chandigarh,Email,23.0,1.0,3389.0,5,1,1,7.0,Potential Loyalists
C00630,2025-01-18,Female,18.0,Surat,Gujarat,Social Media,12.0,1.0,1448.0,5,1,1,7.0,Potential Loyalists
C03082,2026-06-10,Female,18.0,Udaipur,Rajasthan,Organic Search,164.0,5.0,66228.0,2,4,5,11.0,At Risk
C02335,2024-10-01,Male,36.0,Visakhapatnam,Andhra Pradesh,Organic Search,299.0,1.0,559.0,1,1,1,3.0,Lost
C02967,2025-09-12,Male,18.0,Thiruvananthapuram,Kerala,Organic Search,17.0,5.0,37522.0,5,4,4,13.0,Champions
C00301,2025-11-29,Male,29.0,Guwahati,Assam,Organic Search,132.0,7.0,32137.0,2,4,4,10.0,At Risk
C00460,2025-05-08,Female,42.0,Bhubaneswar,Odisha,Social Media,116.0,7.0,60078.0,3,4,5,12.0,Loyal Customers
C01448,2025-09-03,Female,27.0,Mysuru,Karnataka,Paid Ads,283.0,3.0,14014.0,1,2,3,6.0,Lost
C01473,2026-07-07,Female,23.0,Surat,Gujarat,Organic Search,58.0,7.0,21840.0,3,4,3,10.0,Loyal Customers
C02047,2025-10-20,Male,42.0,Nagpur,Maharashtra,Organic Search,201.0,10.0,57735.0,2,5,5,12.0,At Risk
C04240,2025-05-20,Male,39.0,Jaipur,Rajasthan,Paid Ads,413.0,1.0,2479.0,1,1,1,3.0,Lost
C03786,2026-04-04,Unknown,41.0,Udaipur,Rajasthan,Social Media,44.0,4.0,49084.0,4,3,5,12.0,Loyal Customers
C02114,2026-03-06,Female,30.0,Chandigarh,Chandigarh,Paid Ads,42.0,2.0,4997.0,4,2,1,7.0,Potential Loyalists
C00028,2025-01-31,Female,30.0,Gurugram,Haryana,Paid Ads,502.0,13.0,48127.0,1,5,5,11.0,At Risk
C03861,2025-04-22,Female,32.0,Chandigarh,Chandigarh,Organic Search,100.0,8.0,35066.0,3,5,4,12.0,Loyal Customers
C04535,2025-10-24,Male,43.0,Udaipur,Rajasthan,Paid Ads,51.0,5.0,85221.0,4,4,5,13.0,Champions
C00838,2025-10-02,Female,33.0,Delhi,Delhi,Organic Search,71.0,7.0,27596.0,3,4,4,11.0,Loyal Customers
C04689,2025-10-27,Male,40.0,Chennai,Tamil Nadu,Organic Search,165.0,1.0,2558.0,2,2,1,5.0,Lost
C02009,2025-11-26,Female,34.0,Chandigarh,Chandigarh,Paid Ads,36.0,2.0,6826.0,4,2,2,8.0,Potential Loyalists
C04920,2025-10-31,Male,47.0,Bhubaneswar,Odisha,Social Media,215.0,13.0,32587.0,1,5,4,10.0,At Risk
C00504,2026-01-31,Female,20.0,Ahmedabad,Gujarat,Paid Ads,48.0,8.0,21528.0,4,4,3,11.0,Loyal Customers
C03335,2024-09-10,Unknown,48.0,Visakhapatnam,Andhra Pradesh,Organic Search,441.0,1.0,2218.0,1,1,1,3.0,Lost
C04317,2025-08-24,Unknown,27.0,Kolkata,West Bengal,Organic Search,272.0,4.0,19012.0,1,3,3,7.0,At Risk
C00381,2025-07-02,Male,38.0,Nagpur,Maharashtra,Organic Search,46.0,3.0,17751.0,4,2,3,9.0,Potential Loyalists
C01852,2024-04-27,Female,22.0,Lucknow,Uttar Pradesh,Organic Search,145.0,9.0,114113.0,2,5,5,12.0,At Risk
C01526,2026-01-13,Male,32.0,Faridabad,Haryana,Organic Search,59.0,15.0,39918.0,3,5,4,12.0,Loyal Customers
C02366,2025-08-06,Female,18.0,Pune,Maharashtra,Social Media,365.0,4.0,14114.0,1,3,3,7.0,At Risk
C04873,2025-12-05,Female,18.0,Bhubaneswar,Odisha,Paid Ads,55.0,2.0,4984.0,3,2,1,6.0,Lost
C03053,2025-12-18,Male,42.0,Coimbatore,Tamil Nadu,Organic Search,43.0,2.0,15883.0,4,2,3,9.0,Potential Loyalists
C02885,2025-08-11,Male,38.0,Visakhapatnam,Andhra Pradesh,Referral,39.0,4.0,30827.0,4,3,4,11.0,Loyal Customers
C02341,2025-08-07,Male,41.0,Bengaluru,Karnataka,Social Media,75.0,1.0,10275.0,3,1,2,6.0,Lost
C00375,2024-02-03,Male,34.0,Delhi,Delhi,Social Media,290.0,1.0,22880.0,1,1,4,6.0,Lost
C04386,2026-03-18,Female,40.0,Chandigarh,Chandigarh,Social Media,18.0,1.0,3878.0,5,1,1,7.0,Potential Loyalists
C02382,2025-06-21,Female,27.0,Udaipur,Rajasthan,Referral,138.0,14.0,145227.0,2,5,5,12.0,At Risk
C04322,2024-11-13,Male,29.0,Surat,Gujarat,Email,314.0,4.0,10863.0,1,3,2,6.0,At Risk
C00940,2024-07-07,Female,41.0,Hyderabad,Telangana,Organic Search,25.0,4.0,33476.0,5,3,4,12.0,Loyal Customers
C03872,2024-08-16,Female,28.0,Kolkata,West Bengal,Organic Search,12.0,1.0,5498.0,5,1,1,7.0,Potential Loyalists
C04177,2025-10-09,Male,32.0,Bhopal,Madhya Pradesh,Referral,196.0,8.0,25476.0,2,5,4,11.0,At Risk
C02800,2025-07-04,Female,27.0,Coimbatore,Tamil Nadu,Paid Ads,279.0,2.0,25267.0,1,2,4,7.0,Lost
C02148,2026-06-13,Male,32.0,Mysuru,Karnataka,Organic Search,37.0,9.0,121291.0,4,5,5,14.0,Champions
C03839,2025-03-17,Male,37.0,Chandigarh,Chandigarh,Paid Ads,10.0,3.0,16970.0,5,3,3,11.0,Loyal Customers
C04553,2026-05-12,Male,30.0,Ranchi,Jharkhand,Organic Search,90.0,9.0,53942.0,3,5,5,13.0,Loyal Customers
C04228,2026-07-03,Female,18.0,Surat,Gujarat,Organic Search,100.0,6.0,88903.0,3,4,5,12.0,Loyal Customers
C02069,2024-04-28,Male,47.0,Gurugram,Haryana,Paid Ads,55.0,1.0,5418.0,3,1,1,5.0,Lost
C00530,2026-01-16,Male,27.0,Mysuru,Karnataka,Paid Ads,1.0,1.0,549.0,5,1,1,7.0,Potential Loyalists
C03752,2026-05-26,Female,32.0,Delhi,Delhi,Paid Ads,56.0,7.0,23426.0,3,4,4,11.0,Loyal Customers
C00637,2024-07-11,Male,40.0,Bengaluru,Karnataka,Organic Search,79.0,1.0,5578.0,3,1,1,5.0,Lost
C01270,2026-07-17,Unknown,19.0,Surat,Gujarat,Organic Search,55.0,7.0,22127.0,3,4,3,10.0,Loyal Customers
C00186,2025-11-02,Female,41.0,Kolkata,Unknown,Organic Search,185.0,3.0,19729.0,2,2,3,7.0,Lost
C03840,2025-09-29,Female,29.0,Bhopal,Madhya Pradesh,Organic Search,10.0,12.0,75248.0,5,5,5,15.0,Champions
C03198,2025-09-30,Male,22.0,Delhi,Delhi,Organic Search,229.0,5.0,17098.0,1,4,3,8.0,At Risk
C03856,2026-03-31,Male,18.0,Hyderabad,Telangana,Paid Ads,92.0,12.0,125536.0,3,5,5,13.0,Loyal Customers
C01798,2025-12-01,Female,33.0,Nagpur,Maharashtra,Paid Ads,25.0,5.0,13223.0,5,4,3,12.0,Loyal Customers
C02980,2026-02-03,Female,31.0,Chandigarh,Chandigarh,Paid Ads,37.0,1.0,2479.0,4,1,1,6.0,Potential Loyalists
C01442,2026-03-26,Female,31.0,Nagpur,Maharashtra,Paid Ads,88.0,2.0,12235.0,3,2,2,7.0,Lost
C04356,2024-09-03,Male,43.0,Noida,Uttar Pradesh,Organic Search,149.0,6.0,90881.0,2,4,5,11.0,At Risk
C04887,2025-12-28,Male,36.0,Mumbai,Maharashtra,Referral,230.0,4.0,22076.0,1,3,3,7.0,At Risk
C01536,2024-03-07,Male,41.0,Chandigarh,Chandigarh,Social Media,58.0,6.0,14830.0,3,4,3,10.0,Loyal Customers
C04954,2025-09-09,Female,23.0,Udaipur,Rajasthan,Paid Ads,220.0,5.0,18351.0,1,4,3,8.0,At Risk
C01274,2025-01-18,Male,40.0,Thiruvananthapuram,Kerala,Social Media,299.0,1.0,4147.0,1,1,1,3.0,Lost
C02468,2025-11-03,Female,42.0,Kolkata,West Bengal,Social Media,133.0,12.0,60872.0,2,5,5,12.0,At Risk
C00608,2024-04-07,Male,22.0,Vijayawada,Andhra Pradesh,Organic Search,17.0,7.0,45416.0,5,4,5,14.0,Champions
C03406,2025-10-13,Male,18.0,Bhubaneswar,Odisha,Email,33.0,7.0,22966.0,4,4,4,12.0,Champions
C01713,2026-03-03,Male,26.0,Mumbai,Maharashtra,Paid Ads,55.0,4.0,11964.0,3,3,2,8.0,Loyal Customers
C02200,2026-02-12,Female,18.0,Surat,Gujarat,Paid Ads,72.0,2.0,30187.0,3,2,4,9.0,Lost
C00956,2025-04-26,Female,27.0,Visakhapatnam,Andhra Pradesh,Organic Search,44.0,1.0,3518.0,4,1,1,6.0,Potential Loyalists
C02580,2026-02-17,Female,24.0,Surat,Gujarat,Social Media,42.0,2.0,2638.0,4,2,1,7.0,Potential Loyalists
C03919,2025-08-25,Male,22.0,Ahmedabad,Gujarat,Paid Ads,232.0,1.0,4156.0,1,1,1,3.0,Lost
C04438,2025-04-27,Male,31.0,Nagpur,Maharashtra,Paid Ads,349.0,8.0,89260.0,1,5,5,11.0,At Risk
C03399,2024-11-05,Female,41.0,Bhopal,Madhya Pradesh,Paid Ads,329.0,8.0,56240.0,1,5,5,11.0,At Risk
C03707,2026-05-15,Male,32.0,Delhi,Delhi,Organic Search,86.0,1.0,3288.0,3,1,1,5.0,Lost
C00404,2026-01-02,Female,42.0,Guwahati,Assam,Organic Search,215.0,1.0,12845.0,1,1,2,4.0,Lost
C02072,2026-04-11,Male,23.0,Delhi,Delhi,Organic Search,16.0,4.0,21718.0,5,3,3,11.0,Loyal Customers
C04768,2024-09-29,Female,31.0,Thiruvananthapuram,Kerala,Referral,96.0,7.0,21970.0,3,4,3,10.0,Loyal Customers
C01978,2025-10-29,Female,37.0,Delhi,Unknown,Paid Ads,31.0,4.0,11014.0,4,3,2,9.0,Loyal Customers
C00159,2026-04-19,Male,18.0,Pune,Maharashtra,Paid Ads,104.0,4.0,32767.0,3,3,4,10.0,Loyal Customers
C01749,2025-11-19,Male,46.0,Indore,Madhya Pradesh,Paid Ads,21.0,4.0,27944.0,5,3,4,12.0,Loyal Customers
C02910,2025-05-07,Female,35.0,Nagpur,Maharashtra,Paid Ads,288.0,7.0,44798.0,1,4,5,10.0,At Risk
C03554,2026-02-23,Female,23.0,Ranchi,Jharkhand,Organic Search,42.0,12.0,123578.0,4,5,5,14.0,Champions
C00903,2025-06-30,Male,18.0,Mumbai,Maharashtra,Referral,159.0,7.0,26635.0,2,4,4,10.0,At Risk
C00353,2025-10-13,Male,21.0,Kochi,Kerala,Paid Ads,175.0,3.0,24339.0,2,2,4,8.0,Lost
C01231,2025-06-17,Male,49.0,Ahmedabad,Gujarat,Social Media,21.0,4.0,17141.0,5,3,3,11.0,Loyal Customers
C04784,2025-09-25,Male,35.0,Udaipur,Rajasthan,Paid Ads,10.0,9.0,19809.0,5,5,3,13.0,Loyal Customers
C02141,2025-05-30,Male,20.0,Ranchi,Jharkhand,Social Media,251.0,15.0,83882.0,1,5,5,11.0,At Risk
C00445,2026-05-21,Unknown,18.0,Ranchi,Jharkhand,Referral,52.0,3.0,38909.0,4,2,4,10.0,Potential Loyalists
C04961,2026-01-08,Female,24.0,Coimbatore,Tamil Nadu,Email,34.0,5.0,55061.0,4,4,5,13.0,Champions
C00755,2025-11-27,Male,36.0,Delhi,Unknown,Organic Search,20.0,7.0,40488.0,5,4,4,13.0,Champions
C01738,2025-11-05,Male,30.0,Indore,Madhya Pradesh,Paid Ads,47.0,5.0,22989.0,4,4,4,12.0,Champions
C02972,2025-10-14,Male,27.0,Indore,Madhya Pradesh,Social Media,49.0,1.0,15712.0,4,1,3,8.0,Potential Loyalists
C04992,2025-02-12,Unknown,25.0,Coimbatore,Tamil Nadu,Organic Search,95.0,3.0,16851.0,3,3,3,9.0,Loyal Customers
C02921,2024-07-07,Female,32.0,Noida,Uttar Pradesh,Email,,,,,,,,No Completed Purchase
C00312,2024-11-07,Female,48.0,Jaipur,Rajasthan,Paid Ads,168.0,9.0,54959.0,2,5,5,12.0,At Risk
C00549,2025-07-09,Female,25.0,Ahmedabad,Gujarat,Organic Search,49.0,13.0,52950.0,4,5,5,14.0,Champions
C04074,2024-10-04,Male,33.0,Kanpur,Uttar Pradesh,Referral,15.0,16.0,60417.0,5,5,5,15.0,Champions
C04774,2025-06-08,Male,35.0,Chennai,Tamil Nadu,Social Media,62.0,4.0,34383.0,3,3,4,10.0,Loyal Customers
C01990,2024-10-25,Male,25.0,Bhubaneswar,Odisha,Organic Search,598.0,1.0,4908.0,1,1,1,3.0,Lost
C00307,2026-01-03,Female,28.0,Thiruvananthapuram,Kerala,Organic Search,56.0,1.0,14325.0,3,1,3,7.0,Lost
C02336,2025-01-02,Female,28.0,Kochi,Kerala,Paid Ads,503.0,8.0,36983.0,1,5,4,10.0,At Risk
C00695,2024-08-15,Female,32.0,Bengaluru,Karnataka,Social Media,439.0,1.0,1778.0,1,1,1,3.0,Lost
C02357,2024-08-15,Male,40.0,Mysuru,Karnataka,Organic Search,32.0,5.0,31097.0,4,4,4,12.0,Champions
C01928,2026-03-26,Male,27.0,Bhopal,Madhya Pradesh,Email,,,,,,,,No Completed Purchase
C00685,2024-12-04,Male,18.0,Chandigarh,Chandigarh,Social Media,58.0,14.0,212703.0,3,5,5,13.0,Loyal Customers
C00750,2025-12-20,Female,33.0,Patna,Bihar,Organic Search,65.0,1.0,6846.0,3,1,2,6.0,Lost
C03265,2024-08-24,Female,28.0,Pune,Maharashtra,Organic Search,54.0,4.0,33586.0,4,3,4,11.0,Loyal Customers
C01267,2024-11-22,Other,36.0,Mysuru,Karnataka,Social Media,83.0,2.0,8575.0,3,2,2,7.0,Lost
C03304,2025-03-07,Male,30.0,Bengaluru,Karnataka,Paid Ads,2.0,1.0,5558.0,5,1,1,7.0,Potential Loyalists
C03549,2025-05-07,Female,32.0,Mumbai,Maharashtra,Organic Search,16.0,3.0,24858.0,5,3,4,12.0,Loyal Customers
C04436,2025-12-01,Female,43.0,Mumbai,Maharashtra,Email,259.0,3.0,46160.0,1,3,5,9.0,At Risk
C04006,2025-11-12,Male,34.0,Ranchi,Jharkhand,Referral,80.0,2.0,8426.0,3,2,2,7.0,Lost
C03084,2025-04-06,Female,39.0,Mysuru,Karnataka,Organic Search,85.0,4.0,9004.0,3,3,2,8.0,Loyal Customers
C03062,2026-07-13,Male,38.0,Jaipur,Rajasthan,Referral,31.0,13.0,75863.0,4,5,5,14.0,Champions
C03026,2026-07-04,Female,23.0,Vijayawada,Andhra Pradesh,Organic Search,7.0,1.0,14145.0,5,1,3,9.0,Potential Loyalists
C00971,2025-02-09,Male,32.0,Mysuru,Karnataka,Social Media,,,,,,,,No Completed Purchase
C00014,2026-04-08,Male,28.0,Chandigarh,Chandigarh,Organic Search,122.0,4.0,26697.0,2,3,4,9.0,At Risk
C00874,2024-12-12,Female,25.0,Visakhapatnam,Andhra Pradesh,Paid Ads,52.0,4.0,15843.0,4,3,3,10.0,Loyal Customers
C00809,2024-09-30,Female,25.0,Delhi,Delhi,Organic Search,22.0,10.0,29052.0,5,5,4,14.0,Champions
C03199,2025-04-11,Male,32.0,Jaipur,Rajasthan,Paid Ads,11.0,3.0,15462.0,5,3,3,11.0,Loyal Customers
C00515,2024-12-07,Female,21.0,Udaipur,Rajasthan,Social Media,480.0,1.0,1128.0,1,1,1,3.0,Lost
C04485,2024-09-30,Female,19.0,Indore,Madhya Pradesh,Organic Search,51.0,1.0,15374.0,4,1,3,8.0,Potential Loyalists
C00410,2024-12-23,Male,32.0,Ranchi,Jharkhand,Organic Search,74.0,1.0,2439.0,3,1,1,5.0,Lost
C03427,2024-06-18,Male,39.0,Kanpur,Uttar Pradesh,Paid Ads,533.0,3.0,8095.0,1,3,2,6.0,At Risk
C04355,2025-11-09,Female,36.0,Hyderabad,Telangana,Organic Search,15.0,3.0,10744.0,5,3,2,10.0,Loyal Customers
C00208,2025-12-28,Female,35.0,Kanpur,Uttar Pradesh,Organic Search,156.0,3.0,17932.0,2,2,3,7.0,Lost
C03682,2024-05-10,Male,18.0,Nagpur,Maharashtra,Email,71.0,11.0,72675.0,3,5,5,13.0,Loyal Customers
C00459,2025-10-22,Male,24.0,Noida,Uttar Pradesh,Referral,9.0,16.0,49813.0,5,5,5,15.0,Champions
C04226,2026-07-04,Female,18.0,Kolkata,West Bengal,Paid Ads,102.0,3.0,14803.0,3,3,3,9.0,Loyal Customers
C02431,2025-05-01,Female,31.0,Kolkata,West Bengal,Organic Search,250.0,8.0,49482.0,1,5,5,11.0,At Risk
C03679,2025-01-12,Male,23.0,Gurugram,Haryana,Paid Ads,89.0,9.0,57047.0,3,5,5,13.0,Loyal Customers
C00111,2025-10-07,Female,31.0,Kochi,Kerala,Organic Search,23.0,2.0,1248.0,5,2,1,8.0,Potential Loyalists
C03768,2024-09-30,Female,32.0,Ranchi,Jharkhand,Organic Search,586.0,7.0,54511.0,1,4,5,10.0,At Risk
C04066,2026-03-31,Male,33.0,Chennai,Tamil Nadu,Social Media,154.0,1.0,11285.0,2,1,2,5.0,Lost
C01884,2024-05-25,Female,27.0,Chandigarh,Chandigarh,Social Media,153.0,15.0,82909.0,2,5,5,12.0,At Risk
C01714,2026-05-19,Male,18.0,Patna,Bihar,Email,129.0,5.0,35292.0,2,4,4,10.0,At Risk
C03980,2025-12-29,Male,50.0,Faridabad,Haryana,Paid Ads,219.0,1.0,2798.0,1,1,1,3.0,Lost
C04691,2025-09-21,Male,34.0,Udaipur,Rajasthan,Paid Ads,291.0,1.0,10293.0,1,2,2,5.0,Lost
C00553,2025-10-16,Female,24.0,Chennai,Tamil Nadu,Organic Search,14.0,4.0,25679.0,5,3,4,12.0,Loyal Customers
C01440,2025-01-25,Female,34.0,Thiruvananthapuram,Kerala,Organic Search,29.0,11.0,91970.0,4,5,5,14.0,Champions
C02271,2025-03-25,Female,24.0,Kanpur,Uttar Pradesh,Organic Search,32.0,2.0,12865.0,4,2,2,8.0,Potential Loyalists
C03145,2025-03-05,Female,40.0,Ahmedabad,Gujarat,Paid Ads,155.0,12.0,41899.0,2,5,5,12.0,At Risk
C02822,2026-02-25,Female,33.0,Bhubaneswar,Odisha,Paid Ads,181.0,4.0,10433.0,2,3,2,7.0,At Risk
C04794,2025-03-29,Male,41.0,Mumbai,Maharashtra,Referral,121.0,1.0,4018.0,2,2,1,5.0,Lost
C01926,2024-09-21,Female,40.0,Kanpur,Uttar Pradesh,Organic Search,439.0,2.0,9175.0,1,2,2,5.0,Lost
C00635,2025-01-30,Male,40.0,Ranchi,Jharkhand,Organic Search,15.0,1.0,9537.0,5,1,2,8.0,Potential Loyalists
C04818,2025-07-02,Female,18.0,Kolkata,West Bengal,Email,205.0,6.0,40097.0,2,4,4,10.0,At Risk
C00317,2025-11-18,Female,31.0,Visakhapatnam,Andhra Pradesh,Organic Search,0.0,8.0,23807.0,5,4,4,13.0,Champions
C04229,2026-02-28,Male,24.0,Faridabad,Haryana,Social Media,102.0,6.0,48486.0,3,4,5,12.0,Loyal Customers
C04712,2025-08-19,Unknown,31.0,Jaipur,Rajasthan,Paid Ads,66.0,1.0,18291.0,3,2,3,8.0,Lost
C01329,2026-03-04,Male,26.0,Guwahati,Assam,Social Media,148.0,4.0,26799.0,2,3,4,9.0,At Risk
C00428,2025-05-13,Male,35.0,Pune,Maharashtra,Social Media,101.0,1.0,6926.0,3,1,2,6.0,Lost
C03393,2025-02-19,Female,43.0,Guwahati,Assam,Paid Ads,192.0,1.0,3908.0,2,1,1,4.0,Lost
C00106,2025-01-23,Male,29.0,Mysuru,Karnataka,Paid Ads,64.0,6.0,16428.0,3,4,3,10.0,Loyal Customers
C03042,2025-09-09,Female,32.0,Jaipur,Rajasthan,Social Media,27.0,3.0,24767.0,5,3,4,12.0,Loyal Customers
C00143,2025-04-30,Male,33.0,Faridabad,Haryana,Email,474.0,1.0,7907.0,1,1,2,4.0,Lost
C02170,2025-02-04,Male,41.0,Noida,Unknown,Paid Ads,400.0,4.0,52101.0,1,3,5,9.0,At Risk
C03348,2024-05-01,Male,38.0,Udaipur,Rajasthan,Social Media,60.0,1.0,2858.0,3,1,1,5.0,Lost
C00090,2026-04-27,Female,32.0,Bengaluru,Karnataka,Social Media,28.0,1.0,2088.0,4,1,1,6.0,Potential Loyalists
C02919,2025-09-30,Female,18.0,Mumbai,Maharashtra,Social Media,24.0,5.0,9074.0,5,4,2,11.0,Loyal Customers
C03238,2026-05-18,Female,18.0,Chennai,Tamil Nadu,Organic Search,59.0,3.0,23601.0,3,3,4,10.0,Loyal Customers
C02242,2025-02-09,Male,23.0,Thiruvananthapuram,Kerala,Organic Search,,,,,,,,No Completed Purchase
C03175,2026-07-09,Male,29.0,Visakhapatnam,Andhra Pradesh,Paid Ads,49.0,4.0,20847.0,4,3,3,10.0,Loyal Customers
C03653,2025-10-25,Unknown,52.0,Gurugram,Haryana,Email,41.0,13.0,41335.0,4,5,4,13.0,Champions
C02164,2026-01-15,Female,30.0,Jaipur,Rajasthan,Organic Search,55.0,1.0,8196.0,3,1,2,6.0,Lost
C02637,2025-10-21,Female,31.0,Chennai,Tamil Nadu,Paid Ads,60.0,1.0,12015.0,3,1,2,6.0,Lost
C01950,2025-04-13,Male,30.0,Guwahati,Assam,Organic Search,399.0,6.0,30148.0,1,4,4,9.0,At Risk
C01769,2026-04-03,Female,18.0,Chennai,Tamil Nadu,Organic Search,138.0,1.0,9846.0,2,1,2,5.0,Lost
C04520,2025-05-19,Male,32.0,Guwahati,Assam,Social Media,52.0,1.0,1059.0,4,1,1,6.0,Potential Loyalists
C02273,2025-05-24,Male,31.0,Kanpur,Uttar Pradesh,Email,330.0,2.0,5316.0,1,2,1,4.0,Lost
C00002,2025-11-15,Female,36.0,Vijayawada,Andhra Pradesh,Paid Ads,12.0,1.0,9127.0,5,1,2,8.0,Potential Loyalists
C03986,2025-09-11,Female,18.0,Mumbai,Maharashtra,Organic Search,54.0,3.0,15312.0,4,3,3,10.0,Loyal Customers
C04970,2026-06-01,Male,26.0,Jaipur,Rajasthan,Paid Ads,104.0,13.0,91187.0,3,5,5,13.0,Loyal Customers
C01952,2025-11-12,Female,38.0,Surat,Gujarat,Organic Search,20.0,1.0,7027.0,5,1,2,8.0,Potential Loyalists
C00936,2025-08-20,Female,32.0,Bengaluru,Karnataka,Social Media,295.0,3.0,12939.0,1,2,2,5.0,Lost
C04309,2025-11-10,Female,28.0,Bengaluru,Karnataka,Organic Search,255.0,2.0,29106.0,1,2,4,7.0,Lost
C02721,2025-07-13,Male,18.0,Thiruvananthapuram,Kerala,Organic Search,371.0,2.0,8015.0,1,2,2,5.0,Lost
C03506,2026-01-12,Female,33.0,Ranchi,Jharkhand,Social Media,209.0,5.0,15861.0,2,4,3,9.0,At Risk
C01110,2026-02-17,Female,34.0,Kolkata,West Bengal,Paid Ads,57.0,14.0,45125.0,3,5,5,13.0,Loyal Customers
C03755,2026-02-24,Male,35.0,Coimbatore,Tamil Nadu,Organic Search,187.0,3.0,8814.0,2,3,2,7.0,At Risk
C00592,2025-05-04,Female,49.0,Ahmedabad,Gujarat,Paid Ads,5.0,3.0,12303.0,5,2,2,9.0,Potential Loyalists
C01696,2025-07-10,Male,37.0,Chennai,Tamil Nadu,Paid Ads,149.0,8.0,49006.0,2,5,5,12.0,At Risk
C03693,2025-04-07,Male,35.0,Gurugram,Haryana,Social Media,9.0,2.0,5546.0,5,2,1,8.0,Potential Loyalists
C02937,2026-04-08,Female,20.0,Lucknow,Uttar Pradesh,Organic Search,145.0,1.0,5708.0,2,1,1,4.0,Lost
C04216,2025-07-09,Female,40.0,Visakhapatnam,Andhra Pradesh,Referral,41.0,2.0,5297.0,4,2,1,7.0,Potential Loyalists
C03430,2025-04-16,Female,28.0,Indore,Madhya Pradesh,Organic Search,180.0,5.0,67389.0,2,4,5,11.0,At Risk
C01577,2026-01-23,Female,26.0,Nagpur,Maharashtra,Organic Search,218.0,12.0,80266.0,1,5,5,11.0,At Risk
C03976,2025-08-22,Male,31.0,Noida,Uttar Pradesh,Referral,149.0,14.0,48525.0,2,5,5,12.0,At Risk
C00214,2025-10-02,Female,29.0,Hyderabad,Telangana,Paid Ads,55.0,8.0,26128.0,3,4,4,11.0,Loyal Customers
C00779,2026-05-15,Female,43.0,Hyderabad,Telangana,Paid Ads,75.0,3.0,17221.0,3,2,3,8.0,Lost
C01416,2026-03-25,Female,21.0,Kochi,Kerala,Paid Ads,110.0,11.0,26511.0,3,5,4,12.0,Loyal Customers
C03781,2026-06-12,Female,26.0,Visakhapatnam,Andhra Pradesh,Email,31.0,6.0,35093.0,4,4,4,12.0,Champions
C02044,2026-01-20,Female,18.0,Faridabad,Haryana,Organic Search,149.0,1.0,4857.0,2,1,1,4.0,Lost
C02849,2026-04-10,Male,29.0,Noida,Uttar Pradesh,Paid Ads,63.0,3.0,10135.0,3,3,2,8.0,Loyal Customers
C04550,2026-02-13,Male,22.0,Pune,Maharashtra,Referral,109.0,3.0,8744.0,3,3,2,8.0,Loyal Customers
C03525,2026-01-29,Male,49.0,Vijayawada,Andhra Pradesh,Referral,197.0,1.0,4417.0,2,1,1,4.0,Lost
C03835,2025-08-20,Female,27.0,Udaipur,Rajasthan,Social Media,169.0,8.0,34246.0,2,5,4,11.0,At Risk
C01568,2024-05-07,Male,42.0,Chennai,Tamil Nadu,Organic Search,22.0,8.0,117951.0,5,5,5,15.0,Champions
C00166,2026-05-24,Male,31.0,Bengaluru,Karnataka,Social Media,39.0,5.0,59707.0,4,3,5,12.0,Loyal Customers
C04727,2025-08-15,Female,29.0,Hyderabad,Telangana,Social Media,258.0,5.0,39112.0,1,4,4,9.0,At Risk
C03605,2026-01-31,Female,18.0,Lucknow,Uttar Pradesh,Social Media,155.0,7.0,24985.0,2,4,4,10.0,At Risk
C04939,2025-09-29,Unknown,44.0,Lucknow,Uttar Pradesh,Social Media,44.0,7.0,23707.0,4,4,4,12.0,Champions
C01344,2026-01-13,Male,42.0,Nagpur,Maharashtra,Organic Search,56.0,2.0,9706.0,3,2,2,7.0,Lost
C02014,2026-01-04,Male,30.0,Chandigarh,Chandigarh,Paid Ads,47.0,1.0,3599.0,4,1,1,6.0,Potential Loyalists
C00274,2026-05-14,Female,45.0,Kolkata,West Bengal,Paid Ads,51.0,7.0,41609.0,4,4,4,12.0,Champions
C00072,2026-06-24,Male,36.0,Gurugram,Haryana,Organic Search,39.0,4.0,13642.0,4,3,3,10.0,Loyal Customers
C03909,2025-10-06,Female,40.0,Ahmedabad,Gujarat,Referral,155.0,2.0,17120.0,2,2,3,7.0,Lost
C01088,2025-08-10,Unknown,18.0,Faridabad,Haryana,Organic Search,53.0,7.0,80705.0,4,4,5,13.0,Champions
C00395,2026-04-11,Female,29.0,Mumbai,Maharashtra,Organic Search,56.0,4.0,11344.0,3,3,2,8.0,Loyal Customers
C00584,2026-03-01,Male,22.0,Indore,Madhya Pradesh,Social Media,26.0,4.0,17813.0,5,3,3,11.0,Loyal Customers
C01368,2024-06-28,Male,28.0,Nagpur,Maharashtra,Paid Ads,511.0,1.0,4798.0,1,1,1,3.0,Lost
C05000,2025-04-05,Male,37.0,Bhubaneswar,Odisha,Organic Search,84.0,1.0,2449.0,3,2,1,6.0,Lost
C04655,2024-11-27,Female,27.0,Udaipur,Rajasthan,Paid Ads,151.0,2.0,5795.0,2,2,1,5.0,Lost
C02549,2024-12-02,Female,19.0,Indore,Madhya Pradesh,Referral,103.0,2.0,5468.0,3,2,1,6.0,Lost
C01014,2025-01-27,Female,39.0,Delhi,Delhi,Organic Search,,,,,,,,No Completed Purchase
C04910,2026-03-27,Female,42.0,Bhopal,Madhya Pradesh,Social Media,22.0,3.0,16021.0,5,3,3,11.0,Loyal Customers
C03004,2024-12-03,Male,27.0,Bhubaneswar,Odisha,Paid Ads,66.0,7.0,52941.0,3,4,5,12.0,Loyal Customers
C04801,2024-12-23,Female,36.0,Delhi,Delhi,Organic Search,177.0,3.0,11475.0,2,3,2,7.0,At Risk
C04109,2025-10-29,Female,30.0,Chennai,Tamil Nadu,Paid Ads,32.0,6.0,13821.0,4,4,3,11.0,Loyal Customers
C03552,2026-05-13,Female,32.0,Chennai,Tamil Nadu,Organic Search,23.0,4.0,17317.0,5,3,3,11.0,Loyal Customers
C01764,2025-03-24,Male,54.0,Patna,Bihar,Social Media,33.0,1.0,3599.0,4,1,1,6.0,Potential Loyalists
C01876,2024-09-29,Female,24.0,Gurugram,Haryana,Referral,49.0,1.0,1888.0,4,1,1,6.0,Potential Loyalists
C01260,2024-09-13,Male,36.0,Thiruvananthapuram,Kerala,Paid Ads,15.0,2.0,11814.0,5,2,2,9.0,Potential Loyalists
C04543,2025-12-02,Female,35.0,Hyderabad,Telangana,Organic Search,207.0,5.0,35201.0,2,4,4,10.0,At Risk
C02254,2025-09-05,Female,45.0,Indore,Madhya Pradesh,Social Media,14.0,5.0,14503.0,5,4,3,12.0,Loyal Customers
C02782,2024-08-20,Female,36.0,Indore,Madhya Pradesh,Referral,41.0,14.0,59064.0,4,5,5,14.0,Champions
C03614,2024-03-17,Male,31.0,Jaipur,Rajasthan,Organic Search,482.0,1.0,12896.0,1,1,2,4.0,Lost
C00527,2026-03-12,Male,37.0,Guwahati,Assam,Organic Search,150.0,4.0,8394.0,2,3,2,7.0,At Risk
C03440,2025-04-20,Male,30.0,Bhubaneswar,Odisha,Organic Search,24.0,2.0,2717.0,5,2,1,8.0,Potential Loyalists
C02947,2025-09-24,Female,36.0,Nagpur,Maharashtra,Paid Ads,234.0,5.0,25434.0,1,4,4,9.0,At Risk
C00378,2026-04-12,Female,28.0,Coimbatore,Tamil Nadu,Referral,55.0,2.0,9205.0,3,2,2,7.0,Lost
C01560,2026-07-13,Female,37.0,Jaipur,Rajasthan,Organic Search,103.0,11.0,61763.0,3,5,5,13.0,Loyal Customers
C03842,2025-05-19,Male,39.0,Coimbatore,Tamil Nadu,Organic Search,96.0,17.0,101885.0,3,5,5,13.0,Loyal Customers
C01964,2024-11-17,Male,42.0,Thiruvananthapuram,Kerala,Organic Search,31.0,5.0,19826.0,4,4,3,11.0,Loyal Customers
C04869,2025-04-01,Female,41.0,Gurugram,Haryana,Social Media,38.0,4.0,49664.0,4,3,5,12.0,Loyal Customers
C00349,2025-07-28,Male,40.0,Nagpur,Maharashtra,Paid Ads,100.0,1.0,16743.0,3,1,3,7.0,Lost
C02435,2026-01-26,Female,36.0,Bengaluru,Karnataka,Email,210.0,1.0,3189.0,2,1,1,4.0,Lost
C02247,2025-07-01,Male,44.0,Delhi,Delhi,Paid Ads,44.0,5.0,33511.0,4,4,4,12.0,Champions
C04178,2024-11-30,Female,32.0,Mysuru,Karnataka,Paid Ads,351.0,3.0,39082.0,1,3,4,8.0,At Risk
C01710,2025-11-19,Female,28.0,Lucknow,Uttar Pradesh,Social Media,80.0,3.0,26814.0,3,2,4,9.0,Lost
C01051,2026-03-22,Female,29.0,Noida,Uttar Pradesh,Paid Ads,43.0,10.0,34754.0,4,5,4,13.0,Champions
C00591,2024-05-03,Female,32.0,Chennai,Tamil Nadu,Organic Search,373.0,3.0,8425.0,1,2,2,5.0,Lost
C00520,2025-10-11,Female,31.0,Mysuru,Karnataka,Social Media,220.0,4.0,18102.0,1,3,3,7.0,At Risk
C04506,2026-01-05,Female,43.0,Noida,Uttar Pradesh,Paid Ads,105.0,8.0,41753.0,3,5,5,13.0,Loyal Customers
C04536,2025-04-23,Female,25.0,Mysuru,Karnataka,Referral,1.0,7.0,31458.0,5,4,4,13.0,Champions
C02478,2025-05-13,Male,39.0,Lucknow,Uttar Pradesh,Referral,12.0,4.0,26021.0,5,3,4,12.0,Loyal Customers
C01084,2026-05-13,Male,39.0,Noida,Uttar Pradesh,Social Media,98.0,1.0,6617.0,3,1,2,6.0,Lost
C03610,2024-10-25,Male,30.0,Bengaluru,Karnataka,Paid Ads,61.0,1.0,3358.0,3,1,1,5.0,Lost
C04791,2025-10-31,Female,26.0,Ahmedabad,Gujarat,Social Media,9.0,1.0,2508.0,5,2,1,8.0,Potential Loyalists
C04522,2026-04-09,Female,18.0,Pune,Maharashtra,Paid Ads,137.0,2.0,18812.0,2,2,3,7.0,Lost
C01295,2024-06-10,Female,29.0,Udaipur,Rajasthan,Paid Ads,4.0,1.0,3189.0,5,1,1,7.0,Potential Loyalists
C01810,2025-06-27,Female,30.0,Bhopal,Madhya Pradesh,Social Media,174.0,2.0,15322.0,2,2,3,7.0,Lost
C00792,2025-08-26,Male,43.0,Indore,Madhya Pradesh,Paid Ads,193.0,5.0,22826.0,2,4,3,9.0,At Risk
C00793,2026-03-22,Male,41.0,Mumbai,Maharashtra,Organic Search,23.0,1.0,2998.0,5,1,1,7.0,Potential Loyalists
C04126,2026-07-05,Male,38.0,Ahmedabad,Gujarat,Referral,37.0,2.0,17954.0,4,2,3,9.0,Potential Loyalists
C01856,2026-03-17,Female,37.0,Hyderabad,Telangana,Social Media,106.0,2.0,9363.0,3,2,2,7.0,Lost
C04770,2025-05-30,Female,34.0,Chennai,Tamil Nadu,Paid Ads,125.0,7.0,18089.0,2,4,3,9.0,At Risk
C01981,2024-11-02,Female,42.0,Indore,Madhya Pradesh,Referral,317.0,5.0,10954.0,1,4,2,7.0,At Risk
C03234,2024-10-22,Female,48.0,Mumbai,Maharashtra,Social Media,47.0,5.0,23870.0,4,4,4,12.0,Champions
C03930,2024-12-10,Female,41.0,Coimbatore,Tamil Nadu,Organic Search,,,,,,,,No Completed Purchase
C03404,2024-12-14,Male,25.0,Mysuru,Karnataka,Paid Ads,176.0,7.0,19618.0,2,4,3,9.0,At Risk
C03329,2025-01-16,Male,25.0,Bengaluru,Karnataka,Paid Ads,0.0,6.0,19601.0,5,4,3,12.0,Loyal Customers
C01531,2025-02-20,Male,35.0,Lucknow,Uttar Pradesh,Organic Search,75.0,1.0,1608.0,3,1,1,5.0,Lost
C01411,2026-04-07,Male,24.0,Delhi,Delhi,Referral,113.0,6.0,33032.0,3,4,4,11.0,Loyal Customers
C04307,2025-10-07,Male,24.0,Ranchi,Jharkhand,Organic Search,,,,,,,,No Completed Purchase
C04661,2025-03-26,Male,18.0,Mysuru,Karnataka,Email,,,,,,,,No Completed Purchase
C00084,2025-01-20,Male,52.0,Guwahati,Assam,Social Media,143.0,1.0,10875.0,2,1,2,5.0,Lost
C00869,2024-06-11,Male,31.0,Patna,Bihar,Referral,13.0,14.0,38664.0,5,5,4,14.0,Champions
C02351,2025-05-23,Female,19.0,Visakhapatnam,Andhra Pradesh,Social Media,33.0,8.0,68951.0,4,5,5,14.0,Champions
C00021,2024-10-25,Female,18.0,Jaipur,Rajasthan,Social Media,460.0,1.0,6656.0,1,1,2,4.0,Lost
C03443,2025-12-14,Female,30.0,Surat,Gujarat,Paid Ads,206.0,4.0,66397.0,2,3,5,10.0,At Risk
C02796,2025-05-16,Female,42.0,Ahmedabad,Gujarat,Paid Ads,55.0,6.0,21828.0,3,4,3,10.0,Loyal Customers
C04585,2026-04-29,Female,35.0,Bhubaneswar,Odisha,Organic Search,171.0,7.0,26307.0,2,4,4,10.0,At Risk
C01563,2025-10-03,Female,18.0,Thiruvananthapuram,Kerala,Organic Search,113.0,3.0,9170.0,3,2,2,7.0,Lost
C03094,2025-02-25,Female,20.0,Kanpur,Uttar Pradesh,Referral,37.0,1.0,1039.0,4,1,1,6.0,Potential Loyalists
C03156,2025-03-23,Female,29.0,Hyderabad,Telangana,Paid Ads,493.0,4.0,27906.0,1,3,4,8.0,At Risk
C00974,2024-11-02,Female,18.0,Surat,Gujarat,Email,32.0,1.0,2838.0,4,1,1,6.0,Potential Loyalists
C01711,2024-07-03,Male,27.0,Pune,Maharashtra,Paid Ads,47.0,3.0,6794.0,4,2,2,8.0,Potential Loyalists
C03202,2024-07-06,Male,27.0,Delhi,Delhi,Paid Ads,324.0,2.0,6047.0,1,2,1,4.0,Lost
C04003,2025-04-17,Female,19.0,Thiruvananthapuram,Kerala,Paid Ads,291.0,6.0,16050.0,1,4,3,8.0,At Risk
C04832,2025-10-15,Male,31.0,Kochi,Kerala,Paid Ads,22.0,3.0,29980.0,5,3,4,12.0,Loyal Customers
C01099,2025-05-11,Male,33.0,Noida,Uttar Pradesh,Social Media,52.0,1.0,18182.0,4,1,3,8.0,Potential Loyalists
C04173,2025-01-27,Male,18.0,Faridabad,Haryana,Social Media,312.0,10.0,75069.0,1,5,5,11.0,At Risk
C02845,2025-12-17,Female,27.0,Thiruvananthapuram,Kerala,Organic Search,204.0,4.0,15657.0,2,3,3,8.0,At Risk
C00887,2024-05-16,Male,34.0,Vijayawada,Andhra Pradesh,Organic Search,110.0,4.0,7102.0,3,3,2,8.0,Loyal Customers
C04944,2025-12-02,Male,30.0,Ahmedabad,Gujarat,Paid Ads,21.0,1.0,1219.0,5,2,1,8.0,Potential Loyalists
C03700,2025-07-30,Male,23.0,Pune,Maharashtra,Social Media,25.0,6.0,13962.0,5,4,3,12.0,Loyal Customers
C04608,2025-05-27,Male,31.0,Coimbatore,Tamil Nadu,Organic Search,93.0,1.0,7907.0,3,1,2,6.0,Lost
C03587,2026-02-05,Male,37.0,Noida,Uttar Pradesh,Paid Ads,90.0,4.0,16432.0,3,3,3,9.0,Loyal Customers
C04868,2026-05-07,Male,41.0,Nagpur,Maharashtra,Paid Ads,33.0,1.0,5048.0,4,2,1,7.0,Potential Loyalists
C00516,2024-12-22,Female,44.0,Guwahati,Assam,Social Media,289.0,12.0,131939.0,1,5,5,11.0,At Risk
C04633,2025-01-29,Male,29.0,Gurugram,Haryana,Referral,26.0,1.0,11895.0,5,2,2,9.0,Potential Loyalists
C00738,2026-04-02,Male,30.0,Chandigarh,Chandigarh,Social Media,9.0,4.0,13713.0,5,3,3,11.0,Loyal Customers
C01454,2025-04-26,Other,34.0,Nagpur,Maharashtra,Social Media,51.0,10.0,51900.0,4,5,5,14.0,Champions
C03993,2026-07-23,Male,37.0,Surat,Gujarat,Organic Search,30.0,1.0,4357.0,4,1,1,6.0,Potential Loyalists
C04713,2025-06-03,Male,48.0,Visakhapatnam,Andhra Pradesh,Organic Search,22.0,2.0,8456.0,5,2,2,9.0,Potential Loyalists
C02507,2025-05-11,Female,40.0,Kolkata,West Bengal,Organic Search,38.0,11.0,73707.0,4,5,5,14.0,Champions
C02995,2024-06-30,Male,29.0,Udaipur,Rajasthan,Referral,33.0,5.0,26541.0,4,4,4,12.0,Champions
C02127,2026-04-09,Male,33.0,Lucknow,Uttar Pradesh,Paid Ads,42.0,4.0,17362.0,4,3,3,10.0,Loyal Customers
C02927,2024-06-18,Female,23.0,Coimbatore,Tamil Nadu,Social Media,59.0,7.0,53532.0,3,4,5,12.0,Loyal Customers
C04758,2024-04-30,Female,25.0,Faridabad,Haryana,Paid Ads,173.0,9.0,55220.0,2,5,5,12.0,At Risk
C00907,2026-01-07,Female,42.0,Thiruvananthapuram,Kerala,Paid Ads,160.0,9.0,27544.0,2,5,4,11.0,At Risk
C03669,2025-03-11,Male,23.0,Bengaluru,Karnataka,Organic Search,50.0,10.0,52140.0,4,5,5,14.0,Champions
C01031,2024-12-23,Male,25.0,Coimbatore,Tamil Nadu,Paid Ads,12.0,14.0,46046.0,5,5,5,15.0,Champions
C02508,2026-01-23,Male,29.0,Udaipur,Rajasthan,Organic Search,191.0,2.0,21630.0,2,2,3,7.0,Lost
C02429,2024-04-17,Female,29.0,Bengaluru,Karnataka,Email,282.0,11.0,35632.0,1,5,4,10.0,At Risk
C00948,2026-01-23,Male,24.0,Delhi,Delhi,Referral,7.0,8.0,52122.0,5,5,5,15.0,Champions
C03828,2026-01-25,Male,28.0,Coimbatore,Tamil Nadu,Organic Search,7.0,4.0,11864.0,5,3,2,10.0,Loyal Customers
C04089,2026-04-14,Male,33.0,Faridabad,Haryana,Organic Search,132.0,10.0,32954.0,2,5,4,11.0,At Risk
C00716,2025-11-16,Male,23.0,Mumbai,Maharashtra,Paid Ads,53.0,2.0,11876.0,4,2,2,8.0,Potential Loyalists
C04077,2025-07-25,Female,43.0,Patna,Bihar,Social Media,212.0,1.0,1109.0,1,1,1,3.0,Lost
C00687,2025-01-10,Female,24.0,Udaipur,Rajasthan,Paid Ads,24.0,4.0,13953.0,5,3,3,11.0,Loyal Customers
C00704,2025-05-05,Male,23.0,Bhubaneswar,Odisha,Social Media,160.0,2.0,3677.0,2,2,1,5.0,Lost
C03342,2025-08-21,Female,30.0,Bhubaneswar,Odisha,Organic Search,,,,,,,,No Completed Purchase
C02354,2025-08-11,Male,24.0,Ahmedabad,Gujarat,Social Media,0.0,1.0,1979.0,5,1,1,7.0,Potential Loyalists
C02258,2025-08-13,Unknown,29.0,Kanpur,Uttar Pradesh,Paid Ads,302.0,1.0,1309.0,1,1,1,3.0,Lost
C03571,2025-02-09,Female,29.0,Vijayawada,Andhra Pradesh,Referral,5.0,4.0,21642.0,5,3,3,11.0,Loyal Customers
C00474,2025-11-11,Female,32.0,Chennai,Tamil Nadu,Paid Ads,217.0,2.0,16413.0,1,2,3,6.0,Lost
C00022,2024-08-23,Male,30.0,Nagpur,Maharashtra,Paid Ads,26.0,2.0,10405.0,5,2,2,9.0,Potential Loyalists
C02753,2024-12-13,Male,26.0,Ahmedabad,Gujarat,Email,18.0,7.0,18581.0,5,4,3,12.0,Loyal Customers
C00886,2025-10-18,Male,47.0,Nagpur,Maharashtra,Paid Ads,39.0,11.0,82335.0,4,5,5,14.0,Champions
C02449,2024-09-25,Female,25.0,Kanpur,Uttar Pradesh,Referral,31.0,12.0,36580.0,4,5,4,13.0,Champions
C00918,2026-02-25,Female,26.0,Bhubaneswar,Odisha,Social Media,99.0,5.0,19002.0,3,4,3,10.0,Loyal Customers
C03779,2025-01-11,Male,22.0,Udaipur,Rajasthan,Paid Ads,527.0,3.0,8115.0,1,3,2,6.0,At Risk
C02240,2024-04-17,Female,22.0,Noida,Uttar Pradesh,Organic Search,118.0,8.0,31296.0,2,5,4,11.0,At Risk
C03866,2024-12-05,Male,25.0,Lucknow,Uttar Pradesh,Organic Search,19.0,14.0,55657.0,5,5,5,15.0,Champions
C03396,2026-02-08,Male,24.0,Udaipur,Rajasthan,Social Media,81.0,3.0,6835.0,3,3,2,8.0,Loyal Customers
C01266,2026-05-01,Male,27.0,Pune,Maharashtra,Social Media,85.0,15.0,48905.0,3,5,5,13.0,Loyal Customers
C00484,2025-10-23,Male,30.0,Ahmedabad,Gujarat,Organic Search,44.0,8.0,18396.0,4,4,3,11.0,Loyal Customers
C04350,2025-04-01,Female,33.0,Kolkata,West Bengal,Social Media,338.0,1.0,7197.0,1,1,2,4.0,Lost
C02964,2026-07-09,Unknown,40.0,Mysuru,Karnataka,Paid Ads,4.0,2.0,6307.0,5,2,1,8.0,Potential Loyalists
C01220,2026-03-22,Male,38.0,Ahmedabad,Gujarat,Paid Ads,9.0,3.0,11684.0,5,2,2,9.0,Potential Loyalists
C00278,2024-10-03,Female,26.0,Hyderabad,Telangana,Referral,540.0,1.0,2458.0,1,1,1,3.0,Lost
C00989,2024-08-13,Male,33.0,Indore,Madhya Pradesh,Organic Search,202.0,2.0,12564.0,2,2,2,6.0,Lost
C02085,2024-08-11,Female,33.0,Chandigarh,Chandigarh,Organic Search,151.0,1.0,2208.0,2,1,1,4.0,Lost
C01246,2025-06-18,Female,33.0,Thiruvananthapuram,Kerala,Social Media,132.0,6.0,50390.0,2,4,5,11.0,At Risk
C02383,2025-12-24,Male,22.0,Guwahati,Assam,Social Media,,,,,,,,No Completed Purchase
C00572,2024-10-04,Male,28.0,Nagpur,Maharashtra,Organic Search,25.0,5.0,19610.0,5,4,3,12.0,Loyal Customers
C01436,2026-04-03,Female,43.0,Bengaluru,Karnataka,Social Media,137.0,1.0,2179.0,2,1,1,4.0,Lost
C00994,2025-09-25,Male,29.0,Nagpur,Maharashtra,Email,226.0,1.0,5867.0,1,1,1,3.0,Lost
C03471,2025-09-22,Female,33.0,Mumbai,Maharashtra,Paid Ads,210.0,2.0,10527.0,2,2,2,6.0,Lost
C03483,2026-01-15,Female,29.0,Ranchi,Jharkhand,Social Media,130.0,6.0,15901.0,2,4,3,9.0,At Risk
C00586,2026-05-01,Female,39.0,Kochi,Kerala,Social Media,10.0,3.0,19299.0,5,2,3,10.0,Potential Loyalists
C03680,2025-06-07,Female,21.0,Kochi,Kerala,Organic Search,422.0,2.0,6396.0,1,2,1,4.0,Lost
C02515,2025-10-01,Female,19.0,Guwahati,Assam,Social Media,236.0,2.0,8055.0,1,2,2,5.0,Lost
C01350,2024-12-30,Female,29.0,Bhopal,Madhya Pradesh,Referral,164.0,1.0,6027.0,2,1,1,4.0,Lost
C01008,2025-10-05,Male,30.0,Bengaluru,Karnataka,Organic Search,28.0,9.0,28395.0,4,5,4,13.0,Champions
C00675,2026-04-13,Female,49.0,Mumbai,Maharashtra,Social Media,23.0,4.0,37702.0,5,3,4,12.0,Loyal Customers
C02413,2025-10-07,Female,36.0,Bhopal,Madhya Pradesh,Paid Ads,132.0,1.0,4828.0,2,1,1,4.0,Lost
C02904,2025-11-19,Female,18.0,Chennai,Tamil Nadu,Paid Ads,117.0,1.0,12822.0,2,1,2,5.0,Lost
C00448,2026-04-24,Male,34.0,Vijayawada,Andhra Pradesh,Social Media,81.0,4.0,16723.0,3,3,3,9.0,Loyal Customers
C03492,2026-03-03,Male,24.0,Guwahati,Assam,Referral,123.0,1.0,1298.0,2,1,1,4.0,Lost
C03780,2026-04-15,Male,28.0,Bhubaneswar,Odisha,Organic Search,18.0,15.0,48217.0,5,5,5,15.0,Champions
C03725,2026-05-20,Female,36.0,Gurugram,Haryana,Paid Ads,12.0,3.0,20708.0,5,3,3,11.0,Loyal Customers
C00360,2025-05-10,Female,27.0,Bhubaneswar,Odisha,Social Media,272.0,6.0,55965.0,1,4,5,10.0,At Risk
C02065,2025-07-29,Female,29.0,Ahmedabad,Gujarat,Referral,54.0,13.0,82358.0,4,5,5,14.0,Champions
C04462,2025-11-15,Male,27.0,Pune,Maharashtra,Organic Search,89.0,2.0,8751.0,3,2,2,7.0,Lost
C03832,2026-04-03,Female,43.0,Ahmedabad,Gujarat,Referral,148.0,18.0,47491.0,2,5,5,12.0,At Risk
C01691,2025-07-30,Male,18.0,Nagpur,Maharashtra,Organic Search,163.0,1.0,7756.0,2,1,2,5.0,Lost
C04339,2025-08-12,Unknown,37.0,Coimbatore,Tamil Nadu,Social Media,166.0,1.0,2687.0,2,1,1,4.0,Lost
C01549,2025-09-23,Unknown,28.0,Kolkata,West Bengal,Paid Ads,4.0,2.0,7806.0,5,2,2,9.0,Potential Loyalists
C01248,2026-04-24,Female,31.0,Indore,Madhya Pradesh,Paid Ads,135.0,4.0,21828.0,2,3,3,8.0,At Risk
C01986,2025-08-19,Female,31.0,Delhi,Delhi,Organic Search,238.0,3.0,29274.0,1,2,4,7.0,Lost
C00295,2025-10-27,Male,22.0,Udaipur,Rajasthan,Social Media,211.0,15.0,49781.0,1,5,5,11.0,At Risk
C01548,2026-07-23,Female,33.0,Udaipur,Rajasthan,Social Media,32.0,2.0,27195.0,4,2,4,10.0,Potential Loyalists
C02013,2026-04-21,Male,24.0,Bhubaneswar,Odisha,Organic Search,95.0,1.0,7425.0,3,1,2,6.0,Lost
C00589,2024-09-28,Male,29.0,Surat,Gujarat,Paid Ads,137.0,5.0,37333.0,2,4,4,10.0,At Risk
C03330,2025-11-19,Female,38.0,Ahmedabad,Gujarat,Paid Ads,220.0,4.0,17003.0,1,3,3,7.0,At Risk
C02404,2025-05-05,Male,29.0,Faridabad,Haryana,Social Media,313.0,1.0,429.0,1,1,1,3.0,Lost
C02130,2026-02-26,Female,43.0,Bengaluru,Karnataka,Referral,186.0,1.0,7447.0,2,1,2,5.0,Lost
C04401,2025-04-20,Female,27.0,Bhubaneswar,Odisha,Paid Ads,46.0,5.0,11302.0,4,4,2,10.0,Loyal Customers
C02411,2025-05-05,Male,43.0,Mumbai,Maharashtra,Organic Search,243.0,2.0,17828.0,1,2,3,6.0,Lost
C02720,2025-09-24,Male,22.0,Ranchi,Jharkhand,Social Media,322.0,4.0,10005.0,1,3,2,6.0,At Risk
C04567,2025-08-20,Female,41.0,Jaipur,Rajasthan,Referral,46.0,2.0,4388.0,4,2,1,7.0,Potential Loyalists
C00426,2025-06-15,Male,32.0,Faridabad,Haryana,Email,161.0,6.0,16051.0,2,4,3,9.0,At Risk
C02583,2024-11-20,Female,36.0,Guwahati,Assam,Referral,35.0,6.0,26347.0,4,4,4,12.0,Champions
C01055,2025-09-24,Male,41.0,Bengaluru,Karnataka,Organic Search,310.0,11.0,37069.0,1,5,4,10.0,At Risk
C04763,2025-09-18,Female,40.0,Lucknow,Uttar Pradesh,Paid Ads,,,,,,,,No Completed Purchase
C04575,2025-10-09,Female,18.0,Bhopal,Madhya Pradesh,Organic Search,78.0,2.0,26760.0,3,2,4,9.0,Lost
C00557,2024-01-24,Female,39.0,Faridabad,Haryana,Paid Ads,515.0,7.0,36920.0,1,4,4,9.0,At Risk
C04371,2024-09-12,Male,25.0,Ranchi,Jharkhand,Organic Search,5.0,3.0,6467.0,5,3,1,9.0,Loyal Customers
C03960,2025-09-05,Female,35.0,Kanpur,Uttar Pradesh,Organic Search,232.0,1.0,4278.0,1,1,1,3.0,Lost
C04725,2026-02-08,Female,31.0,Gurugram,Haryana,Organic Search,198.0,3.0,18133.0,2,3,3,8.0,At Risk
C02470,2026-01-01,Male,29.0,Noida,Uttar Pradesh,Paid Ads,109.0,5.0,92213.0,3,4,5,12.0,Loyal Customers
C04723,2026-07-15,Male,28.0,Lucknow,Uttar Pradesh,Social Media,42.0,1.0,5688.0,4,2,1,7.0,Potential Loyalists
C00356,2024-03-09,Other,39.0,Coimbatore,Tamil Nadu,Organic Search,2.0,4.0,28744.0,5,3,4,12.0,Loyal Customers
C01194,2025-05-30,Male,31.0,Vijayawada,Andhra Pradesh,Paid Ads,10.0,1.0,4747.0,5,1,1,7.0,Potential Loyalists
C01717,2026-07-03,Other,18.0,Visakhapatnam,Andhra Pradesh,Email,53.0,2.0,4487.0,4,2,1,7.0,Potential Loyalists
C03417,2025-07-22,Female,23.0,Visakhapatnam,Andhra Pradesh,Organic Search,99.0,6.0,34118.0,3,4,4,11.0,Loyal Customers
C02605,2025-05-09,Male,34.0,Nagpur,Maharashtra,Paid Ads,431.0,1.0,7217.0,1,1,2,4.0,Lost
C04141,2026-06-16,Female,33.0,Lucknow,Uttar Pradesh,Paid Ads,50.0,3.0,7185.0,4,3,2,9.0,Loyal Customers
C02829,2025-08-25,Female,18.0,Bhubaneswar,Odisha,Paid Ads,79.0,3.0,22259.0,3,3,3,9.0,Loyal Customers
C01705,2025-07-22,Male,34.0,Delhi,Delhi,Referral,10.0,1.0,7447.0,5,1,2,8.0,Potential Loyalists
C02864,2026-07-30,Male,26.0,Kolkata,West Bengal,Referral,10.0,4.0,24809.0,5,3,4,12.0,Loyal Customers
C02619,2025-12-08,Male,31.0,Ranchi,Jharkhand,Social Media,11.0,10.0,61697.0,5,5,5,15.0,Champions
C02401,2024-10-14,Male,43.0,Hyderabad,Telangana,Email,3.0,5.0,11183.0,5,4,2,11.0,Loyal Customers
C02140,2025-12-13,Male,28.0,Lucknow,Uttar Pradesh,Organic Search,186.0,11.0,30300.0,2,5,4,11.0,At Risk
C03240,2025-03-26,Male,39.0,Delhi,Delhi,Email,50.0,10.0,121200.0,4,5,5,14.0,Champions
C02384,2024-10-17,Male,44.0,Bhubaneswar,Odisha,Social Media,1.0,3.0,8506.0,5,3,2,10.0,Loyal Customers
C03219,2025-07-28,Female,39.0,Patna,Bihar,Organic Search,218.0,4.0,13355.0,1,3,3,7.0,At Risk
C03766,2025-02-26,Male,40.0,Nagpur,Maharashtra,Social Media,42.0,10.0,28436.0,4,5,4,13.0,Champions
C01286,2025-12-26,Female,22.0,Hyderabad,Telangana,Organic Search,138.0,2.0,12943.0,2,2,2,6.0,Lost
C03818,2024-10-11,Male,28.0,Faridabad,Haryana,Email,155.0,1.0,7496.0,2,1,2,5.0,Lost
C03862,2025-10-05,Other,20.0,Thiruvananthapuram,Kerala,Email,174.0,2.0,23007.0,2,2,4,8.0,Lost
C04481,2026-04-23,Female,37.0,Gurugram,Haryana,Organic Search,86.0,1.0,7206.0,3,1,2,6.0,Lost
C02088,2026-06-30,Male,31.0,Hyderabad,Telangana,Paid Ads,120.0,2.0,7725.0,2,2,2,6.0,Lost
C01890,2026-03-11,Male,33.0,Thiruvananthapuram,Kerala,Social Media,140.0,7.0,35743.0,2,4,4,10.0,At Risk
C03526,2025-08-13,Male,24.0,Mumbai,Maharashtra,Organic Search,165.0,2.0,12113.0,2,2,2,6.0,Lost
C01592,2025-02-08,Male,26.0,Coimbatore,Tamil Nadu,Organic Search,1.0,1.0,3106.0,5,1,1,7.0,Potential Loyalists
C01347,2024-10-23,Female,27.0,Kolkata,West Bengal,Referral,177.0,1.0,15213.0,2,1,3,6.0,Lost
C04444,2026-04-21,Male,23.0,Mumbai,Maharashtra,Social Media,115.0,15.0,181311.0,3,5,5,13.0,Loyal Customers
C02163,2025-08-23,Female,24.0,Kochi,Kerala,Paid Ads,359.0,3.0,9565.0,1,2,2,5.0,Lost
C02397,2025-01-22,Female,27.0,Faridabad,Haryana,Social Media,18.0,1.0,8252.0,5,1,2,8.0,Potential Loyalists
C03665,2024-12-23,Male,31.0,Kolkata,West Bengal,Organic Search,39.0,1.0,4268.0,4,1,1,6.0,Potential Loyalists
C02272,2024-11-19,Male,35.0,Lucknow,Uttar Pradesh,Organic Search,341.0,7.0,77440.0,1,4,5,10.0,At Risk
C04503,2025-10-04,Male,25.0,Bhopal,Madhya Pradesh,Email,284.0,3.0,42388.0,1,3,5,9.0,At Risk
C03112,2025-06-05,Female,28.0,Delhi,Delhi,Paid Ads,51.0,14.0,33734.0,4,5,4,13.0,Champions
C01138,2026-04-16,Female,33.0,Gurugram,Haryana,Paid Ads,129.0,3.0,6176.0,2,2,1,5.0,Lost
C03917,2026-06-22,Female,35.0,Bengaluru,Karnataka,Social Media,56.0,1.0,8116.0,3,1,2,6.0,Lost
C00973,2026-05-19,Unknown,18.0,Pune,Maharashtra,Paid Ads,5.0,1.0,4118.0,5,1,1,7.0,Potential Loyalists
C00796,2025-01-10,Female,21.0,Thiruvananthapuram,Kerala,Paid Ads,20.0,2.0,7925.0,5,2,2,9.0,Potential Loyalists
C03021,2024-06-25,Male,21.0,Nagpur,Maharashtra,Email,554.0,2.0,15221.0,1,2,3,6.0,Lost
C01712,2025-12-04,Male,27.0,Ahmedabad,Gujarat,Social Media,139.0,2.0,1388.0,2,2,1,5.0,Lost
C03388,2025-04-25,Male,41.0,Pune,Maharashtra,Organic Search,425.0,5.0,16112.0,1,4,3,8.0,At Risk
C00037,2026-02-15,Male,42.0,Mysuru,Karnataka,Paid Ads,24.0,6.0,56556.0,5,4,5,14.0,Champions
C00454,2025-07-27,Female,18.0,Indore,Madhya Pradesh,Organic Search,261.0,9.0,53411.0,1,5,5,11.0,At Risk
C00914,2024-10-28,Male,24.0,Kolkata,West Bengal,Paid Ads,8.0,1.0,10376.0,5,1,2,8.0,Potential Loyalists
C04101,2026-05-07,Female,38.0,Patna,Bihar,Paid Ads,161.0,1.0,1487.0,2,1,1,4.0,Lost
C01200,2025-12-15,Female,37.0,Surat,Unknown,Referral,10.0,1.0,4487.0,5,1,1,7.0,Potential Loyalists
C01275,2025-12-21,Male,29.0,Faridabad,Haryana,Paid Ads,147.0,1.0,7108.0,2,1,2,5.0,Lost
C02376,2026-05-29,Male,22.0,Patna,Bihar,Organic Search,31.0,1.0,9715.0,4,1,2,7.0,Potential Loyalists
C00038,2025-04-23,Male,24.0,Chennai,Tamil Nadu,Paid Ads,36.0,2.0,11315.0,4,2,2,8.0,Potential Loyalists
C00975,2026-07-21,Male,30.0,Mysuru,Karnataka,Social Media,35.0,14.0,43648.0,4,5,5,14.0,Champions
C03196,2026-01-28,Male,29.0,Bengaluru,Karnataka,Paid Ads,74.0,4.0,21667.0,3,3,3,9.0,Loyal Customers
C00984,2025-05-07,Female,32.0,Bhopal,Madhya Pradesh,Referral,30.0,3.0,18624.0,4,2,3,9.0,Potential Loyalists
C04421,2025-12-26,Female,35.0,Chennai,Tamil Nadu,Social Media,126.0,3.0,34474.0,2,3,4,9.0,At Risk
C04795,2025-07-24,Male,32.0,Pune,Maharashtra,Organic Search,60.0,4.0,12176.0,3,3,2,8.0,Loyal Customers
C01419,2026-02-26,Female,42.0,Ranchi,Jharkhand,Paid Ads,33.0,1.0,8656.0,4,1,2,7.0,Potential Loyalists
C03333,2024-11-26,Male,47.0,Coimbatore,Tamil Nadu,Paid Ads,9.0,3.0,11502.0,5,3,2,10.0,Loyal Customers
C01561,2024-11-20,Male,43.0,Nagpur,Maharashtra,Organic Search,15.0,5.0,32412.0,5,4,4,13.0,Champions
C00040,2026-03-30,Male,36.0,Visakhapatnam,Andhra Pradesh,Referral,4.0,5.0,25707.0,5,3,4,12.0,Loyal Customers
C01487,2025-08-30,Unknown,18.0,Ahmedabad,Gujarat,Email,3.0,3.0,2954.0,5,2,1,8.0,Potential Loyalists
C03905,2025-12-26,Other,18.0,Mysuru,Karnataka,Organic Search,15.0,4.0,53083.0,5,3,5,13.0,Loyal Customers
C00170,2024-09-07,Female,48.0,Kochi,Kerala,Paid Ads,12.0,7.0,25685.0,5,4,4,13.0,Champions
C01356,2026-05-12,Female,33.0,Kanpur,Uttar Pradesh,Organic Search,7.0,4.0,30516.0,5,3,4,12.0,Loyal Customers
C02786,2025-06-20,Other,18.0,Udaipur,Rajasthan,Organic Search,20.0,8.0,70118.0,5,5,5,15.0,Champions
C03654,2025-03-18,Female,37.0,Gurugram,Haryana,Organic Search,34.0,13.0,45614.0,4,5,5,14.0,Champions
C04761,2026-05-15,Male,22.0,Hyderabad,Telangana,Email,29.0,8.0,28572.0,4,5,4,13.0,Champions
C04026,2026-06-19,Male,18.0,Visakhapatnam,Andhra Pradesh,Paid Ads,18.0,1.0,22261.0,5,1,3,9.0,Potential Loyalists
C02683,2026-03-30,Male,40.0,Indore,Madhya Pradesh,Referral,49.0,7.0,26055.0,4,4,4,12.0,Champions
C04717,2025-01-21,Female,33.0,Chennai,Tamil Nadu,Social Media,128.0,1.0,11563.0,2,2,2,6.0,Lost
C04047,2025-09-18,Female,36.0,Vijayawada,Andhra Pradesh,Organic Search,170.0,6.0,38400.0,2,4,4,10.0,At Risk
C01641,2025-12-02,Male,27.0,Indore,Madhya Pradesh,Paid Ads,170.0,3.0,20679.0,2,2,3,7.0,Lost
C01291,2025-09-15,Male,32.0,Kochi,Kerala,Social Media,44.0,8.0,34095.0,4,5,4,13.0,Champions
C01381,2024-10-29,Female,33.0,Hyderabad,Telangana,Paid Ads,87.0,11.0,32581.0,3,5,4,12.0,Loyal Customers
C01934,2024-03-06,Male,30.0,Indore,Madhya Pradesh,Paid Ads,294.0,5.0,16530.0,1,4,3,8.0,At Risk
C00580,2025-09-25,Female,21.0,Gurugram,Haryana,Paid Ads,299.0,7.0,47663.0,1,4,5,10.0,At Risk
C04232,2025-09-27,Male,21.0,Kochi,Kerala,Organic Search,14.0,3.0,16910.0,5,3,3,11.0,Loyal Customers
C03161,2026-06-01,Female,21.0,Coimbatore,Tamil Nadu,Organic Search,79.0,3.0,11113.0,3,3,2,8.0,Loyal Customers
C02031,2025-11-16,Male,38.0,Mumbai,Maharashtra,Organic Search,247.0,1.0,5577.0,1,1,1,3.0,Lost
C00893,2025-11-08,Female,41.0,Ranchi,Jharkhand,Organic Search,192.0,16.0,50344.0,2,5,5,12.0,At Risk
C03973,2026-05-14,Female,41.0,Bengaluru,Karnataka,Paid Ads,59.0,7.0,51155.0,3,4,5,12.0,Loyal Customers
C00781,2024-07-13,Female,27.0,Jaipur,Rajasthan,Paid Ads,184.0,7.0,16407.0,2,4,3,9.0,At Risk
C00160,2025-05-19,Female,42.0,Faridabad,Haryana,Paid Ads,404.0,1.0,4276.0,1,1,1,3.0,Lost
C00003,2025-02-24,Female,43.0,Gurugram,Haryana,Organic Search,163.0,3.0,13693.0,2,2,3,7.0,Lost
C02264,2024-09-13,Male,40.0,Nagpur,Maharashtra,Organic Search,12.0,6.0,41897.0,5,4,5,14.0,Champions
C03217,2025-11-22,Female,44.0,Delhi,Delhi,Paid Ads,131.0,1.0,2018.0,2,1,1,4.0,Lost
C02110,2025-06-16,Female,22.0,Ahmedabad,Gujarat,Organic Search,1.0,7.0,98313.0,5,4,5,14.0,Champions
C00850,2025-09-13,Male,40.0,Visakhapatnam,Andhra Pradesh,Referral,56.0,11.0,70773.0,3,5,5,13.0,Loyal Customers
C02738,2024-06-15,Male,18.0,Udaipur,Rajasthan,Social Media,308.0,4.0,57564.0,1,3,5,9.0,At Risk
C02467,2025-08-10,Male,29.0,Ranchi,Jharkhand,Referral,133.0,3.0,13673.0,2,3,3,8.0,At Risk
C03718,2025-04-26,Male,20.0,Chennai,Tamil Nadu,Organic Search,28.0,2.0,16083.0,4,2,3,9.0,Potential Loyalists
C03672,2025-11-19,Male,38.0,Hyderabad,Telangana,Social Media,61.0,2.0,6635.0,3,2,2,7.0,Lost
C01597,2025-07-29,Male,26.0,Patna,Bihar,Paid Ads,28.0,10.0,60928.0,4,5,5,14.0,Champions
C01777,2025-10-09,Female,41.0,Vijayawada,Andhra Pradesh,Organic Search,28.0,1.0,20223.0,4,1,3,8.0,Potential Loyalists
C01914,2025-07-16,Male,36.0,Kochi,Kerala,Organic Search,35.0,3.0,23360.0,4,2,4,10.0,Potential Loyalists
C01044,2025-07-03,Male,39.0,Delhi,Delhi,Paid Ads,313.0,2.0,11225.0,1,2,2,5.0,Lost
C04726,2024-08-13,Male,21.0,Chandigarh,Chandigarh,Email,46.0,1.0,2736.0,4,2,1,7.0,Potential Loyalists
C01545,2024-07-16,Male,22.0,Lucknow,Uttar Pradesh,Email,35.0,1.0,6207.0,4,1,1,6.0,Potential Loyalists
C02737,2025-03-28,Male,47.0,Jaipur,Rajasthan,Social Media,31.0,4.0,18299.0,4,3,3,10.0,Loyal Customers
C03728,2024-08-02,Other,35.0,Mumbai,Maharashtra,Paid Ads,56.0,1.0,4368.0,3,1,1,5.0,Lost
C04630,2024-09-17,Male,30.0,Indore,Madhya Pradesh,Social Media,22.0,9.0,33426.0,5,5,4,14.0,Champions
C00054,2026-04-06,Male,31.0,Coimbatore,Tamil Nadu,Social Media,23.0,2.0,11604.0,5,2,2,9.0,Potential Loyalists
C01797,2026-03-20,Female,42.0,Guwahati,Assam,Email,136.0,7.0,40667.0,2,4,4,10.0,At Risk
C03589,2025-07-19,Male,35.0,Guwahati,Assam,Organic Search,310.0,5.0,12582.0,1,4,2,7.0,At Risk
C01912,2024-11-20,Female,42.0,Jaipur,Rajasthan,Social Media,62.0,1.0,1249.0,3,1,1,5.0,Lost
C02307,2025-02-22,Male,30.0,Ahmedabad,Gujarat,Paid Ads,,,,,,,,No Completed Purchase
C02554,2025-12-25,Female,26.0,Kanpur,Uttar Pradesh,Organic Search,208.0,4.0,30151.0,2,3,4,9.0,At Risk
C02801,2026-02-25,Male,27.0,Coimbatore,Tamil Nadu,Paid Ads,186.0,1.0,7645.0,2,1,2,5.0,Lost
C00937,2024-10-25,Male,30.0,Bengaluru,Karnataka,Paid Ads,459.0,7.0,48785.0,1,4,5,10.0,At Risk
C04544,2024-07-28,Female,31.0,Delhi,Delhi,Paid Ads,465.0,7.0,15279.0,1,4,3,8.0,At Risk
C00825,2025-10-07,Female,25.0,Nagpur,Maharashtra,Referral,236.0,2.0,14493.0,1,2,3,6.0,Lost
C04746,2024-10-17,Male,34.0,Lucknow,Unknown,Paid Ads,59.0,4.0,13711.0,3,3,3,9.0,Loyal Customers
C03179,2024-05-13,Female,42.0,Bhubaneswar,Odisha,Organic Search,45.0,4.0,5815.0,4,3,1,8.0,Loyal Customers
C03402,2024-06-25,Female,29.0,Ranchi,Jharkhand,Paid Ads,122.0,1.0,2019.0,2,1,1,4.0,Lost
C01390,2025-05-15,Male,36.0,Mysuru,Karnataka,Social Media,103.0,7.0,23539.0,3,4,4,11.0,Loyal Customers
C03565,2025-11-11,Male,31.0,Pune,Maharashtra,Organic Search,256.0,18.0,258565.0,1,5,5,11.0,At Risk
C04889,2025-06-27,Male,28.0,Mysuru,Karnataka,Organic Search,92.0,4.0,27239.0,3,3,4,10.0,Loyal Customers
C00885,2025-06-09,Female,38.0,Bhubaneswar,Odisha,Social Media,163.0,2.0,18972.0,2,2,3,7.0,Lost
C03827,2025-04-06,Male,18.0,Vijayawada,Andhra Pradesh,Paid Ads,362.0,3.0,14123.0,1,3,3,7.0,At Risk
C01608,2025-10-25,Female,42.0,Vijayawada,Unknown,Organic Search,122.0,9.0,81564.0,2,5,5,12.0,At Risk
C01595,2025-03-18,Female,25.0,Mysuru,Karnataka,Social Media,43.0,13.0,76119.0,4,5,5,14.0,Champions
C00772,2025-03-30,Female,30.0,Mysuru,Karnataka,Paid Ads,8.0,1.0,7108.0,5,1,2,8.0,Potential Loyalists
C02612,2025-05-06,Female,40.0,Noida,Uttar Pradesh,Organic Search,99.0,5.0,26208.0,3,4,4,11.0,Loyal Customers
C03876,2026-02-25,Female,48.0,Guwahati,Assam,Social Media,99.0,4.0,14301.0,3,3,3,9.0,Loyal Customers
C02274,2025-12-27,Male,23.0,Mumbai,Maharashtra,Organic Search,72.0,8.0,23357.0,3,5,4,12.0,Loyal Customers
C01869,2024-11-30,Male,18.0,Visakhapatnam,Andhra Pradesh,Social Media,142.0,4.0,15312.0,2,3,3,8.0,At Risk
C01086,2024-08-05,Female,50.0,Chennai,Tamil Nadu,Organic Search,171.0,8.0,25627.0,2,5,4,11.0,At Risk
C00011,2025-10-16,Female,46.0,Chandigarh,Chandigarh,Email,216.0,6.0,23711.0,1,4,4,9.0,At Risk
C03633,2025-05-04,Female,43.0,Mumbai,Maharashtra,Email,21.0,6.0,31125.0,5,4,4,13.0,Champions
C01326,2024-06-30,Male,31.0,Nagpur,Maharashtra,Email,9.0,3.0,13065.0,5,2,3,10.0,Potential Loyalists
C03391,2025-03-05,Female,37.0,Kochi,Kerala,Social Media,72.0,7.0,49539.0,3,4,5,12.0,Loyal Customers
C01464,2026-05-20,Female,38.0,Delhi,Delhi,Email,53.0,9.0,22607.0,4,5,3,12.0,Loyal Customers
C00807,2025-05-12,Male,22.0,Pune,Maharashtra,Paid Ads,235.0,1.0,4168.0,1,1,1,3.0,Lost
C04156,2024-11-29,Female,40.0,Jaipur,Rajasthan,Organic Search,63.0,4.0,51114.0,3,3,5,11.0,Loyal Customers
C04007,2026-01-31,Male,39.0,Vijayawada,Andhra Pradesh,Paid Ads,,,,,,,,No Completed Purchase
C03793,2025-12-14,Male,29.0,Ranchi,Jharkhand,Social Media,44.0,2.0,16002.0,4,2,3,9.0,Potential Loyalists
C02109,2025-10-15,Female,21.0,Ranchi,Jharkhand,Social Media,26.0,3.0,14423.0,5,2,3,10.0,Potential Loyalists
C04248,2025-10-20,Male,44.0,Surat,Gujarat,Social Media,269.0,1.0,6768.0,1,1,2,4.0,Lost
C04969,2024-12-26,Female,25.0,Surat,Gujarat,Referral,25.0,5.0,21828.0,5,4,3,12.0,Loyal Customers
C02235,2024-04-14,Male,31.0,Indore,Madhya Pradesh,Referral,365.0,1.0,1169.0,1,1,1,3.0,Lost
C03212,2026-01-10,Female,41.0,Nagpur,Maharashtra,Organic Search,208.0,4.0,25247.0,2,3,4,9.0,At Risk
C00964,2025-10-05,Unknown,32.0,Kanpur,Uttar Pradesh,Organic Search,275.0,3.0,10596.0,1,2,2,5.0,Lost
C03416,2026-01-08,Female,21.0,Pune,Maharashtra,Organic Search,11.0,9.0,39144.0,5,5,4,14.0,Champions
C03775,2025-03-15,Female,33.0,Indore,Madhya Pradesh,Paid Ads,316.0,4.0,57918.0,1,3,5,9.0,At Risk
C00399,2025-11-20,Female,35.0,Noida,Uttar Pradesh,Paid Ads,59.0,4.0,12095.0,3,3,2,8.0,Loyal Customers
C02633,2025-09-26,Male,28.0,Guwahati,Assam,Organic Search,94.0,11.0,148428.0,3,5,5,13.0,Loyal Customers
C04864,2026-04-13,Female,44.0,Udaipur,Rajasthan,Organic Search,55.0,1.0,12926.0,3,2,2,7.0,Lost
C02997,2025-08-20,Male,28.0,Kolkata,West Bengal,Organic Search,107.0,15.0,110883.0,3,5,5,13.0,Loyal Customers
C00705,2024-10-30,Other,32.0,Ranchi,Jharkhand,Paid Ads,49.0,2.0,1368.0,4,2,1,7.0,Potential Loyalists
C00432,2025-02-13,Unknown,43.0,Bengaluru,Karnataka,Social Media,28.0,12.0,146067.0,4,5,5,14.0,Champions
C00293,2026-06-05,Female,36.0,Kanpur,Uttar Pradesh,Paid Ads,50.0,2.0,6318.0,4,2,1,7.0,Potential Loyalists
C04880,2025-12-29,Male,45.0,Surat,Gujarat,Referral,192.0,15.0,44185.0,2,5,5,12.0,At Risk
C00146,2025-05-04,Female,27.0,Udaipur,Rajasthan,Email,381.0,6.0,67857.0,1,4,5,10.0,At Risk
C04158,2025-06-19,Female,18.0,Thiruvananthapuram,Kerala,Organic Search,7.0,7.0,21230.0,5,4,3,12.0,Loyal Customers
C02034,2025-10-07,Female,22.0,Visakhapatnam,Andhra Pradesh,Organic Search,151.0,2.0,8206.0,2,2,2,6.0,Lost
C04218,2025-08-15,Male,18.0,Surat,Gujarat,Social Media,7.0,3.0,33416.0,5,3,4,12.0,Loyal Customers
C01166,2025-10-30,Male,38.0,Delhi,Delhi,Paid Ads,103.0,4.0,15371.0,3,3,3,9.0,Loyal Customers
C03501,2026-01-04,Female,30.0,Nagpur,Maharashtra,Organic Search,95.0,2.0,3087.0,3,2,1,6.0,Lost
C02051,2026-01-29,Female,46.0,Bengaluru,Karnataka,Paid Ads,62.0,4.0,17333.0,3,3,3,9.0,Loyal Customers
C02625,2024-06-14,Male,32.0,Gurugram,Haryana,Paid Ads,19.0,8.0,25454.0,5,5,4,14.0,Champions
C04391,2025-10-22,Female,21.0,Bhubaneswar,Odisha,Social Media,72.0,5.0,38855.0,3,4,4,11.0,Loyal Customers
C00340,2024-12-09,Male,56.0,Faridabad,Haryana,Paid Ads,99.0,6.0,15061.0,3,4,3,10.0,Loyal Customers
C04699,2025-08-12,Male,41.0,Guwahati,Assam,Organic Search,326.0,2.0,16734.0,1,2,3,6.0,Lost
C03694,2026-02-24,Male,33.0,Jaipur,Rajasthan,Social Media,73.0,1.0,3288.0,3,1,1,5.0,Lost
C02974,2025-04-15,Female,26.0,Kochi,Kerala,Organic Search,125.0,4.0,7384.0,2,3,2,7.0,At Risk
C00266,2026-05-11,Male,36.0,Kochi,Kerala,Email,59.0,16.0,65072.0,3,5,5,13.0,Loyal Customers
C02425,2025-02-25,Male,55.0,Hyderabad,Telangana,Paid Ads,446.0,5.0,61577.0,1,4,5,10.0,At Risk
C01263,2026-05-29,Female,21.0,Visakhapatnam,Andhra Pradesh,Referral,18.0,2.0,11003.0,5,2,2,9.0,Potential Loyalists
C01772,2025-01-21,Male,29.0,Nagpur,Maharashtra,Paid Ads,238.0,1.0,11864.0,1,1,2,4.0,Lost
C03512,2025-06-28,Female,27.0,Nagpur,Maharashtra,Paid Ads,0.0,4.0,30256.0,5,3,4,12.0,Loyal Customers
C00272,2026-02-13,Female,18.0,Surat,Unknown,Email,7.0,4.0,12014.0,5,3,2,10.0,Loyal Customers
C00697,2025-02-21,Male,33.0,Bhopal,Madhya Pradesh,Referral,123.0,6.0,70747.0,2,4,5,11.0,At Risk
C00748,2026-04-17,Male,32.0,Chandigarh,Chandigarh,Email,63.0,7.0,52283.0,3,4,5,12.0,Loyal Customers
C00245,2025-03-12,Unknown,32.0,Surat,Gujarat,Organic Search,528.0,4.0,19133.0,1,3,3,7.0,At Risk
C00318,2026-03-14,Male,28.0,Delhi,Delhi,Organic Search,148.0,2.0,7637.0,2,2,2,6.0,Lost
C00477,2025-08-24,Male,39.0,Kanpur,Uttar Pradesh,Referral,164.0,5.0,17603.0,2,4,3,9.0,At Risk
C02033,2025-10-12,Male,21.0,Indore,Madhya Pradesh,Social Media,182.0,2.0,9235.0,2,2,2,6.0,Lost
C00958,2024-10-11,Female,31.0,Udaipur,Rajasthan,Paid Ads,592.0,11.0,56204.0,1,5,5,11.0,At Risk
C03838,2024-07-14,Female,51.0,Faridabad,Haryana,Referral,46.0,3.0,31944.0,4,3,4,11.0,Loyal Customers
C00814,2026-02-14,Unknown,42.0,Surat,Gujarat,Social Media,189.0,6.0,57136.0,2,4,5,11.0,At Risk
C04183,2024-07-28,Male,44.0,Ahmedabad,Gujarat,Organic Search,3.0,4.0,17120.0,5,3,3,11.0,Loyal Customers
C01915,2026-05-03,Male,28.0,Chandigarh,Chandigarh,Email,41.0,1.0,12206.0,4,1,2,7.0,Potential Loyalists
C04615,2026-02-27,Female,28.0,Chandigarh,Chandigarh,Paid Ads,185.0,14.0,96262.0,2,5,5,12.0,At Risk
C03488,2026-05-23,Other,21.0,Bhopal,Madhya Pradesh,Organic Search,72.0,2.0,11865.0,3,2,2,7.0,Lost
C01298,2026-01-03,Female,26.0,Bhubaneswar,Odisha,Paid Ads,67.0,2.0,6786.0,3,2,2,7.0,Lost
C04052,2025-05-29,Male,33.0,Delhi,Delhi,Paid Ads,24.0,1.0,4377.0,5,1,1,7.0,Potential Loyalists
C01805,2025-09-06,Other,34.0,Noida,Uttar Pradesh,Paid Ads,,,,,,,,No Completed Purchase
C00759,2025-02-19,Female,31.0,Thiruvananthapuram,Kerala,Paid Ads,541.0,2.0,2817.0,1,2,1,4.0,Lost
C00251,2025-09-20,Female,47.0,Guwahati,Assam,Referral,164.0,5.0,12321.0,2,4,2,8.0,At Risk
C02462,2026-07-07,Male,40.0,Nagpur,Maharashtra,Organic Search,105.0,5.0,17349.0,3,4,3,10.0,Loyal Customers
C00546,2025-04-15,Female,34.0,Indore,Madhya Pradesh,Organic Search,406.0,3.0,8645.0,1,2,2,5.0,Lost
C03242,2026-05-19,Male,48.0,Thiruvananthapuram,Kerala,Organic Search,73.0,7.0,78335.0,3,4,5,12.0,Loyal Customers
C00739,2025-05-17,Female,37.0,Mumbai,Maharashtra,Paid Ads,21.0,3.0,6966.0,5,2,2,9.0,Potential Loyalists
C00311,2024-11-13,Male,55.0,Vijayawada,Andhra Pradesh,Paid Ads,75.0,1.0,8917.0,3,1,2,6.0,Lost
C03802,2025-04-15,Unknown,40.0,Bhubaneswar,Odisha,Social Media,52.0,2.0,12055.0,4,2,2,8.0,Potential Loyalists
C02942,2024-09-21,Male,28.0,Noida,Uttar Pradesh,Social Media,22.0,15.0,58514.0,5,5,5,15.0,Champions
C01132,2024-09-11,Male,39.0,Kanpur,Uttar Pradesh,Social Media,333.0,5.0,32092.0,1,4,4,9.0,At Risk
C01450,2025-04-15,Male,29.0,Noida,Uttar Pradesh,Organic Search,205.0,17.0,65756.0,2,5,5,12.0,At Risk
C04932,2026-01-14,Male,27.0,Kolkata,West Bengal,Organic Search,82.0,3.0,47448.0,3,3,5,11.0,Loyal Customers
C00016,2024-10-25,Female,32.0,Coimbatore,Tamil Nadu,Organic Search,113.0,6.0,33739.0,3,4,4,11.0,Loyal Customers
C03233,2025-01-28,Male,20.0,Ahmedabad,Gujarat,Organic Search,364.0,3.0,19909.0,1,3,3,7.0,At Risk
C02770,2024-06-05,Female,39.0,Mumbai,Maharashtra,Organic Search,185.0,2.0,8815.0,2,2,2,6.0,Lost
C03469,2025-11-01,Female,23.0,Gurugram,Haryana,Email,121.0,1.0,5508.0,2,1,1,4.0,Lost
C00921,2025-07-08,Male,31.0,Chandigarh,Chandigarh,Referral,7.0,2.0,17542.0,5,2,3,10.0,Potential Loyalists
C03030,2024-07-26,Male,39.0,Delhi,Delhi,Paid Ads,51.0,7.0,23887.0,4,4,4,12.0,Champions
C01373,2025-06-01,Female,31.0,Guwahati,Assam,Email,448.0,2.0,15145.0,1,2,3,6.0,Lost
C03588,2026-02-08,Other,36.0,Kanpur,Uttar Pradesh,Paid Ads,36.0,10.0,70553.0,4,5,5,14.0,Champions
C02545,2025-04-26,Female,31.0,Thiruvananthapuram,Unknown,Social Media,28.0,6.0,19801.0,4,4,3,11.0,Loyal Customers
C03599,2025-01-29,Female,29.0,Vijayawada,Andhra Pradesh,Referral,268.0,1.0,2449.0,1,1,1,3.0,Lost
C00039,2026-05-03,Male,18.0,Gurugram,Haryana,Social Media,171.0,15.0,50775.0,2,5,5,12.0,At Risk
C00364,2026-05-19,Female,18.0,Kochi,Kerala,Email,111.0,4.0,16734.0,3,3,3,9.0,Loyal Customers
C04113,2024-06-19,Female,39.0,Visakhapatnam,Andhra Pradesh,Organic Search,155.0,5.0,26699.0,2,4,4,10.0,At Risk
C00183,2025-05-06,Female,35.0,Faridabad,Haryana,Organic Search,250.0,2.0,31593.0,1,2,4,7.0,Lost
C03034,2026-05-10,Female,32.0,Ahmedabad,Gujarat,Social Media,14.0,11.0,39415.0,5,5,4,14.0,Champions
C02984,2026-04-17,Male,36.0,Visakhapatnam,Andhra Pradesh,Social Media,27.0,4.0,29046.0,5,3,4,12.0,Loyal Customers
C01195,2024-11-29,Female,29.0,Gurugram,Haryana,Organic Search,504.0,14.0,44117.0,1,5,5,11.0,At Risk
C02853,2025-01-19,Male,23.0,Vijayawada,Andhra Pradesh,Referral,6.0,7.0,76869.0,5,4,5,14.0,Champions
C03788,2026-06-17,Male,25.0,Bengaluru,Karnataka,Organic Search,56.0,2.0,16053.0,3,2,3,8.0,Lost
C01122,2024-05-18,Male,18.0,Ranchi,Jharkhand,Email,109.0,7.0,25750.0,3,4,4,11.0,Loyal Customers
C02236,2025-03-23,Female,30.0,Mysuru,Unknown,Organic Search,48.0,6.0,45341.0,4,4,5,13.0,Champions
C02668,2025-07-18,Female,36.0,Faridabad,Haryana,Organic Search,343.0,1.0,2208.0,1,1,1,3.0,Lost
C03721,2025-02-01,Female,45.0,Thiruvananthapuram,Kerala,Paid Ads,,,,,,,,No Completed Purchase
C03224,2026-03-18,Other,37.0,Patna,Bihar,Organic Search,66.0,3.0,8346.0,3,3,2,8.0,Loyal Customers
C01183,2025-08-25,Male,28.0,Coimbatore,Tamil Nadu,Email,48.0,2.0,9204.0,4,2,2,8.0,Potential Loyalists
C04196,2025-06-10,Female,37.0,Surat,Gujarat,Social Media,37.0,1.0,20492.0,4,1,3,8.0,Potential Loyalists
C04306,2026-01-27,Male,40.0,Ahmedabad,Gujarat,Paid Ads,13.0,1.0,3088.0,5,1,1,7.0,Potential Loyalists
C00615,2026-06-07,Male,31.0,Delhi,Delhi,Social Media,23.0,5.0,60009.0,5,4,5,14.0,Champions
C04921,2026-01-31,Unknown,45.0,Thiruvananthapuram,Kerala,Referral,209.0,11.0,52204.0,2,5,5,12.0,At Risk
C01467,2026-06-17,Male,30.0,Bhopal,Madhya Pradesh,Organic Search,3.0,3.0,16199.0,5,2,3,10.0,Potential Loyalists
C00402,2025-02-07,Male,21.0,Ranchi,Jharkhand,Organic Search,,,,,,,,No Completed Purchase
C03043,2026-07-23,Male,30.0,Vijayawada,Andhra Pradesh,Organic Search,11.0,14.0,40868.0,5,5,4,14.0,Champions
C00935,2025-07-25,Male,26.0,Hyderabad,Telangana,Email,190.0,8.0,23217.0,2,5,4,11.0,At Risk
C02420,2025-07-04,Female,32.0,Kochi,Kerala,Social Media,299.0,2.0,20014.0,1,2,3,6.0,Lost
C04051,2024-08-28,Male,46.0,Thiruvananthapuram,Kerala,Paid Ads,69.0,3.0,19973.0,3,3,3,9.0,Loyal Customers
C04527,2024-08-05,Female,31.0,Bengaluru,Karnataka,Email,40.0,4.0,50794.0,4,3,5,12.0,Loyal Customers
C02642,2025-04-21,Male,23.0,Chennai,Tamil Nadu,Social Media,461.0,5.0,39494.0,1,4,4,9.0,At Risk
C04039,2026-01-26,Male,18.0,Jaipur,Rajasthan,Organic Search,51.0,4.0,12683.0,4,3,2,9.0,Loyal Customers
C00727,2024-11-06,Male,32.0,Lucknow,Uttar Pradesh,Paid Ads,141.0,1.0,469.0,2,1,1,4.0,Lost
C00827,2025-10-28,Female,29.0,Thiruvananthapuram,Kerala,Paid Ads,48.0,1.0,7727.0,4,1,2,7.0,Potential Loyalists
C01522,2024-07-01,Male,27.0,Nagpur,Maharashtra,Organic Search,54.0,7.0,23248.0,4,4,4,12.0,Champions
C04757,2024-10-24,Female,48.0,Mumbai,Maharashtra,Referral,480.0,3.0,5625.0,1,3,1,5.0,At Risk
C02931,2026-06-17,Female,39.0,Patna,Bihar,Social Media,37.0,3.0,19373.0,4,3,3,10.0,Loyal Customers
C00137,2026-04-16,Male,38.0,Bhubaneswar,Odisha,Organic Search,,,,,,,,No Completed Purchase
C03591,2025-10-31,Female,28.0,Chandigarh,Chandigarh,Organic Search,196.0,1.0,5617.0,2,1,1,4.0,Lost
C00629,2026-02-15,Male,18.0,Kochi,Kerala,Paid Ads,182.0,6.0,24448.0,2,4,4,10.0,At Risk
C00335,2026-02-21,Male,18.0,Pune,Maharashtra,Referral,11.0,4.0,37304.0,5,3,4,12.0,Loyal Customers
C00391,2025-01-08,Female,25.0,Patna,Bihar,Paid Ads,410.0,1.0,2858.0,1,1,1,3.0,Lost
C04400,2024-09-10,Male,19.0,Lucknow,Uttar Pradesh,Paid Ads,403.0,2.0,2867.0,1,2,1,4.0,Lost
C04936,2025-12-19,Female,28.0,Jaipur,Rajasthan,Social Media,16.0,6.0,25017.0,5,4,4,13.0,Champions
C03854,2025-02-10,Female,30.0,Indore,Madhya Pradesh,Email,162.0,1.0,1757.0,2,1,1,4.0,Lost
C01818,2025-10-03,Female,39.0,Chennai,Tamil Nadu,Organic Search,235.0,1.0,4755.0,1,1,1,3.0,Lost
C00401,2025-12-17,Male,43.0,Surat,Gujarat,Organic Search,52.0,5.0,22229.0,4,4,3,11.0,Loyal Customers
C00711,2024-10-05,Female,46.0,Bengaluru,Karnataka,Paid Ads,88.0,6.0,66520.0,3,4,5,12.0,Loyal Customers
C01040,2026-02-04,Female,18.0,Surat,Gujarat,Paid Ads,25.0,2.0,4298.0,5,2,1,8.0,Potential Loyalists
C04011,2026-01-15,Male,27.0,Udaipur,Rajasthan,Email,,,,,,,,No Completed Purchase
C03360,2025-09-18,Female,39.0,Udaipur,Rajasthan,Referral,44.0,1.0,4767.0,4,1,1,6.0,Potential Loyalists
C00047,2025-08-01,Male,42.0,Thiruvananthapuram,Kerala,Paid Ads,34.0,11.0,46908.0,4,5,5,14.0,Champions
C01562,2026-03-15,Female,35.0,Bhubaneswar,Odisha,Social Media,104.0,4.0,15684.0,3,3,3,9.0,Loyal Customers
C04812,2025-10-15,Female,26.0,Kanpur,Uttar Pradesh,Paid Ads,44.0,1.0,7796.0,4,2,2,8.0,Potential Loyalists
C03643,2024-08-31,Female,32.0,Ahmedabad,Gujarat,Social Media,164.0,4.0,26784.0,2,3,4,9.0,At Risk
C03727,2025-12-04,Female,43.0,Lucknow,Uttar Pradesh,Paid Ads,111.0,4.0,18287.0,3,3,3,9.0,Loyal Customers
C04856,2025-09-15,Female,30.0,Kolkata,West Bengal,Social Media,275.0,10.0,69735.0,1,5,5,11.0,At Risk
C01113,2025-10-11,Female,37.0,Gurugram,Haryana,Organic Search,81.0,3.0,6666.0,3,2,2,7.0,Lost
C02514,2024-12-11,Other,27.0,Udaipur,Rajasthan,Referral,11.0,1.0,14396.0,5,1,3,9.0,Potential Loyalists
C03609,2025-08-12,Male,41.0,Chandigarh,Chandigarh,Paid Ads,208.0,3.0,12939.0,2,3,2,7.0,At Risk
C01224,2025-08-30,Male,20.0,Patna,Bihar,Paid Ads,15.0,16.0,196674.0,5,5,5,15.0,Champions
C04082,2025-03-24,Female,30.0,Lucknow,Uttar Pradesh,Paid Ads,510.0,1.0,359.0,1,1,1,3.0,Lost
C03024,2026-07-12,Female,25.0,Kolkata,West Bengal,Social Media,24.0,2.0,12264.0,5,2,2,9.0,Potential Loyalists
C02422,2024-09-07,Female,32.0,Noida,Uttar Pradesh,Paid Ads,327.0,1.0,279.0,1,1,1,3.0,Lost
C01509,2025-07-08,Unknown,31.0,Gurugram,Haryana,Paid Ads,248.0,8.0,46413.0,1,5,5,11.0,At Risk
C01751,2025-07-28,Male,30.0,Bhubaneswar,Odisha,Social Media,327.0,3.0,14161.0,1,2,3,6.0,Lost
C04850,2026-01-02,Male,42.0,Nagpur,Maharashtra,Social Media,108.0,4.0,21334.0,3,3,3,9.0,Loyal Customers
C04592,2025-01-19,Male,29.0,Guwahati,Assam,Paid Ads,46.0,3.0,5336.0,4,3,1,8.0,Loyal Customers
C01800,2024-11-08,Unknown,39.0,Udaipur,Rajasthan,Organic Search,454.0,2.0,8456.0,1,2,2,5.0,Lost
C00339,2024-06-04,Female,29.0,Noida,Uttar Pradesh,Paid Ads,426.0,6.0,46504.0,1,4,5,10.0,At Risk
C00216,2025-01-22,Female,39.0,Jaipur,Rajasthan,Email,164.0,13.0,51894.0,2,5,5,12.0,At Risk
C03664,2026-03-14,Male,24.0,Kolkata,West Bengal,Organic Search,135.0,5.0,15101.0,2,4,3,9.0,At Risk
C01342,2024-06-23,Other,37.0,Faridabad,Haryana,Paid Ads,,,,,,,,No Completed Purchase
C00012,2025-01-10,Male,35.0,Gurugram,Haryana,Referral,346.0,3.0,22361.0,1,2,3,6.0,Lost
C01521,2026-02-05,Female,24.0,Kanpur,Uttar Pradesh,Paid Ads,136.0,14.0,49080.0,2,5,5,12.0,At Risk
C03641,2025-09-11,Male,25.0,Kochi,Kerala,Paid Ads,338.0,4.0,13232.0,1,3,3,7.0,At Risk
C03959,2025-09-05,Male,40.0,Guwahati,Assam,Paid Ads,274.0,10.0,34793.0,1,5,4,10.0,At Risk
C03797,2025-10-15,Female,43.0,Udaipur,Rajasthan,Organic Search,19.0,3.0,12114.0,5,3,2,10.0,Loyal Customers
C03005,2025-07-25,Male,25.0,Bhubaneswar,Odisha,Paid Ads,2.0,3.0,11015.0,5,3,2,10.0,Loyal Customers
C02865,2024-05-17,Male,27.0,Vijayawada,Andhra Pradesh,Organic Search,60.0,3.0,7774.0,3,3,2,8.0,Loyal Customers
C03116,2026-03-05,Male,25.0,Chandigarh,Chandigarh,Paid Ads,159.0,1.0,12186.0,2,1,2,5.0,Lost
C04853,2025-09-13,Male,42.0,Jaipur,Rajasthan,Paid Ads,41.0,1.0,11076.0,4,2,2,8.0,Potential Loyalists
C02323,2026-05-03,Male,22.0,Noida,Uttar Pradesh,Social Media,32.0,3.0,34541.0,4,3,4,11.0,Loyal Customers
C02572,2025-12-11,Female,29.0,Thiruvananthapuram,Kerala,Referral,203.0,8.0,70908.0,2,5,5,12.0,At Risk
C02914,2026-01-13,Female,29.0,Delhi,Delhi,Email,36.0,4.0,34997.0,4,3,4,11.0,Loyal Customers
C00102,2024-09-30,Female,43.0,Bhopal,Madhya Pradesh,Social Media,27.0,7.0,83304.0,5,4,5,14.0,Champions
C03550,2024-10-24,Female,24.0,Bhopal,Madhya Pradesh,Referral,60.0,1.0,12563.0,3,1,2,6.0,Lost
C01459,2026-04-25,Male,38.0,Surat,Gujarat,Referral,67.0,15.0,49048.0,3,5,5,13.0,Loyal Customers
C00172,2024-12-10,Female,37.0,Kanpur,Uttar Pradesh,Organic Search,142.0,5.0,14043.0,2,3,3,8.0,At Risk
C00108,2024-09-09,Female,34.0,Kolkata,West Bengal,Social Media,10.0,3.0,36732.0,5,2,4,11.0,Potential Loyalists
C04208,2026-03-13,Male,21.0,Mysuru,Karnataka,Paid Ads,97.0,2.0,19327.0,3,2,3,8.0,Lost
C03570,2025-06-06,Female,25.0,Kolkata,West Bengal,Paid Ads,142.0,2.0,6406.0,2,2,1,5.0,Lost
C00714,2025-11-03,Male,18.0,Bengaluru,Karnataka,Paid Ads,49.0,8.0,55934.0,4,4,5,13.0,Champions
C04308,2024-12-01,Female,18.0,Hyderabad,Telangana,Social Media,8.0,9.0,22017.0,5,5,3,13.0,Loyal Customers
C04085,2024-07-16,Female,29.0,Mysuru,Karnataka,Email,51.0,3.0,27428.0,4,3,4,11.0,Loyal Customers
C03883,2024-12-01,Female,36.0,Delhi,Delhi,Paid Ads,8.0,1.0,4378.0,5,1,1,7.0,Potential Loyalists
C04134,2024-12-15,Male,36.0,Thiruvananthapuram,Kerala,Social Media,442.0,2.0,7666.0,1,2,2,5.0,Lost
C04092,2025-03-12,Female,29.0,Hyderabad,Telangana,Email,142.0,1.0,2336.0,2,1,1,4.0,Lost
C00061,2025-01-09,Male,23.0,Visakhapatnam,Andhra Pradesh,Organic Search,121.0,11.0,33899.0,2,5,4,11.0,At Risk
C01241,2024-09-26,Male,36.0,Lucknow,Uttar Pradesh,Social Media,107.0,1.0,9536.0,3,1,2,6.0,Lost
C04650,2024-09-16,Male,18.0,Guwahati,Assam,Organic Search,3.0,3.0,3845.0,5,3,1,9.0,Loyal Customers
C01041,2025-03-16,Male,52.0,Lucknow,Uttar Pradesh,Paid Ads,106.0,2.0,9045.0,3,2,2,7.0,Lost
C04199,2024-05-16,Male,28.0,Bhubaneswar,Odisha,Social Media,406.0,10.0,82101.0,1,5,5,11.0,At Risk
C02761,2025-06-07,Female,20.0,Bhopal,Madhya Pradesh,Paid Ads,57.0,4.0,30318.0,3,3,4,10.0,Loyal Customers
C02121,2025-09-22,Male,25.0,Nagpur,Maharashtra,Paid Ads,28.0,4.0,38193.0,4,3,4,11.0,Loyal Customers
C01525,2025-05-19,Female,24.0,Patna,Bihar,Paid Ads,53.0,1.0,5016.0,4,1,1,6.0,Potential Loyalists
C03522,2025-08-18,Female,46.0,Noida,Uttar Pradesh,Email,49.0,3.0,28809.0,4,3,4,11.0,Loyal Customers
C00154,2026-02-24,Unknown,28.0,Vijayawada,Andhra Pradesh,Paid Ads,172.0,7.0,22128.0,2,4,3,9.0,At Risk
C02249,2026-06-20,Male,18.0,Udaipur,Rajasthan,Email,31.0,14.0,40157.0,4,5,4,13.0,Champions
C00482,2025-09-24,Male,35.0,Vijayawada,Andhra Pradesh,Paid Ads,172.0,4.0,46361.0,2,3,5,10.0,At Risk
C04245,2026-02-23,Female,21.0,Kochi,Kerala,Email,153.0,4.0,61839.0,2,3,5,10.0,At Risk
C04318,2025-07-02,Female,30.0,Surat,Gujarat,Social Media,8.0,16.0,53635.0,5,5,5,15.0,Champions
C03579,2026-02-23,Female,28.0,Hyderabad,Telangana,Organic Search,188.0,4.0,12514.0,2,3,2,7.0,At Risk
C04441,2025-04-12,Female,38.0,Faridabad,Haryana,Social Media,28.0,4.0,19202.0,4,3,3,10.0,Loyal Customers
C03563,2024-09-01,Male,40.0,Kolkata,West Bengal,Email,51.0,1.0,1679.0,4,1,1,6.0,Potential Loyalists
C03316,2025-07-20,Female,33.0,Nagpur,Maharashtra,Social Media,213.0,4.0,19830.0,1,3,3,7.0,At Risk
C01763,2024-06-01,Female,25.0,Noida,Uttar Pradesh,Paid Ads,60.0,5.0,11402.0,3,4,2,9.0,Loyal Customers
C03539,2024-11-29,Male,45.0,Udaipur,Rajasthan,Paid Ads,456.0,13.0,35455.0,1,5,4,10.0,At Risk
C04816,2024-08-12,Other,24.0,Delhi,Delhi,Social Media,294.0,5.0,12032.0,1,4,2,7.0,At Risk
C00751,2026-05-20,Female,18.0,Coimbatore,Tamil Nadu,Paid Ads,102.0,13.0,162962.0,3,5,5,13.0,Loyal Customers
C03620,2026-02-06,Female,28.0,Indore,Madhya Pradesh,Paid Ads,206.0,1.0,14536.0,2,1,3,6.0,Lost
C01786,2026-03-05,Male,19.0,Kanpur,Uttar Pradesh,Paid Ads,,,,,,,,No Completed Purchase
C04825,2025-11-14,Female,55.0,Coimbatore,Tamil Nadu,Organic Search,221.0,3.0,10565.0,1,3,2,6.0,At Risk
C03384,2024-08-17,Male,18.0,Kochi,Kerala,Paid Ads,48.0,16.0,71167.0,4,5,5,14.0,Champions
C04150,2024-09-30,Male,25.0,Jaipur,Rajasthan,Organic Search,,,,,,,,No Completed Purchase
C00406,2024-10-07,Female,22.0,Mysuru,Karnataka,Social Media,12.0,3.0,10314.0,5,2,2,9.0,Potential Loyalists
C00758,2025-11-12,Male,49.0,Jaipur,Rajasthan,Social Media,132.0,4.0,5315.0,2,3,1,6.0,At Risk
C02712,2025-03-24,Female,21.0,Udaipur,Rajasthan,Email,54.0,1.0,2307.0,4,1,1,6.0,Potential Loyalists
C02671,2025-07-19,Female,52.0,Pune,Maharashtra,Paid Ads,72.0,1.0,7646.0,3,1,2,6.0,Lost
C04005,2025-07-02,Male,38.0,Faridabad,Haryana,Social Media,61.0,1.0,469.0,3,1,1,5.0,Lost
C00098,2025-09-30,Female,29.0,Chandigarh,Chandigarh,Social Media,8.0,3.0,15090.0,5,2,3,10.0,Potential Loyalists
C01334,2025-09-03,Male,29.0,Delhi,Delhi,Paid Ads,0.0,2.0,19717.0,5,2,3,10.0,Potential Loyalists
C04464,2024-12-19,Female,21.0,Bengaluru,Karnataka,Social Media,110.0,2.0,11656.0,3,2,2,7.0,Lost
C02792,2025-05-26,Female,37.0,Nagpur,Maharashtra,Social Media,12.0,6.0,21059.0,5,4,3,12.0,Loyal Customers
C02855,2025-12-11,Male,44.0,Kanpur,Uttar Pradesh,Paid Ads,24.0,5.0,30954.0,5,4,4,13.0,Champions
C00187,2025-04-12,Female,36.0,Lucknow,Uttar Pradesh,Email,42.0,3.0,25039.0,4,2,4,10.0,Potential Loyalists
C04025,2026-03-21,Male,34.0,Hyderabad,Telangana,Social Media,29.0,4.0,16412.0,4,3,3,10.0,Loyal Customers
C02724,2026-03-06,Male,39.0,Kanpur,Uttar Pradesh,Organic Search,38.0,5.0,13943.0,4,4,3,11.0,Loyal Customers
C03584,2025-01-25,Female,34.0,Ahmedabad,Gujarat,Social Media,18.0,1.0,9626.0,5,1,2,8.0,Potential Loyalists
C02059,2025-12-08,Male,34.0,Coimbatore,Tamil Nadu,Social Media,131.0,15.0,53837.0,2,5,5,12.0,At Risk
C01320,2025-09-27,Male,30.0,Patna,Bihar,Paid Ads,185.0,6.0,12970.0,2,4,2,8.0,At Risk
C00149,2025-04-19,Male,39.0,Gurugram,Haryana,Organic Search,493.0,3.0,14912.0,1,2,3,6.0,Lost
C00029,2025-03-11,Female,28.0,Guwahati,Assam,Social Media,22.0,5.0,20503.0,5,3,3,11.0,Loyal Customers
C04152,2026-01-23,Male,45.0,Kochi,Kerala,Organic Search,176.0,3.0,8216.0,2,3,2,7.0,At Risk
C04031,2025-10-09,Female,37.0,Kanpur,Uttar Pradesh,Referral,22.0,8.0,29605.0,5,5,4,14.0,Champions
C03364,2025-11-04,Female,32.0,Nagpur,Maharashtra,Email,259.0,2.0,9175.0,1,2,2,5.0,Lost
C00693,2025-06-27,Male,21.0,Kochi,Kerala,Email,11.0,11.0,75523.0,5,5,5,15.0,Champions
C02867,2026-01-05,Female,29.0,Jaipur,Rajasthan,Organic Search,161.0,1.0,1408.0,2,1,1,4.0,Lost
C03777,2025-09-01,Male,32.0,Bhopal,Unknown,Referral,132.0,6.0,21849.0,2,4,3,9.0,At Risk
C01387,2025-01-08,Male,37.0,Indore,Madhya Pradesh,Referral,54.0,2.0,8716.0,4,2,2,8.0,Potential Loyalists
C01846,2025-11-06,Male,29.0,Ahmedabad,Gujarat,Referral,216.0,3.0,16213.0,1,2,3,6.0,Lost
C04743,2026-04-21,Male,54.0,Patna,Bihar,Paid Ads,83.0,2.0,4828.0,3,2,1,6.0,Lost
C00130,2025-09-19,Female,27.0,Kochi,Kerala,Referral,195.0,4.0,9556.0,2,3,2,7.0,At Risk
C01600,2025-09-12,Female,28.0,Chandigarh,Chandigarh,Social Media,113.0,8.0,28305.0,3,5,4,12.0,Loyal Customers
C03630,2025-06-03,Female,20.0,Mumbai,Maharashtra,Paid Ads,426.0,5.0,11184.0,1,4,2,7.0,At Risk
C04516,2025-11-12,Female,22.0,Nagpur,Unknown,Email,181.0,7.0,17738.0,2,4,3,9.0,At Risk
C00702,2024-03-09,Male,32.0,Visakhapatnam,Andhra Pradesh,Social Media,265.0,3.0,11612.0,1,2,2,5.0,Lost
C04004,2025-12-27,Female,34.0,Mumbai,Maharashtra,Paid Ads,50.0,5.0,10404.0,4,4,2,10.0,Loyal Customers
C03029,2025-12-03,Male,42.0,Lucknow,Uttar Pradesh,Paid Ads,207.0,5.0,15033.0,2,4,3,9.0,At Risk
C02970,2026-01-19,Female,30.0,Surat,Gujarat,Social Media,128.0,9.0,51545.0,2,5,5,12.0,At Risk
C01709,2026-06-14,Male,29.0,Nagpur,Maharashtra,Paid Ads,77.0,17.0,51736.0,3,5,5,13.0,Loyal Customers
C02954,2026-06-22,Male,41.0,Mysuru,Karnataka,Paid Ads,2.0,7.0,19376.0,5,4,3,12.0,Loyal Customers
C00455,2025-03-11,Other,39.0,Jaipur,Rajasthan,Social Media,168.0,1.0,6978.0,2,1,2,5.0,Lost
C02869,2025-12-11,Male,27.0,Pune,Maharashtra,Referral,1.0,4.0,19111.0,5,3,3,11.0,Loyal Customers
C02041,2026-02-21,Male,27.0,Mysuru,Karnataka,Organic Search,103.0,3.0,7403.0,3,2,2,7.0,Lost
C01773,2024-08-18,Male,25.0,Surat,Gujarat,Social Media,20.0,3.0,34301.0,5,2,4,11.0,Potential Loyalists
C02316,2025-08-25,Unknown,42.0,Guwahati,Assam,Social Media,41.0,3.0,16154.0,4,2,3,9.0,Potential Loyalists
C00610,2025-09-03,Female,21.0,Coimbatore,Tamil Nadu,Social Media,53.0,6.0,31401.0,4,4,4,12.0,Champions
C00168,2024-02-03,Male,22.0,Hyderabad,Telangana,Social Media,91.0,13.0,147439.0,3,5,5,13.0,Loyal Customers
C00731,2026-07-24,Male,32.0,Indore,Madhya Pradesh,Paid Ads,11.0,3.0,22869.0,5,2,4,11.0,Potential Loyalists
C04261,2026-03-05,Male,18.0,Patna,Bihar,Referral,179.0,1.0,11436.0,2,1,2,5.0,Lost
C03359,2026-02-08,Male,40.0,Noida,Uttar Pradesh,Paid Ads,101.0,1.0,3398.0,3,1,1,5.0,Lost
C02075,2025-03-29,Male,47.0,Kanpur,Uttar Pradesh,Paid Ads,11.0,1.0,5377.0,5,1,1,7.0,Potential Loyalists
C04061,2025-04-09,Unknown,29.0,Hyderabad,Telangana,Organic Search,,,,,,,,No Completed Purchase
C03701,2026-03-08,Female,31.0,Noida,Uttar Pradesh,Organic Search,73.0,11.0,33083.0,3,5,4,12.0,Loyal Customers
C01623,2025-01-19,Female,52.0,Thiruvananthapuram,Kerala,Organic Search,15.0,4.0,17311.0,5,3,3,11.0,Loyal Customers
C00588,2025-02-22,Female,27.0,Nagpur,Maharashtra,Paid Ads,29.0,5.0,20741.0,4,4,3,11.0,Loyal Customers
C01402,2024-10-22,Other,29.0,Indore,Madhya Pradesh,Referral,0.0,4.0,11812.0,5,3,2,10.0,Loyal Customers
C03046,2026-07-04,Female,41.0,Chennai,Tamil Nadu,Organic Search,19.0,4.0,24673.0,5,3,4,12.0,Loyal Customers
C03225,2026-05-08,Male,34.0,Udaipur,Rajasthan,Paid Ads,119.0,6.0,54783.0,2,4,5,11.0,At Risk
C01701,2024-07-07,Female,27.0,Chennai,Tamil Nadu,Social Media,67.0,10.0,20875.0,3,5,3,11.0,Loyal Customers
C03089,2026-03-11,Unknown,20.0,Patna,Bihar,Social Media,159.0,1.0,6376.0,2,1,1,4.0,Lost
C04403,2026-04-30,Female,24.0,Bhubaneswar,Odisha,Referral,93.0,10.0,56107.0,3,5,5,13.0,Loyal Customers
C02982,2026-05-16,Female,26.0,Faridabad,Haryana,Organic Search,50.0,3.0,22353.0,4,3,3,10.0,Loyal Customers
C00041,2025-03-12,Male,31.0,Kanpur,Uttar Pradesh,Paid Ads,6.0,2.0,22836.0,5,2,3,10.0,Potential Loyalists
C01380,2025-07-21,Female,18.0,Patna,Bihar,Referral,309.0,15.0,43773.0,1,5,5,11.0,At Risk
C02090,2026-03-19,Male,29.0,Bhopal,Madhya Pradesh,Email,111.0,4.0,20958.0,3,3,3,9.0,Loyal Customers
C02176,2025-10-17,Male,18.0,Nagpur,Maharashtra,Referral,,,,,,,,No Completed Purchase
C03218,2024-06-17,Male,37.0,Mysuru,Karnataka,Referral,293.0,4.0,21936.0,1,3,3,7.0,At Risk
C02886,2026-05-23,Male,31.0,Indore,Madhya Pradesh,Organic Search,132.0,5.0,23352.0,2,4,4,10.0,At Risk
C00075,2026-07-21,Female,26.0,Kanpur,Uttar Pradesh,Paid Ads,29.0,4.0,21748.0,4,3,3,10.0,Loyal Customers
C03931,2025-10-31,Male,51.0,Faridabad,Haryana,Social Media,219.0,4.0,15361.0,1,3,3,7.0,At Risk
C03912,2026-05-13,Female,32.0,Surat,Gujarat,Referral,12.0,6.0,16288.0,5,4,3,12.0,Loyal Customers
C02658,2025-08-19,Male,25.0,Delhi,Delhi,Paid Ads,,,,,,,,No Completed Purchase
C03181,2026-03-18,Female,22.0,Guwahati,Assam,Paid Ads,11.0,2.0,10544.0,5,2,2,9.0,Potential Loyalists
C02077,2024-08-11,Male,21.0,Jaipur,Rajasthan,Paid Ads,28.0,7.0,14711.0,4,4,3,11.0,Loyal Customers
C00442,2025-08-27,Other,32.0,Faridabad,Haryana,Organic Search,210.0,6.0,14600.0,2,4,3,9.0,At Risk
C04073,2025-04-06,Male,18.0,Jaipur,Rajasthan,Paid Ads,,,,,,,,No Completed Purchase
C02052,2025-06-09,Male,22.0,Udaipur,Rajasthan,Organic Search,384.0,7.0,19830.0,1,4,3,8.0,At Risk
C02542,2026-02-27,Male,38.0,Kanpur,Uttar Pradesh,Paid Ads,33.0,4.0,11356.0,4,3,2,9.0,Loyal Customers
C03307,2025-06-23,Unknown,38.0,Delhi,Delhi,Referral,434.0,2.0,7456.0,1,2,2,5.0,Lost
C01302,2025-05-04,Male,36.0,Indore,Madhya Pradesh,Organic Search,194.0,4.0,23890.0,2,3,4,9.0,At Risk
C01782,2025-03-02,Male,25.0,Chennai,Tamil Nadu,Social Media,157.0,9.0,51380.0,2,5,5,12.0,At Risk
C04827,2025-10-23,Female,26.0,Bhubaneswar,Odisha,Social Media,197.0,3.0,16939.0,2,3,3,8.0,At Risk
C03431,2025-04-04,Male,38.0,Ranchi,Jharkhand,Paid Ads,48.0,7.0,26887.0,4,4,4,12.0,Champions
C01305,2025-07-11,Male,33.0,Kolkata,West Bengal,Paid Ads,31.0,2.0,10945.0,4,2,2,8.0,Potential Loyalists
C00237,2025-08-04,Male,36.0,Ahmedabad,Gujarat,Organic Search,311.0,7.0,25727.0,1,4,4,9.0,At Risk
C02600,2025-09-27,Male,27.0,Coimbatore,Tamil Nadu,Paid Ads,33.0,1.0,12093.0,4,1,2,7.0,Potential Loyalists
C00521,2025-07-24,Female,26.0,Bhubaneswar,Odisha,Organic Search,34.0,11.0,36510.0,4,5,4,13.0,Champions
C02574,2025-01-02,Female,37.0,Thiruvananthapuram,Kerala,Paid Ads,109.0,9.0,23366.0,3,5,4,12.0,Loyal Customers
C03281,2025-01-10,Female,29.0,Chennai,Tamil Nadu,Organic Search,54.0,6.0,59302.0,4,4,5,13.0,Champions
C03187,2025-08-05,Male,40.0,Mumbai,Maharashtra,Social Media,124.0,1.0,3838.0,2,1,1,4.0,Lost
C02769,2025-09-19,Male,22.0,Mumbai,Maharashtra,Organic Search,68.0,2.0,6966.0,3,2,2,7.0,Lost
C00736,2025-01-28,Female,21.0,Visakhapatnam,Andhra Pradesh,Paid Ads,362.0,10.0,70943.0,1,5,5,11.0,At Risk
C04716,2026-03-08,Female,28.0,Thiruvananthapuram,Kerala,Social Media,56.0,6.0,23799.0,3,4,4,11.0,Loyal Customers
C04942,2026-05-10,Male,42.0,Bengaluru,Karnataka,Social Media,98.0,3.0,12164.0,3,3,2,8.0,Loyal Customers
C02107,2024-12-20,Male,18.0,Kolkata,West Bengal,Organic Search,229.0,2.0,20739.0,1,2,3,6.0,Lost
C02680,2025-08-30,Female,31.0,Ahmedabad,Gujarat,Email,153.0,3.0,16224.0,2,3,3,8.0,At Risk
C03230,2024-12-21,Male,18.0,Guwahati,Assam,Organic Search,265.0,8.0,24584.0,1,5,4,10.0,At Risk
C02762,2026-03-29,Male,31.0,Kolkata,West Bengal,Organic Search,57.0,2.0,8127.0,3,2,2,7.0,Lost
C00593,2026-07-05,Male,23.0,Kochi,Kerala,Social Media,50.0,8.0,29167.0,4,4,4,12.0,Champions
C01304,2026-05-09,Male,38.0,Delhi,Delhi,Paid Ads,64.0,1.0,2678.0,3,1,1,5.0,Lost
C01388,2026-03-13,Male,29.0,Lucknow,Uttar Pradesh,Organic Search,6.0,6.0,46543.0,5,4,5,14.0,Champions
C04708,2026-01-07,Male,34.0,Mumbai,Maharashtra,Paid Ads,39.0,2.0,10764.0,4,2,2,8.0,Potential Loyalists
C04539,2025-09-27,Male,37.0,Visakhapatnam,Andhra Pradesh,Organic Search,51.0,3.0,10776.0,4,3,2,9.0,Loyal Customers
C03969,2026-05-28,Male,31.0,Bhubaneswar,Odisha,Email,171.0,1.0,3358.0,2,1,1,4.0,Lost
C01891,2024-12-02,Female,41.0,Nagpur,Maharashtra,Social Media,,,,,,,,No Completed Purchase
C02988,2025-04-08,Female,37.0,Udaipur,Rajasthan,Social Media,93.0,3.0,6475.0,3,3,1,7.0,Loyal Customers
C04937,2025-01-25,Male,26.0,Bhubaneswar,Odisha,Email,37.0,4.0,15612.0,4,3,3,10.0,Loyal Customers
C03298,2025-05-09,Female,23.0,Bengaluru,Karnataka,Social Media,211.0,5.0,52871.0,1,4,5,10.0,At Risk
C00905,2025-09-19,Male,42.0,Faridabad,Haryana,Email,59.0,2.0,10096.0,3,2,2,7.0,Lost
C04622,2025-11-06,Unknown,31.0,Thiruvananthapuram,Kerala,Referral,99.0,3.0,3607.0,3,3,1,7.0,Loyal Customers
C01280,2025-03-21,Female,27.0,Patna,Bihar,Social Media,305.0,10.0,31994.0,1,5,4,10.0,At Risk
C00934,2024-07-08,Female,31.0,Visakhapatnam,Andhra Pradesh,Paid Ads,559.0,1.0,10286.0,1,1,2,4.0,Lost
C04945,2026-04-19,Female,22.0,Visakhapatnam,Andhra Pradesh,Social Media,84.0,6.0,65478.0,3,4,5,12.0,Loyal Customers
C02309,2025-10-17,Female,39.0,Thiruvananthapuram,Kerala,Paid Ads,230.0,3.0,15313.0,1,2,3,6.0,Lost
C01556,2026-04-04,Female,40.0,Udaipur,Rajasthan,Social Media,30.0,6.0,19318.0,4,4,3,11.0,Loyal Customers
C04546,2025-12-17,Male,18.0,Kochi,Kerala,Referral,40.0,4.0,28008.0,4,3,4,11.0,Loyal Customers
C03191,2026-07-03,Unknown,32.0,Kanpur,Uttar Pradesh,Social Media,44.0,5.0,37399.0,4,4,4,12.0,Champions
C04454,2024-10-12,Female,22.0,Delhi,Delhi,Organic Search,114.0,2.0,14030.0,3,2,3,8.0,Lost
C00707,2026-07-18,Female,24.0,Mysuru,Karnataka,Social Media,2.0,4.0,14353.0,5,3,3,11.0,Loyal Customers
C04703,2026-06-27,Male,27.0,Vijayawada,Andhra Pradesh,Paid Ads,9.0,7.0,41400.0,5,4,4,13.0,Champions
C03071,2026-02-08,Female,46.0,Noida,Uttar Pradesh,Organic Search,120.0,5.0,20332.0,2,4,3,9.0,At Risk
C00746,2025-06-13,Female,32.0,Kanpur,Uttar Pradesh,Paid Ads,154.0,3.0,13282.0,2,2,3,7.0,Lost
C03595,2025-11-22,Male,24.0,Visakhapatnam,Andhra Pradesh,Paid Ads,12.0,2.0,5187.0,5,2,1,8.0,Potential Loyalists
C01940,2026-01-20,Male,31.0,Ahmedabad,Gujarat,Email,212.0,5.0,32733.0,1,4,4,9.0,At Risk
C04413,2025-02-06,Male,33.0,Noida,Uttar Pradesh,Paid Ads,19.0,5.0,11574.0,5,4,2,11.0,Loyal Customers
C02863,2026-07-16,Female,35.0,Surat,Gujarat,Social Media,3.0,3.0,31356.0,5,3,4,12.0,Loyal Customers
C04018,2026-03-10,Female,36.0,Kanpur,Uttar Pradesh,Social Media,23.0,6.0,23557.0,5,4,4,13.0,Champions
C00514,2026-05-29,Male,18.0,Surat,Gujarat,Organic Search,38.0,9.0,26782.0,4,5,4,13.0,Champions
C00082,2024-10-20,Male,39.0,Chennai,Tamil Nadu,Social Media,103.0,7.0,20777.0,3,4,3,10.0,Loyal Customers
C04989,2024-10-02,Female,30.0,Jaipur,Rajasthan,Organic Search,23.0,8.0,26456.0,5,5,4,14.0,Champions
C01309,2024-07-03,Male,18.0,Delhi,Delhi,Email,70.0,1.0,2128.0,3,1,1,5.0,Lost
C04561,2025-04-24,Female,37.0,Udaipur,Rajasthan,Organic Search,101.0,3.0,7724.0,3,3,2,8.0,Loyal Customers
C00915,2024-08-25,Male,23.0,Mumbai,Maharashtra,Organic Search,408.0,3.0,25490.0,1,2,4,7.0,Lost
C03453,2025-12-20,Male,39.0,Vijayawada,Andhra Pradesh,Paid Ads,82.0,1.0,4426.0,3,1,1,5.0,Lost
C03696,2025-08-20,Female,50.0,Lucknow,Unknown,Organic Search,99.0,8.0,22033.0,3,5,3,11.0,Loyal Customers
C04817,2026-06-13,Male,31.0,Kochi,Kerala,Social Media,21.0,2.0,12822.0,5,2,2,9.0,Potential Loyalists
C03157,2026-05-21,Female,35.0,Thiruvananthapuram,Kerala,Referral,18.0,1.0,13523.0,5,1,3,9.0,Potential Loyalists
C02199,2026-01-27,Other,22.0,Kanpur,Uttar Pradesh,Referral,42.0,5.0,13862.0,4,4,3,11.0,Loyal Customers
C04244,2024-08-10,Male,44.0,Kochi,Kerala,Paid Ads,354.0,4.0,10473.0,1,3,2,6.0,At Risk
C00775,2025-10-29,Male,41.0,Thiruvananthapuram,Kerala,Organic Search,198.0,1.0,1498.0,2,1,1,4.0,Lost
C02055,2025-03-28,Female,29.0,Visakhapatnam,Andhra Pradesh,Paid Ads,243.0,7.0,54124.0,1,4,5,10.0,At Risk
C02002,2024-03-31,Male,34.0,Kochi,Kerala,Organic Search,113.0,1.0,1188.0,3,1,1,5.0,Lost
C00944,2025-06-25,Female,28.0,Coimbatore,Tamil Nadu,Paid Ads,323.0,5.0,24051.0,1,4,4,9.0,At Risk
C00823,2024-08-04,Male,29.0,Jaipur,Rajasthan,Paid Ads,301.0,2.0,5338.0,1,2,1,4.0,Lost
C04540,2025-11-10,Male,37.0,Hyderabad,Telangana,Paid Ads,235.0,11.0,51183.0,1,5,5,11.0,At Risk
C00910,2025-10-03,Male,40.0,Surat,Gujarat,Social Media,2.0,7.0,29972.0,5,4,4,13.0,Champions
C02517,2026-05-01,Female,47.0,Noida,Uttar Pradesh,Social Media,2.0,3.0,19873.0,5,3,3,11.0,Loyal Customers
C00182,2025-01-01,Female,36.0,Jaipur,Rajasthan,Organic Search,412.0,1.0,10736.0,1,1,2,4.0,Lost
C00165,2025-04-27,Female,25.0,Noida,Uttar Pradesh,Organic Search,41.0,8.0,33155.0,4,4,4,12.0,Champions
C01524,2025-07-03,Female,37.0,Patna,Bihar,Paid Ads,276.0,1.0,4148.0,1,1,1,3.0,Lost
C00452,2025-12-24,Male,28.0,Mumbai,Maharashtra,Paid Ads,91.0,2.0,10865.0,3,2,2,7.0,Lost
C02539,2025-07-26,Female,21.0,Visakhapatnam,Andhra Pradesh,Paid Ads,12.0,16.0,54574.0,5,5,5,15.0,Champions
C04996,2025-11-24,Female,30.0,Bhopal,Madhya Pradesh,Organic Search,26.0,16.0,63618.0,5,5,5,15.0,Champions
C04788,2025-10-09,Female,18.0,Bhopal,Madhya Pradesh,Organic Search,50.0,1.0,4869.0,4,2,1,7.0,Potential Loyalists
C01312,2026-07-24,Female,30.0,Vijayawada,Andhra Pradesh,Referral,24.0,1.0,4628.0,5,1,1,7.0,Potential Loyalists
C03150,2024-09-17,Female,19.0,Bengaluru,Karnataka,Organic Search,59.0,4.0,35195.0,3,3,4,10.0,Loyal Customers
C01112,2026-02-25,Male,37.0,Vijayawada,Andhra Pradesh,Social Media,185.0,13.0,52952.0,2,5,5,12.0,At Risk
C04560,2025-05-18,Male,20.0,Gurugram,Haryana,Paid Ads,387.0,14.0,90799.0,1,5,5,11.0,At Risk
C03875,2025-03-12,Male,36.0,Ranchi,Jharkhand,Social Media,47.0,5.0,12393.0,4,4,2,10.0,Loyal Customers
C03490,2026-05-24,Male,35.0,Visakhapatnam,Andhra Pradesh,Email,75.0,2.0,13603.0,3,2,3,8.0,Lost
C01288,2025-09-01,Female,33.0,Lucknow,Uttar Pradesh,Organic Search,153.0,4.0,26093.0,2,3,4,9.0,At Risk
C04347,2025-03-29,Male,24.0,Patna,Bihar,Paid Ads,17.0,2.0,13082.0,5,2,3,10.0,Potential Loyalists
C04658,2025-02-26,Male,24.0,Ahmedabad,Gujarat,Organic Search,13.0,3.0,8214.0,5,3,2,10.0,Loyal Customers
C03681,2025-07-22,Female,18.0,Udaipur,Rajasthan,Paid Ads,263.0,4.0,26186.0,1,3,4,8.0,At Risk
C04343,2024-08-03,Male,20.0,Gurugram,Haryana,Paid Ads,60.0,3.0,17255.0,3,3,3,9.0,Loyal Customers
C04180,2025-10-26,Female,36.0,Indore,Madhya Pradesh,Referral,49.0,6.0,34593.0,4,4,4,12.0,Champions
C03301,2025-08-28,Female,32.0,Vijayawada,Andhra Pradesh,Organic Search,33.0,10.0,51907.0,4,5,5,14.0,Champions
C03311,2025-05-02,Male,43.0,Kochi,Kerala,Referral,134.0,15.0,49685.0,2,5,5,12.0,At Risk
C04569,2024-07-14,Unknown,31.0,Bhopal,Madhya Pradesh,Social Media,23.0,3.0,21308.0,5,3,3,11.0,Loyal Customers
C03126,2025-12-28,Female,35.0,Nagpur,Maharashtra,Social Media,193.0,2.0,3245.0,2,2,1,5.0,Lost
C00328,2024-08-16,Male,41.0,Lucknow,Uttar Pradesh,Organic Search,115.0,10.0,34410.0,3,5,4,12.0,Loyal Customers
C01791,2026-05-07,Female,27.0,Bengaluru,Karnataka,Social Media,95.0,3.0,17921.0,3,2,3,8.0,Lost
C02491,2026-02-11,Female,33.0,Indore,Madhya Pradesh,Paid Ads,78.0,9.0,18415.0,3,5,3,11.0,Loyal Customers
C02007,2025-08-24,Male,42.0,Coimbatore,Tamil Nadu,Email,,,,,,,,No Completed Purchase
C02008,2025-03-11,Female,33.0,Visakhapatnam,Andhra Pradesh,Organic Search,13.0,5.0,11739.0,5,4,2,11.0,Loyal Customers
C01859,2025-07-01,Female,21.0,Chandigarh,Chandigarh,Organic Search,46.0,3.0,15451.0,4,2,3,9.0,Potential Loyalists
C04698,2024-06-13,Female,42.0,Bhopal,Madhya Pradesh,Social Media,60.0,5.0,13912.0,3,4,3,10.0,Loyal Customers
C00313,2025-02-04,Female,30.0,Kolkata,West Bengal,Organic Search,21.0,6.0,36678.0,5,4,4,13.0,Champions
C00833,2026-06-25,Male,24.0,Kanpur,Uttar Pradesh,Referral,54.0,8.0,28830.0,4,5,4,13.0,Champions
C03080,2024-10-11,Female,41.0,Vijayawada,Andhra Pradesh,Social Media,60.0,7.0,47286.0,3,4,5,12.0,Loyal Customers
C04730,2026-03-08,Male,29.0,Bhubaneswar,Odisha,Referral,25.0,2.0,14794.0,5,2,3,10.0,Potential Loyalists
C03463,2026-03-25,Female,24.0,Udaipur,Rajasthan,Social Media,15.0,2.0,11926.0,5,2,2,9.0,Potential Loyalists
C01202,2026-04-18,Male,48.0,Bengaluru,Karnataka,Paid Ads,95.0,1.0,3678.0,3,1,1,5.0,Lost
C04404,2026-05-05,Female,39.0,Thiruvananthapuram,Kerala,Paid Ads,9.0,3.0,10602.0,5,3,2,10.0,Loyal Customers
C03548,2026-06-04,Male,27.0,Ahmedabad,Gujarat,Paid Ads,30.0,1.0,4537.0,4,1,1,6.0,Potential Loyalists
C04709,2026-07-07,Female,35.0,Gurugram,Haryana,Email,28.0,2.0,7487.0,4,2,2,8.0,Potential Loyalists
C02135,2025-05-07,Male,18.0,Nagpur,Maharashtra,Referral,12.0,1.0,1477.0,5,1,1,7.0,Potential Loyalists
C03452,2024-11-23,Other,23.0,Mumbai,Maharashtra,Email,50.0,1.0,11395.0,4,1,2,7.0,Potential Loyalists
C02210,2025-03-18,Male,35.0,Ranchi,Jharkhand,Social Media,111.0,1.0,1419.0,3,1,1,5.0,Lost
C01902,2025-03-12,Male,28.0,Lucknow,Uttar Pradesh,Social Media,461.0,1.0,2439.0,1,1,1,3.0,Lost
C01482,2026-01-03,Female,28.0,Coimbatore,Tamil Nadu,Paid Ads,233.0,14.0,96163.0,1,5,5,11.0,At Risk
C00778,2025-07-29,Male,44.0,Surat,Gujarat,Paid Ads,253.0,1.0,3937.0,1,1,1,3.0,Lost
C00800,2026-02-15,Female,29.0,Bhopal,Madhya Pradesh,Social Media,67.0,2.0,22833.0,3,2,3,8.0,Lost
C03715,2024-07-02,Male,26.0,Udaipur,Rajasthan,Organic Search,40.0,8.0,29007.0,4,5,4,13.0,Champions
C03943,2025-08-21,Male,42.0,Vijayawada,Andhra Pradesh,Organic Search,280.0,2.0,24471.0,1,2,4,7.0,Lost
C00055,2026-03-07,Female,27.0,Vijayawada,Andhra Pradesh,Referral,82.0,8.0,17699.0,3,4,3,10.0,Loyal Customers
C02973,2024-08-16,Male,28.0,Hyderabad,Telangana,Paid Ads,16.0,1.0,5948.0,5,1,1,7.0,Potential Loyalists
C03336,2026-01-02,Male,46.0,Thiruvananthapuram,Kerala,Paid Ads,187.0,1.0,1059.0,2,1,1,4.0,Lost
C01921,2026-07-13,Unknown,24.0,Udaipur,Rajasthan,Referral,67.0,8.0,98649.0,3,5,5,13.0,Loyal Customers
C03716,2025-09-17,Female,30.0,Bengaluru,Karnataka,Social Media,37.0,9.0,36181.0,4,5,4,13.0,Champions
C04983,2025-07-14,Male,30.0,Surat,Gujarat,Social Media,34.0,16.0,74301.0,4,5,5,14.0,Champions
C00947,2024-12-20,Female,37.0,Lucknow,Uttar Pradesh,Paid Ads,590.0,4.0,13162.0,1,3,3,7.0,At Risk
C01702,2025-12-02,Male,27.0,Pune,Maharashtra,Email,183.0,9.0,26706.0,2,5,4,11.0,At Risk
C03294,2025-07-13,Male,31.0,Ranchi,Jharkhand,Organic Search,17.0,3.0,8056.0,5,3,2,10.0,Loyal Customers
C02162,2025-05-21,Male,29.0,Guwahati,Assam,Organic Search,5.0,6.0,36051.0,5,4,4,13.0,Champions
C01137,2026-05-05,Male,30.0,Chennai,Tamil Nadu,Email,38.0,18.0,93766.0,4,5,5,14.0,Champions
C00988,2025-05-20,Male,32.0,Noida,Unknown,Paid Ads,122.0,3.0,16332.0,2,2,3,7.0,Lost
C02550,2024-09-17,Female,34.0,Delhi,Delhi,Organic Search,51.0,16.0,60855.0,4,5,5,14.0,Champions
C00194,2024-07-25,Female,23.0,Vijayawada,Andhra Pradesh,Social Media,190.0,6.0,33782.0,2,4,4,10.0,At Risk
C03058,2025-09-21,Male,28.0,Thiruvananthapuram,Kerala,Paid Ads,,,,,,,,No Completed Purchase
C03247,2024-08-20,Female,29.0,Gurugram,Haryana,Referral,0.0,1.0,11157.0,5,1,2,8.0,Potential Loyalists
C01395,2025-08-24,Male,41.0,Pune,Maharashtra,Social Media,51.0,6.0,23968.0,4,4,4,12.0,Champions
C02638,2026-02-09,Male,25.0,Bhubaneswar,Odisha,Paid Ads,4.0,1.0,3309.0,5,1,1,7.0,Potential Loyalists
C00769,2024-10-30,Female,32.0,Coimbatore,Tamil Nadu,Paid Ads,145.0,9.0,58781.0,2,5,5,12.0,At Risk
C04715,2025-06-02,Female,36.0,Gurugram,Haryana,Social Media,238.0,3.0,23770.0,1,3,4,8.0,At Risk
C03091,2026-05-10,Female,32.0,Lucknow,Uttar Pradesh,Social Media,67.0,4.0,17148.0,3,3,3,9.0,Loyal Customers
C03496,2024-12-20,Female,36.0,Bhubaneswar,Odisha,Organic Search,255.0,6.0,46674.0,1,4,5,10.0,At Risk
C03216,2025-08-20,Male,34.0,Chennai,Tamil Nadu,Social Media,55.0,6.0,18823.0,3,4,3,10.0,Loyal Customers
C00286,2025-10-27,Female,39.0,Guwahati,Assam,Organic Search,75.0,3.0,9224.0,3,2,2,7.0,Lost
C04951,2025-11-28,Male,19.0,Bhubaneswar,Odisha,Paid Ads,5.0,6.0,11950.0,5,4,2,11.0,Loyal Customers
C00429,2025-12-26,Female,25.0,Surat,Gujarat,Social Media,131.0,1.0,2578.0,2,1,1,4.0,Lost
C04461,2025-10-20,Female,45.0,Hyderabad,Telangana,Referral,54.0,13.0,48666.0,4,5,5,14.0,Champions
C02333,2025-12-18,Female,33.0,Ahmedabad,Unknown,Referral,5.0,2.0,3138.0,5,2,1,8.0,Potential Loyalists
C02718,2025-11-10,Male,48.0,Chandigarh,Chandigarh,Organic Search,80.0,5.0,17991.0,3,4,3,10.0,Loyal Customers
C02080,2024-07-03,Unknown,33.0,Bhopal,Madhya Pradesh,Organic Search,525.0,2.0,1468.0,1,2,1,4.0,Lost
C03390,2025-12-26,Male,47.0,Thiruvananthapuram,Kerala,Organic Search,78.0,1.0,7927.0,3,1,2,6.0,Lost
C00723,2025-01-04,Male,28.0,Bengaluru,Karnataka,Paid Ads,,,,,,,,No Completed Purchase
C00952,2024-07-21,Male,41.0,Patna,Bihar,Social Media,56.0,11.0,66425.0,3,5,5,13.0,Loyal Customers
C04396,2025-10-05,Male,31.0,Kanpur,Uttar Pradesh,Social Media,55.0,3.0,39714.0,3,3,4,10.0,Loyal Customers
C04379,2024-07-22,Male,28.0,Bhubaneswar,Odisha,Social Media,365.0,2.0,5707.0,1,2,1,4.0,Lost
C02263,2025-07-29,Female,29.0,Guwahati,Assam,Email,150.0,15.0,91849.0,2,5,5,12.0,At Risk
C00990,2025-04-03,Male,25.0,Thiruvananthapuram,Kerala,Referral,450.0,7.0,22607.0,1,4,3,8.0,At Risk
C03213,2024-08-07,Female,45.0,Bengaluru,Karnataka,Organic Search,37.0,7.0,35453.0,4,4,4,12.0,Champions
C01760,2026-06-11,Male,29.0,Lucknow,Uttar Pradesh,Paid Ads,,,,,,,,No Completed Purchase
C04119,2025-08-02,Female,51.0,Mumbai,Maharashtra,Social Media,25.0,1.0,3408.0,5,1,1,7.0,Potential Loyalists
C00327,2025-06-09,Male,28.0,Pune,Maharashtra,Organic Search,433.0,2.0,15085.0,1,2,3,6.0,Lost
C02609,2026-02-07,Female,18.0,Kanpur,Uttar Pradesh,Paid Ads,80.0,2.0,6427.0,3,2,1,6.0,Lost
C01384,2025-03-28,Male,28.0,Hyderabad,Telangana,Referral,36.0,1.0,10689.0,4,1,2,7.0,Potential Loyalists
C01725,2026-02-20,Female,38.0,Bhopal,Madhya Pradesh,Referral,19.0,1.0,3997.0,5,1,1,7.0,Potential Loyalists
C01087,2025-12-20,Male,29.0,Pune,Maharashtra,Paid Ads,236.0,1.0,2519.0,1,1,1,3.0,Lost
C02524,2025-01-09,Male,24.0,Mumbai,Maharashtra,Social Media,552.0,4.0,36100.0,1,3,4,8.0,At Risk
C00342,2025-03-17,Female,41.0,Patna,Bihar,Organic Search,54.0,15.0,104829.0,4,5,5,14.0,Champions
C03702,2026-03-01,Female,27.0,Chennai,Tamil Nadu,Paid Ads,28.0,1.0,10683.0,4,1,2,7.0,Potential Loyalists
C00148,2026-07-08,Female,36.0,Chennai,Tamil Nadu,Paid Ads,157.0,5.0,19451.0,2,3,3,8.0,At Risk
C00689,2024-07-26,Male,35.0,Faridabad,Haryana,Organic Search,34.0,4.0,23235.0,4,3,4,11.0,Loyal Customers
C03433,2026-03-19,Female,51.0,Mumbai,Maharashtra,Social Media,92.0,4.0,41024.0,3,3,4,10.0,Loyal Customers
C01108,2026-04-09,Female,41.0,Kochi,Kerala,Referral,125.0,3.0,7695.0,2,2,2,6.0,Lost
C00849,2025-02-28,Male,28.0,Lucknow,Uttar Pradesh,Social Media,57.0,1.0,3129.0,3,1,1,5.0,Lost
C00967,2026-02-18,Female,29.0,Ranchi,Jharkhand,Organic Search,189.0,6.0,20868.0,2,4,3,9.0,At Risk
C04740,2025-08-28,Female,34.0,Pune,Maharashtra,Email,312.0,2.0,28328.0,1,2,4,7.0,Lost
C01493,2026-02-19,Male,18.0,Surat,Gujarat,Social Media,,,,,,,,No Completed Purchase
C03954,2026-05-27,Unknown,34.0,Bhopal,Madhya Pradesh,Email,174.0,4.0,20468.0,2,3,3,8.0,At Risk
C02204,2025-12-20,Male,46.0,Surat,Gujarat,Referral,51.0,6.0,59534.0,4,4,5,13.0,Champions
C02714,2025-03-28,Other,30.0,Vijayawada,Andhra Pradesh,Organic Search,151.0,1.0,1799.0,2,1,1,4.0,Lost
C00662,2025-11-21,Male,31.0,Kanpur,Uttar Pradesh,Social Media,191.0,1.0,1109.0,2,1,1,4.0,Lost
C01003,2025-11-01,Female,43.0,Mumbai,Maharashtra,Email,9.0,7.0,80149.0,5,4,5,14.0,Champions
C00063,2025-10-30,Female,31.0,Hyderabad,Telangana,Referral,40.0,2.0,3856.0,4,2,1,7.0,Potential Loyalists
C00285,2026-02-11,Female,31.0,Bhopal,Madhya Pradesh,Organic Search,198.0,1.0,4907.0,2,1,1,4.0,Lost
C02225,2024-06-26,Female,18.0,Guwahati,Assam,Organic Search,34.0,1.0,4587.0,4,1,1,6.0,Potential Loyalists
C04719,2024-04-06,Female,18.0,Udaipur,Rajasthan,Paid Ads,465.0,1.0,929.0,1,2,1,4.0,Lost
C01880,2024-11-28,Male,21.0,Delhi,Delhi,Paid Ads,54.0,5.0,28015.0,4,4,4,12.0,Champions
C03573,2026-02-10,Male,31.0,Mumbai,Maharashtra,Referral,146.0,2.0,5066.0,2,2,1,5.0,Lost
C04870,2026-04-13,Male,28.0,Visakhapatnam,Andhra Pradesh,Social Media,140.0,9.0,26817.0,2,5,4,11.0,At Risk
C01204,2025-12-16,Female,37.0,Hyderabad,Telangana,Organic Search,37.0,3.0,19855.0,4,2,3,9.0,Potential Loyalists
C01991,2025-10-08,Male,51.0,Nagpur,Maharashtra,Organic Search,56.0,12.0,56075.0,3,5,5,13.0,Loyal Customers
C00025,2025-11-24,Male,49.0,Thiruvananthapuram,Kerala,Referral,277.0,11.0,91172.0,1,5,5,11.0,At Risk
C04865,2025-12-26,Male,20.0,Udaipur,Rajasthan,Paid Ads,53.0,15.0,186791.0,4,5,5,14.0,Champions
C04114,2025-11-11,Female,32.0,Hyderabad,Telangana,Organic Search,23.0,1.0,5896.0,5,1,1,7.0,Potential Loyalists
C04408,2025-05-16,Female,45.0,Chennai,Tamil Nadu,Social Media,27.0,7.0,13242.0,5,4,3,12.0,Loyal Customers
C00763,2025-11-01,Female,18.0,Lucknow,Uttar Pradesh,Paid Ads,234.0,2.0,21228.0,1,2,3,6.0,Lost
C00876,2025-08-27,Male,32.0,Bhubaneswar,Odisha,Social Media,25.0,3.0,4506.0,5,2,1,8.0,Potential Loyalists
C04755,2025-07-31,Male,34.0,Bhopal,Madhya Pradesh,Organic Search,2.0,4.0,23956.0,5,3,4,12.0,Loyal Customers
C00939,2025-03-01,Male,32.0,Bhubaneswar,Unknown,Paid Ads,,,,,,,,No Completed Purchase
C02688,2024-08-02,Female,20.0,Nagpur,Maharashtra,Social Media,59.0,9.0,112822.0,3,5,5,13.0,Loyal Customers
C03601,2026-05-05,Female,40.0,Lucknow,Uttar Pradesh,Paid Ads,84.0,1.0,3678.0,3,1,1,5.0,Lost
C02395,2025-08-21,Male,61.0,Gurugram,Haryana,Referral,315.0,1.0,1059.0,1,1,1,3.0,Lost
C04580,2025-11-21,Male,18.0,Ranchi,Jharkhand,Paid Ads,49.0,4.0,24466.0,4,3,4,11.0,Loyal Customers
C04993,2024-08-31,Female,48.0,Mumbai,Maharashtra,Social Media,80.0,4.0,9794.0,3,3,2,8.0,Loyal Customers
C04136,2025-08-24,Female,32.0,Thiruvananthapuram,Kerala,Paid Ads,1.0,14.0,41461.0,5,5,4,14.0,Champions
C00386,2025-06-29,Female,23.0,Lucknow,Uttar Pradesh,Referral,232.0,5.0,24235.0,1,4,4,9.0,At Risk
C04383,2025-12-25,Male,24.0,Chennai,Tamil Nadu,Social Media,59.0,5.0,53120.0,3,4,5,12.0,Loyal Customers
C04582,2024-07-18,Male,26.0,Surat,Gujarat,Email,31.0,1.0,1938.0,4,1,1,6.0,Potential Loyalists
C00537,2025-06-28,Female,18.0,Surat,Gujarat,Email,10.0,1.0,3427.0,5,1,1,7.0,Potential Loyalists
C04678,2026-05-05,Female,40.0,Kochi,Kerala,Paid Ads,36.0,2.0,12795.0,4,2,2,8.0,Potential Loyalists
C03508,2025-08-05,Female,32.0,Bengaluru,Karnataka,Social Media,337.0,2.0,24119.0,1,2,4,7.0,Lost
C00202,2025-08-03,Male,33.0,Ranchi,Jharkhand,Paid Ads,11.0,2.0,8736.0,5,2,2,9.0,Potential Loyalists
C01333,2026-07-16,Female,37.0,Mumbai,Maharashtra,Paid Ads,40.0,15.0,64378.0,4,5,5,14.0,Champions
C03503,2025-09-25,Female,31.0,Patna,Bihar,Organic Search,242.0,1.0,2349.0,1,1,1,3.0,Lost
C02709,2026-04-17,Male,33.0,Hyderabad,Telangana,Social Media,55.0,2.0,6907.0,3,2,2,7.0,Lost
C04022,2026-03-16,Male,35.0,Nagpur,Maharashtra,Social Media,66.0,9.0,32305.0,3,5,4,12.0,Loyal Customers
C01855,2025-04-07,Male,23.0,Chennai,Tamil Nadu,Organic Search,487.0,1.0,8823.0,1,1,2,4.0,Lost
C04482,2025-12-01,Female,26.0,Indore,Madhya Pradesh,Organic Search,232.0,4.0,48953.0,1,3,5,9.0,At Risk
C02873,2024-10-14,Unknown,40.0,Udaipur,Rajasthan,Paid Ads,12.0,16.0,217267.0,5,5,5,15.0,Champions
C03031,2024-04-20,Male,20.0,Coimbatore,Tamil Nadu,Social Media,80.0,7.0,15837.0,3,4,3,10.0,Loyal Customers
C01206,2026-02-28,Female,40.0,Bhopal,Madhya Pradesh,Organic Search,86.0,1.0,5336.0,3,1,1,5.0,Lost
C01646,2025-12-26,Female,19.0,Bhubaneswar,Odisha,Social Media,31.0,10.0,24713.0,4,5,4,13.0,Champions
C03418,2025-09-30,Male,38.0,Delhi,Delhi,Organic Search,181.0,1.0,5117.0,2,1,1,4.0,Lost
C03477,2026-01-03,Male,41.0,Vijayawada,Andhra Pradesh,Organic Search,134.0,1.0,2319.0,2,1,1,4.0,Lost
C02862,2026-04-19,Unknown,24.0,Kolkata,West Bengal,Referral,45.0,7.0,92012.0,4,4,5,13.0,Champions
C01793,2026-06-06,Male,20.0,Nagpur,Maharashtra,Paid Ads,19.0,1.0,2556.0,5,1,1,7.0,Potential Loyalists
C03798,2025-06-25,Female,20.0,Delhi,Delhi,Email,0.0,1.0,5397.0,5,1,1,7.0,Potential Loyalists
C03369,2026-05-11,Female,32.0,Ahmedabad,Gujarat,Paid Ads,74.0,7.0,20618.0,3,4,3,10.0,Loyal Customers
C03368,2025-09-07,Female,28.0,Nagpur,Maharashtra,Paid Ads,323.0,3.0,35533.0,1,3,4,8.0,At Risk
C03534,2025-11-13,Female,26.0,Delhi,Delhi,Social Media,70.0,1.0,4257.0,3,1,1,5.0,Lost
C03450,2025-11-14,Male,25.0,Vijayawada,Andhra Pradesh,Social Media,107.0,1.0,828.0,3,1,1,5.0,Lost
C00604,2025-12-07,Female,33.0,Guwahati,Unknown,Paid Ads,,,,,,,,No Completed Purchase
C03057,2026-05-24,Female,20.0,Guwahati,Assam,Referral,93.0,14.0,165493.0,3,5,5,13.0,Loyal Customers
C04373,2025-05-18,Female,38.0,Kanpur,Uttar Pradesh,Social Media,77.0,1.0,12375.0,3,1,2,6.0,Lost
C00127,2025-11-17,Male,36.0,Nagpur,Maharashtra,Paid Ads,13.0,8.0,24508.0,5,4,4,13.0,Champions
C03877,2025-08-13,Female,31.0,Surat,Gujarat,Paid Ads,28.0,9.0,32937.0,4,5,4,13.0,Champions
C02936,2024-09-11,Male,37.0,Vijayawada,Andhra Pradesh,Paid Ads,40.0,12.0,48335.0,4,5,5,14.0,Champions
C03532,2025-04-02,Male,51.0,Hyderabad,Telangana,Social Media,270.0,6.0,23691.0,1,4,4,9.0,At Risk
C02731,2024-11-01,Other,28.0,Nagpur,Maharashtra,Referral,154.0,1.0,2078.0,2,1,1,4.0,Lost
C00828,2024-09-09,Male,31.0,Kanpur,Uttar Pradesh,Organic Search,0.0,1.0,10953.0,5,1,2,8.0,Potential Loyalists
C01640,2024-05-23,Male,23.0,Noida,Uttar Pradesh,Organic Search,250.0,5.0,15502.0,1,4,3,8.0,At Risk
C00985,2026-04-13,Female,25.0,Ranchi,Jharkhand,Paid Ads,87.0,6.0,36991.0,3,4,4,11.0,Loyal Customers
C03282,2024-10-23,Male,41.0,Hyderabad,Telangana,Social Media,129.0,7.0,15140.0,2,4,3,9.0,At Risk
C04984,2025-06-20,Female,19.0,Coimbatore,Tamil Nadu,Referral,6.0,7.0,23780.0,5,4,4,13.0,Champions
C02189,2025-05-21,Female,18.0,Kolkata,West Bengal,Paid Ads,392.0,8.0,33540.0,1,5,4,10.0,At Risk
C04625,2025-11-14,Female,19.0,Noida,Uttar Pradesh,Paid Ads,176.0,3.0,20473.0,2,3,3,8.0,At Risk
C02444,2024-09-14,Male,42.0,Kolkata,West Bengal,Organic Search,131.0,3.0,19338.0,2,3,3,8.0,At Risk
C00363,2024-09-17,Male,38.0,Guwahati,Assam,Paid Ads,45.0,7.0,19790.0,4,4,3,11.0,Loyal Customers
C02350,2026-07-09,Female,21.0,Noida,Uttar Pradesh,Paid Ads,28.0,1.0,2926.0,4,1,1,6.0,Potential Loyalists
C00346,2026-04-24,Female,18.0,Nagpur,Maharashtra,Organic Search,162.0,9.0,24905.0,2,5,4,11.0,At Risk
C00815,2025-11-11,Male,31.0,Mysuru,Karnataka,Social Media,253.0,7.0,11161.0,1,4,2,7.0,At Risk
C03206,2025-03-10,Male,33.0,Visakhapatnam,Andhra Pradesh,Organic Search,177.0,2.0,6577.0,2,2,2,6.0,Lost
C04545,2026-05-11,Female,23.0,Bhubaneswar,Odisha,Paid Ads,50.0,3.0,7876.0,4,3,2,9.0,Loyal Customers
C04808,2025-11-30,Unknown,20.0,Gurugram,Haryana,Paid Ads,206.0,7.0,45885.0,2,4,5,11.0,At Risk
C03326,2025-12-25,Other,45.0,Ranchi,Jharkhand,Referral,120.0,6.0,23768.0,2,4,4,10.0,At Risk
C04107,2025-02-01,Female,27.0,Mumbai,Maharashtra,Paid Ads,129.0,1.0,7407.0,2,1,2,5.0,Lost
C02117,2026-02-28,Female,26.0,Guwahati,Assam,Social Media,135.0,10.0,64326.0,2,5,5,12.0,At Risk
C01835,2024-12-02,Female,30.0,Bhopal,Madhya Pradesh,Organic Search,323.0,8.0,61872.0,1,5,5,11.0,At Risk
C00794,2025-10-26,Female,18.0,Jaipur,Rajasthan,Paid Ads,236.0,17.0,239852.0,1,5,5,11.0,At Risk
C04959,2024-09-18,Female,26.0,Pune,Maharashtra,Social Media,288.0,4.0,16173.0,1,3,3,7.0,At Risk
C02675,2024-10-26,Female,18.0,Guwahati,Assam,Organic Search,130.0,3.0,10615.0,2,3,2,7.0,At Risk
C00095,2024-10-02,Female,37.0,Nagpur,Maharashtra,Social Media,53.0,3.0,10394.0,4,2,2,8.0,Potential Loyalists
C03757,2024-12-31,Female,25.0,Nagpur,Maharashtra,Social Media,297.0,6.0,94525.0,1,4,5,10.0,At Risk
C02892,2024-05-12,Female,33.0,Patna,Bihar,Social Media,220.0,1.0,4768.0,1,1,1,3.0,Lost
C02372,2026-06-04,Male,35.0,Faridabad,Haryana,Organic Search,13.0,1.0,4057.0,5,1,1,7.0,Potential Loyalists
C04161,2024-10-19,Male,18.0,Nagpur,Maharashtra,Social Media,597.0,2.0,5647.0,1,2,1,4.0,Lost
C04445,2026-02-20,Male,42.0,Guwahati,Assam,Organic Search,48.0,1.0,339.0,4,1,1,6.0,Potential Loyalists
C03229,2025-02-03,Unknown,40.0,Mysuru,Karnataka,Organic Search,211.0,1.0,5008.0,1,1,1,3.0,Lost
C02854,2025-12-30,Male,41.0,Kolkata,West Bengal,Social Media,104.0,3.0,4256.0,3,3,1,7.0,Loyal Customers
C02913,2026-03-10,Female,33.0,Faridabad,Haryana,Organic Search,97.0,6.0,24109.0,3,4,4,11.0,Loyal Customers
C01866,2024-12-17,Unknown,44.0,Jaipur,Rajasthan,Social Media,39.0,5.0,30952.0,4,4,4,12.0,Champions
C01858,2026-02-18,Male,36.0,Hyderabad,Telangana,Email,185.0,4.0,8642.0,2,3,2,7.0,At Risk
C02646,2025-09-16,Male,18.0,Ahmedabad,Gujarat,Paid Ads,73.0,2.0,9866.0,3,2,2,7.0,Lost
C02244,2026-05-24,Male,31.0,Guwahati,Assam,Organic Search,155.0,4.0,31767.0,2,3,4,9.0,At Risk
C02337,2025-09-26,Male,39.0,Delhi,Delhi,Organic Search,180.0,13.0,47316.0,2,5,5,12.0,At Risk
C00951,2024-01-30,Male,18.0,Visakhapatnam,Andhra Pradesh,Social Media,16.0,6.0,14899.0,5,4,3,12.0,Loyal Customers
C03069,2025-06-05,Male,42.0,Jaipur,Rajasthan,Social Media,247.0,12.0,41443.0,1,5,4,10.0,At Risk
C01121,2025-04-04,Male,22.0,Thiruvananthapuram,Kerala,Paid Ads,93.0,7.0,20590.0,3,4,3,10.0,Loyal Customers
C02598,2026-06-14,Female,19.0,Ranchi,Jharkhand,Paid Ads,17.0,3.0,18512.0,5,3,3,11.0,Loyal Customers
C02205,2026-07-02,Male,21.0,Surat,Gujarat,Organic Search,162.0,3.0,9706.0,2,2,2,6.0,Lost
C00420,2024-12-19,Female,31.0,Nagpur,Maharashtra,Organic Search,,,,,,,,No Completed Purchase
C00923,2025-09-17,Female,26.0,Bhubaneswar,Odisha,Referral,70.0,4.0,45448.0,3,3,5,11.0,Loyal Customers
C01255,2026-04-01,Female,32.0,Guwahati,Assam,Social Media,85.0,3.0,7745.0,3,2,2,7.0,Lost
C00478,2026-04-25,Male,46.0,Jaipur,Rajasthan,Organic Search,12.0,10.0,45291.0,5,5,5,15.0,Champions
C02036,2024-11-08,Male,35.0,Ranchi,Jharkhand,Paid Ads,16.0,2.0,35896.0,5,2,4,11.0,Potential Loyalists
C01203,2026-03-03,Male,23.0,Gurugram,Haryana,Organic Search,41.0,8.0,40704.0,4,5,4,13.0,Champions
C02627,2025-09-28,Male,21.0,Bhubaneswar,Odisha,Social Media,53.0,5.0,63398.0,4,4,5,13.0,Champions
C04831,2026-02-04,Male,25.0,Kanpur,Unknown,Organic Search,206.0,2.0,16451.0,2,2,3,7.0,Lost
C01971,2026-05-04,Male,31.0,Hyderabad,Telangana,Organic Search,3.0,4.0,26218.0,5,3,4,12.0,Loyal Customers
C03111,2025-07-31,Female,43.0,Hyderabad,Telangana,Organic Search,375.0,6.0,14471.0,1,4,3,8.0,At Risk
C04019,2025-03-29,Male,30.0,Ahmedabad,Gujarat,Social Media,,,,,,,,No Completed Purchase
C02152,2026-02-16,Male,33.0,Bengaluru,Karnataka,Paid Ads,129.0,4.0,14932.0,2,3,3,8.0,At Risk
C03688,2024-01-22,Male,36.0,Udaipur,Rajasthan,Referral,19.0,1.0,11136.0,5,1,2,8.0,Potential Loyalists
C01998,2025-08-13,Male,41.0,Thiruvananthapuram,Kerala,Organic Search,138.0,3.0,10715.0,2,2,2,6.0,Lost
C04034,2025-12-09,Male,33.0,Mumbai,Maharashtra,Social Media,117.0,3.0,5366.0,2,3,1,6.0,At Risk
C03055,2026-01-17,Female,32.0,Kolkata,West Bengal,Paid Ads,179.0,3.0,11365.0,2,3,2,7.0,At Risk
C01249,2024-08-17,Male,37.0,Jaipur,Rajasthan,Social Media,4.0,3.0,12005.0,5,2,2,9.0,Potential Loyalists
C02193,2025-08-02,Female,18.0,Patna,Bihar,Organic Search,47.0,5.0,45535.0,4,4,5,13.0,Champions
C02713,2025-11-02,Female,44.0,Pune,Maharashtra,Paid Ads,128.0,3.0,9076.0,2,3,2,7.0,At Risk
C00993,2024-06-23,Unknown,44.0,Delhi,Delhi,Referral,121.0,7.0,32245.0,2,4,4,10.0,At Risk
C02191,2026-06-12,Male,30.0,Ranchi,Jharkhand,Organic Search,12.0,3.0,8086.0,5,2,2,9.0,Potential Loyalists
C03763,2026-01-26,Female,38.0,Chennai,Tamil Nadu,Paid Ads,142.0,5.0,73917.0,2,4,5,11.0,At Risk
C03598,2024-12-16,Female,31.0,Kolkata,West Bengal,Social Media,248.0,2.0,5626.0,1,2,1,4.0,Lost
C01319,2025-12-18,Male,36.0,Faridabad,Haryana,Paid Ads,251.0,6.0,16749.0,1,4,3,8.0,At Risk
C01864,2024-09-23,Male,26.0,Mumbai,Maharashtra,Social Media,,,,,,,,No Completed Purchase
C02344,2024-11-24,Male,23.0,Ranchi,Jharkhand,Referral,23.0,2.0,40084.0,5,2,4,11.0,Potential Loyalists
C02450,2025-06-12,Male,35.0,Mumbai,Maharashtra,Email,382.0,16.0,211110.0,1,5,5,11.0,At Risk
C02137,2025-11-16,Female,32.0,Udaipur,Rajasthan,Social Media,51.0,1.0,14472.0,4,1,3,8.0,Potential Loyalists
C01066,2025-07-24,Female,41.0,Delhi,Delhi,Referral,57.0,5.0,18350.0,3,4,3,10.0,Loyal Customers
C04973,2025-09-09,Female,33.0,Mysuru,Karnataka,Social Media,13.0,3.0,31204.0,5,3,4,12.0,Loyal Customers
C02622,2025-11-26,Male,29.0,Guwahati,Assam,Organic Search,143.0,3.0,14304.0,2,3,3,8.0,At Risk
C00078,2025-10-06,Male,35.0,Bhopal,Madhya Pradesh,Paid Ads,287.0,6.0,22508.0,1,4,3,8.0,At Risk
C02899,2024-06-19,Female,18.0,Chennai,Tamil Nadu,Organic Search,80.0,6.0,19590.0,3,4,3,10.0,Loyal Customers
C01315,2026-05-13,Female,30.0,Nagpur,Maharashtra,Organic Search,142.0,2.0,29140.0,2,2,4,8.0,Lost
C04385,2024-05-05,Female,32.0,Udaipur,Rajasthan,Paid Ads,98.0,7.0,86531.0,3,4,5,12.0,Loyal Customers
C00873,2024-11-11,Unknown,42.0,Faridabad,Haryana,Paid Ads,22.0,5.0,11043.0,5,4,2,11.0,Loyal Customers
C03851,2025-10-03,Unknown,35.0,Pune,Maharashtra,Paid Ads,306.0,11.0,67392.0,1,5,5,11.0,At Risk
C04800,2025-04-30,Female,18.0,Ahmedabad,Gujarat,Organic Search,155.0,5.0,37550.0,2,4,4,10.0,At Risk
C02966,2025-01-11,Female,22.0,Surat,Gujarat,Paid Ads,7.0,12.0,118253.0,5,5,5,15.0,Champions
C03392,2025-07-12,Other,38.0,Mysuru,Karnataka,Paid Ads,263.0,1.0,2319.0,1,1,1,3.0,Lost
C02561,2025-05-31,Unknown,34.0,Kochi,Kerala,Social Media,100.0,1.0,5638.0,3,1,1,5.0,Lost
C04909,2025-12-31,Female,31.0,Kanpur,Uttar Pradesh,Paid Ads,22.0,2.0,4378.0,5,2,1,8.0,Potential Loyalists
C02636,2024-09-04,Male,50.0,Patna,Bihar,Paid Ads,103.0,1.0,2028.0,3,1,1,5.0,Lost
C03531,2025-04-03,Female,60.0,Noida,Uttar Pradesh,Email,150.0,14.0,169572.0,2,5,5,12.0,At Risk
C00376,2026-03-09,Male,42.0,Hyderabad,Telangana,Paid Ads,10.0,2.0,5048.0,5,2,1,8.0,Potential Loyalists
C01909,2025-09-12,Male,45.0,Pune,Maharashtra,Paid Ads,254.0,1.0,3719.0,1,1,1,3.0,Lost
C04376,2024-07-17,Male,39.0,Kolkata,West Bengal,Paid Ads,185.0,2.0,9194.0,2,2,2,6.0,Lost
C04392,2024-11-27,Female,18.0,Faridabad,Haryana,Organic Search,29.0,3.0,6145.0,4,3,1,8.0,Loyal Customers
C04028,2025-11-04,Female,32.0,Hyderabad,Unknown,Social Media,117.0,2.0,9296.0,2,2,2,6.0,Lost
C01605,2024-12-12,Female,39.0,Thiruvananthapuram,Kerala,Paid Ads,138.0,4.0,5336.0,2,3,1,6.0,At Risk
C01119,2024-09-12,Female,30.0,Jaipur,Rajasthan,Social Media,34.0,5.0,46692.0,4,4,5,13.0,Champions
C03678,2024-03-02,Male,25.0,Kolkata,West Bengal,Paid Ads,43.0,3.0,16782.0,4,3,3,10.0,Loyal Customers
C03491,2026-06-16,Male,37.0,Udaipur,Rajasthan,Social Media,33.0,8.0,54821.0,4,5,5,14.0,Champions
C04877,2024-12-07,Female,18.0,Surat,Gujarat,Social Media,56.0,4.0,22318.0,3,3,3,9.0,Loyal Customers
C02959,2025-07-05,Male,34.0,Guwahati,Assam,Paid Ads,115.0,6.0,23987.0,3,4,4,11.0,Loyal Customers
C01995,2026-07-06,Male,18.0,Jaipur,Rajasthan,Paid Ads,136.0,4.0,20624.0,2,3,3,8.0,At Risk
C04968,2025-06-12,Female,39.0,Surat,Gujarat,Social Media,57.0,8.0,28835.0,3,5,4,12.0,Loyal Customers
C04368,2025-04-03,Male,43.0,Kanpur,Uttar Pradesh,Paid Ads,46.0,1.0,3268.0,4,1,1,6.0,Potential Loyalists
C02377,2026-03-16,Male,18.0,Vijayawada,Andhra Pradesh,Social Media,31.0,3.0,34909.0,4,3,4,11.0,Loyal Customers
C01343,2026-03-11,Female,28.0,Patna,Bihar,Organic Search,37.0,8.0,36535.0,4,5,4,13.0,Champions
C00321,2024-09-03,Male,36.0,Kanpur,Uttar Pradesh,Paid Ads,24.0,4.0,11913.0,5,3,2,10.0,Loyal Customers
C01620,2025-09-28,Male,30.0,Pune,Maharashtra,Paid Ads,14.0,6.0,33363.0,5,4,4,13.0,Champions
C03714,2025-04-23,Female,28.0,Lucknow,Uttar Pradesh,Social Media,86.0,3.0,7345.0,3,3,2,8.0,Loyal Customers
C02061,2025-11-26,Male,49.0,Ranchi,Jharkhand,Referral,1.0,5.0,8863.0,5,4,2,11.0,Loyal Customers
C02220,2026-05-27,Male,34.0,Faridabad,Haryana,Referral,95.0,8.0,29475.0,3,5,4,12.0,Loyal Customers
C01674,2025-06-29,Male,44.0,Nagpur,Unknown,Organic Search,41.0,8.0,30407.0,4,5,4,13.0,Champions
C00261,2024-10-14,Female,45.0,Delhi,Delhi,Social Media,123.0,7.0,46076.0,2,4,5,11.0,At Risk
C04430,2025-11-26,Female,27.0,Hyderabad,Telangana,Social Media,,,,,,,,No Completed Purchase
C02040,2026-07-20,Male,30.0,Ranchi,Jharkhand,Organic Search,51.0,2.0,6717.0,4,2,2,8.0,Potential Loyalists
C00902,2025-04-21,Male,18.0,Guwahati,Assam,Social Media,227.0,5.0,21009.0,1,4,3,8.0,At Risk
C03745,2025-06-07,Female,30.0,Ranchi,Jharkhand,Social Media,0.0,10.0,40640.0,5,5,4,14.0,Champions
C02027,2025-07-08,Unknown,25.0,Guwahati,Assam,Email,30.0,15.0,114716.0,4,5,5,14.0,Champions
C04235,2024-09-13,Unknown,18.0,Ranchi,Jharkhand,Paid Ads,88.0,9.0,46523.0,3,5,5,13.0,Loyal Customers
C01918,2026-04-25,Female,40.0,Nagpur,Maharashtra,Organic Search,8.0,1.0,2479.0,5,1,1,7.0,Potential Loyalists
C01829,2025-08-13,Male,27.0,Noida,Uttar Pradesh,Social Media,304.0,9.0,61942.0,1,5,5,11.0,At Risk
C01574,2026-02-26,Male,28.0,Surat,Gujarat,Social Media,80.0,2.0,7106.0,3,2,2,7.0,Lost
C04407,2025-07-21,Male,30.0,Lucknow,Uttar Pradesh,Paid Ads,387.0,2.0,12783.0,1,2,2,5.0,Lost
C04209,2025-07-12,Male,27.0,Lucknow,Uttar Pradesh,Social Media,277.0,1.0,5646.0,1,1,1,3.0,Lost
C00225,2025-07-04,Female,18.0,Kochi,Kerala,Social Media,265.0,4.0,19963.0,1,3,3,7.0,At Risk
C00724,2025-07-23,Male,31.0,Udaipur,Rajasthan,Social Media,21.0,3.0,34563.0,5,2,4,11.0,Potential Loyalists
C04498,2025-07-25,Female,20.0,Pune,Maharashtra,Email,3.0,3.0,11504.0,5,3,2,10.0,Loyal Customers
C01142,2025-05-06,Male,31.0,Lucknow,Uttar Pradesh,Social Media,13.0,3.0,12794.0,5,2,2,9.0,Potential Loyalists
C02763,2025-05-10,Female,23.0,Lucknow,Uttar Pradesh,Referral,359.0,3.0,11714.0,1,3,2,6.0,At Risk
C00847,2025-04-02,Male,48.0,Delhi,Delhi,Paid Ads,202.0,3.0,9875.0,2,2,2,6.0,Lost
C02552,2025-08-04,Female,28.0,Chennai,Tamil Nadu,Organic Search,228.0,9.0,58729.0,1,5,5,11.0,At Risk
C02929,2024-03-18,Male,37.0,Hyderabad,Telangana,Social Media,14.0,12.0,99540.0,5,5,5,15.0,Champions
C00118,2026-02-18,Female,23.0,Chandigarh,Chandigarh,Organic Search,17.0,6.0,42898.0,5,4,5,14.0,Champions
C00646,2026-02-23,Male,36.0,Guwahati,Assam,Email,46.0,1.0,2637.0,4,1,1,6.0,Potential Loyalists
C00004,2026-02-18,Male,38.0,Thiruvananthapuram,Kerala,Paid Ads,142.0,4.0,11366.0,2,3,2,7.0,At Risk
C04171,2025-11-10,Female,18.0,Lucknow,Unknown,Social Media,,,,,,,,No Completed Purchase
C00468,2024-07-10,Male,24.0,Chandigarh,Chandigarh,Social Media,69.0,1.0,21660.0,3,1,3,7.0,Lost
C00006,2026-01-15,Female,41.0,Bhubaneswar,Odisha,Referral,32.0,2.0,6755.0,4,2,2,8.0,Potential Loyalists
C00920,2024-07-09,Female,20.0,Mumbai,Maharashtra,Organic Search,10.0,5.0,44521.0,5,4,5,14.0,Champions
C02596,2025-02-23,Female,25.0,Patna,Bihar,Referral,112.0,2.0,24940.0,3,2,4,9.0,Lost
C01064,2026-07-25,Female,29.0,Bhopal,Madhya Pradesh,Social Media,127.0,7.0,50246.0,2,4,5,11.0,At Risk
C02591,2026-04-19,Female,33.0,Patna,Bihar,Organic Search,,,,,,,,No Completed Purchase
C00243,2025-07-06,Male,28.0,Chandigarh,Chandigarh,Organic Search,17.0,1.0,3489.0,5,1,1,7.0,Potential Loyalists
C01161,2024-01-10,Male,26.0,Mysuru,Karnataka,Social Media,406.0,5.0,99646.0,1,4,5,10.0,At Risk
C02871,2026-03-26,Female,28.0,Kochi,Kerala,Social Media,154.0,4.0,26935.0,2,3,4,9.0,At Risk
C03736,2026-01-05,Male,38.0,Kanpur,Uttar Pradesh,Paid Ads,222.0,11.0,42199.0,1,5,5,11.0,At Risk
C02398,2026-01-30,Female,38.0,Coimbatore,Tamil Nadu,Email,9.0,9.0,79303.0,5,5,5,15.0,Champions
C03518,2025-11-18,Female,24.0,Mumbai,Unknown,Social Media,55.0,6.0,38889.0,3,4,4,11.0,Loyal Customers
C03422,2025-10-27,Male,18.0,Visakhapatnam,Andhra Pradesh,Organic Search,197.0,5.0,27779.0,2,4,4,10.0,At Risk
C02564,2024-10-13,Male,39.0,Gurugram,Haryana,Referral,214.0,5.0,33713.0,1,4,4,9.0,At Risk
C01606,2026-07-04,Male,20.0,Chandigarh,Chandigarh,Social Media,137.0,4.0,38543.0,2,3,4,9.0,At Risk
C04841,2024-09-09,Male,37.0,Coimbatore,Tamil Nadu,Paid Ads,1.0,1.0,2118.0,5,2,1,8.0,Potential Loyalists
C02325,2026-04-11,Female,21.0,Noida,Uttar Pradesh,Paid Ads,19.0,3.0,5557.0,5,3,1,9.0,Loyal Customers
C02710,2024-09-11,Female,32.0,Thiruvananthapuram,Kerala,Social Media,37.0,15.0,76905.0,4,5,5,14.0,Champions
C04411,2026-01-08,Female,35.0,Jaipur,Rajasthan,Social Media,192.0,10.0,26844.0,2,5,4,11.0,At Risk
C01313,2025-08-16,Female,30.0,Chennai,Tamil Nadu,Social Media,55.0,2.0,8065.0,3,2,2,7.0,Lost
C03449,2025-12-16,Male,47.0,Gurugram,Haryana,Organic Search,104.0,2.0,14152.0,3,2,3,8.0,Lost
C03813,2025-06-02,Female,22.0,Surat,Gujarat,Organic Search,72.0,3.0,8735.0,3,3,2,8.0,Loyal Customers
C04668,2025-04-07,Female,35.0,Surat,Gujarat,Referral,35.0,1.0,15583.0,4,2,3,9.0,Potential Loyalists
C02363,2024-12-28,Male,35.0,Thiruvananthapuram,Kerala,Paid Ads,44.0,12.0,50080.0,4,5,5,14.0,Champions
C01976,2025-11-25,Male,39.0,Chandigarh,Chandigarh,Organic Search,198.0,6.0,54548.0,2,4,5,11.0,At Risk
C03515,2026-01-21,Male,18.0,Patna,Bihar,Social Media,,,,,,,,No Completed Purchase
C01762,2026-04-16,Female,43.0,Kolkata,West Bengal,Organic Search,15.0,2.0,4857.0,5,2,1,8.0,Potential Loyalists
C02740,2026-01-13,Female,22.0,Lucknow,Uttar Pradesh,Referral,133.0,3.0,30941.0,2,3,4,9.0,At Risk
C04672,2025-10-02,Female,27.0,Gurugram,Haryana,Email,265.0,3.0,6136.0,1,3,1,5.0,At Risk
C02473,2025-06-01,Female,48.0,Surat,Gujarat,Paid Ads,95.0,6.0,22439.0,3,4,3,10.0,Loyal Customers
C04008,2025-04-30,Female,29.0,Noida,Uttar Pradesh,Paid Ads,485.0,6.0,26753.0,1,4,4,9.0,At Risk
C01494,2024-09-25,Male,60.0,Mysuru,Karnataka,Organic Search,180.0,4.0,14544.0,2,3,3,8.0,At Risk
C04207,2025-11-14,Female,30.0,Bhubaneswar,Odisha,Paid Ads,194.0,5.0,62265.0,2,4,5,11.0,At Risk
C02159,2026-02-15,Other,32.0,Bhubaneswar,Odisha,Paid Ads,193.0,6.0,48667.0,2,4,5,11.0,At Risk
C01170,2024-11-09,Male,44.0,Noida,Uttar Pradesh,Social Media,36.0,9.0,107911.0,4,5,5,14.0,Champions
C04529,2025-07-17,Male,24.0,Jaipur,Rajasthan,Referral,139.0,2.0,21433.0,2,2,3,7.0,Lost
C00233,2024-05-06,Male,35.0,Pune,Maharashtra,Organic Search,304.0,4.0,10334.0,1,3,2,6.0,At Risk
C00067,2024-06-05,Male,28.0,Gurugram,Haryana,Social Media,14.0,4.0,18083.0,5,3,3,11.0,Loyal Customers
C01604,2025-12-08,Male,34.0,Thiruvananthapuram,Kerala,Organic Search,134.0,1.0,4298.0,2,1,1,4.0,Lost
C03284,2025-09-15,Female,34.0,Coimbatore,Tamil Nadu,Paid Ads,128.0,3.0,5346.0,2,3,1,6.0,At Risk
C03597,2025-12-31,Female,18.0,Noida,Uttar Pradesh,Paid Ads,31.0,8.0,44534.0,4,5,5,14.0,Champions
C00126,2025-05-05,Female,33.0,Udaipur,Rajasthan,Paid Ads,432.0,8.0,22949.0,1,4,4,9.0,At Risk
C01297,2025-05-14,Male,26.0,Ahmedabad,Gujarat,Organic Search,58.0,8.0,96160.0,3,5,5,13.0,Loyal Customers
C01977,2026-01-27,Male,43.0,Nagpur,Maharashtra,Organic Search,49.0,6.0,18970.0,4,4,3,11.0,Loyal Customers
C04530,2025-03-13,Female,34.0,Udaipur,Rajasthan,Paid Ads,31.0,8.0,45953.0,4,5,5,14.0,Champions
C04765,2025-12-12,Other,29.0,Jaipur,Rajasthan,Referral,199.0,1.0,5237.0,2,2,1,5.0,Lost
C02076,2025-04-20,Female,37.0,Chennai,Tamil Nadu,Paid Ads,415.0,1.0,5968.0,1,1,1,3.0,Lost
C03087,2026-06-23,Male,21.0,Pune,Maharashtra,Paid Ads,172.0,1.0,5758.0,2,1,1,4.0,Lost
C04358,2026-01-24,Male,34.0,Coimbatore,Tamil Nadu,Social Media,53.0,6.0,15598.0,4,4,3,11.0,Loyal Customers
C03346,2024-06-07,Female,20.0,Delhi,Delhi,Social Media,102.0,6.0,24341.0,3,4,4,11.0,Loyal Customers
C04477,2026-07-07,Female,26.0,Indore,Madhya Pradesh,Organic Search,149.0,1.0,3417.0,2,1,1,4.0,Lost
C02798,2024-11-03,Female,38.0,Hyderabad,Telangana,Social Media,61.0,6.0,46959.0,3,4,5,12.0,Loyal Customers
C00919,2026-02-11,Female,35.0,Chandigarh,Chandigarh,Organic Search,187.0,2.0,2407.0,2,2,1,5.0,Lost
C01647,2026-05-02,Female,26.0,Surat,Gujarat,Paid Ads,49.0,12.0,90441.0,4,5,5,14.0,Champions
C00365,2024-11-07,Male,37.0,Indore,Madhya Pradesh,Social Media,417.0,17.0,57276.0,1,5,5,11.0,At Risk
C03288,2026-04-08,Male,30.0,Guwahati,Assam,Organic Search,82.0,8.0,66797.0,3,5,5,13.0,Loyal Customers
C02126,2025-08-20,Male,31.0,Gurugram,Haryana,Referral,46.0,3.0,21750.0,4,2,3,9.0,Potential Loyalists
C04124,2025-06-07,Male,37.0,Bengaluru,Karnataka,Paid Ads,367.0,3.0,46619.0,1,3,5,9.0,At Risk
C00526,2024-09-09,Male,41.0,Faridabad,Haryana,Referral,427.0,3.0,11685.0,1,2,2,5.0,Lost
C00056,2025-11-27,Other,31.0,Ranchi,Jharkhand,Social Media,91.0,3.0,12752.0,3,2,2,7.0,Lost
C00639,2026-04-16,Male,28.0,Vijayawada,Andhra Pradesh,Paid Ads,119.0,4.0,33645.0,2,3,4,9.0,At Risk
C00303,2025-11-21,Female,42.0,Visakhapatnam,Andhra Pradesh,Paid Ads,13.0,4.0,5774.0,5,3,1,9.0,Loyal Customers
C02767,2026-04-25,Male,28.0,Visakhapatnam,Andhra Pradesh,Social Media,1.0,3.0,23551.0,5,3,4,12.0,Loyal Customers
C01277,2024-03-13,Male,48.0,Chandigarh,Chandigarh,Social Media,438.0,5.0,15130.0,1,4,3,8.0,At Risk
C02056,2026-04-16,Female,36.0,Mumbai,Maharashtra,Organic Search,134.0,4.0,15743.0,2,3,3,8.0,At Risk
C03645,2025-10-30,Male,34.0,Kanpur,Uttar Pradesh,Social Media,285.0,7.0,29845.0,1,4,4,9.0,At Risk
C04144,2026-06-21,Female,35.0,Vijayawada,Andhra Pradesh,Organic Search,43.0,4.0,37380.0,4,3,4,11.0,Loyal Customers
C02879,2024-08-19,Male,39.0,Guwahati,Assam,Organic Search,593.0,1.0,329.0,1,1,1,3.0,Lost
C04203,2025-10-02,Male,26.0,Udaipur,Rajasthan,Organic Search,72.0,5.0,18170.0,3,4,3,10.0,Loyal Customers
C02287,2024-09-21,Female,25.0,Kolkata,West Bengal,Organic Search,19.0,2.0,8115.0,5,2,2,9.0,Potential Loyalists
C02262,2026-01-19,Female,35.0,Jaipur,Rajasthan,Email,133.0,14.0,51881.0,2,5,5,12.0,At Risk
C02297,2026-06-09,Female,35.0,Guwahati,Assam,Social Media,61.0,2.0,5687.0,3,2,1,6.0,Lost
C01754,2024-12-31,Female,24.0,Patna,Bihar,Social Media,604.0,1.0,1699.0,1,1,1,3.0,Lost
C01969,2026-02-05,Female,31.0,Surat,Gujarat,Paid Ads,11.0,1.0,309.0,5,1,1,7.0,Potential Loyalists
C04395,2025-09-28,Male,44.0,Surat,Gujarat,Organic Search,38.0,3.0,9164.0,4,3,2,9.0,Loyal Customers
C03118,2025-10-17,Female,18.0,Surat,Gujarat,Paid Ads,194.0,1.0,4188.0,2,1,1,4.0,Lost
C02394,2026-06-04,Male,41.0,Nagpur,Maharashtra,Organic Search,,,,,,,,No Completed Purchase
C00524,2025-10-01,Male,32.0,Ahmedabad,Gujarat,Paid Ads,28.0,4.0,13033.0,4,3,3,10.0,Loyal Customers
C03901,2024-07-01,Male,24.0,Lucknow,Uttar Pradesh,Organic Search,36.0,8.0,25667.0,4,5,4,13.0,Champions
C03123,2026-01-14,Male,35.0,Hyderabad,Telangana,Social Media,226.0,3.0,16650.0,1,3,3,7.0,At Risk
C04157,2025-11-17,Female,37.0,Mysuru,Karnataka,Referral,56.0,6.0,28369.0,3,4,4,11.0,Loyal Customers
C01970,2025-12-21,Female,36.0,Faridabad,Haryana,Organic Search,184.0,6.0,34670.0,2,4,4,10.0,At Risk
C00672,2026-01-20,Male,23.0,Kochi,Kerala,Organic Search,39.0,1.0,3097.0,4,1,1,6.0,Potential Loyalists
C04189,2025-07-26,Female,31.0,Patna,Bihar,Referral,14.0,1.0,8086.0,5,1,2,8.0,Potential Loyalists
C00667,2025-12-26,Male,40.0,Kochi,Kerala,Organic Search,219.0,8.0,21997.0,1,4,3,8.0,At Risk
C04351,2026-06-04,Female,34.0,Vijayawada,Andhra Pradesh,Social Media,76.0,5.0,16957.0,3,4,3,10.0,Loyal Customers
C01888,2026-01-19,Female,41.0,Visakhapatnam,Andhra Pradesh,Paid Ads,40.0,9.0,142657.0,4,5,5,14.0,Champions
C03267,2026-01-26,Male,30.0,Faridabad,Haryana,Referral,185.0,12.0,75474.0,2,5,5,12.0,At Risk
C00281,2024-05-09,Female,29.0,Mumbai,Maharashtra,Social Media,58.0,1.0,2648.0,3,1,1,5.0,Lost
C01720,2025-06-16,Female,30.0,Jaipur,Rajasthan,Social Media,40.0,1.0,2518.0,4,1,1,6.0,Potential Loyalists
C02948,2025-09-04,Male,29.0,Jaipur,Rajasthan,Paid Ads,107.0,3.0,17134.0,3,3,3,9.0,Loyal Customers
C00900,2025-06-19,Male,40.0,Bhopal,Madhya Pradesh,Organic Search,57.0,4.0,14233.0,3,3,3,9.0,Loyal Customers
C04863,2025-02-11,Female,32.0,Patna,Unknown,Organic Search,,,,,,,,No Completed Purchase
C00761,2024-12-13,Female,27.0,Faridabad,Haryana,Organic Search,34.0,7.0,49178.0,4,4,5,13.0,Champions
C01907,2024-06-10,Male,31.0,Noida,Uttar Pradesh,Organic Search,472.0,7.0,23657.0,1,4,4,9.0,At Risk
C04043,2026-01-03,Female,42.0,Kolkata,West Bengal,Organic Search,37.0,13.0,52592.0,4,5,5,14.0,Champions
C03824,2026-03-08,Male,35.0,Hyderabad,Telangana,Paid Ads,52.0,4.0,35301.0,4,3,4,11.0,Loyal Customers
C04139,2024-11-16,Male,44.0,Hyderabad,Telangana,Organic Search,23.0,5.0,15442.0,5,4,3,12.0,Loyal Customers
C03819,2025-10-25,Male,38.0,Coimbatore,Tamil Nadu,Paid Ads,43.0,1.0,549.0,4,1,1,6.0,Potential Loyalists
C04301,2025-03-08,Male,43.0,Mysuru,Karnataka,Social Media,46.0,2.0,14125.0,4,2,3,9.0,Potential Loyalists
C02594,2024-09-26,Other,27.0,Ahmedabad,Gujarat,Referral,29.0,8.0,14009.0,4,5,3,12.0,Loyal Customers
C04165,2024-08-13,Male,37.0,Mysuru,Karnataka,Organic Search,32.0,4.0,13184.0,4,3,3,10.0,Loyal Customers
C03032,2024-12-16,Female,33.0,Kochi,Kerala,Organic Search,478.0,5.0,59617.0,1,4,5,10.0,At Risk
C03580,2024-11-21,Female,23.0,Pune,Maharashtra,Organic Search,414.0,8.0,29259.0,1,5,4,10.0,At Risk
C02833,2026-01-29,Female,24.0,Ranchi,Jharkhand,Paid Ads,16.0,4.0,11540.0,5,3,2,10.0,Loyal Customers
C03473,2026-02-10,Male,31.0,Chandigarh,Chandigarh,Paid Ads,195.0,5.0,22241.0,2,4,3,9.0,At Risk
C00138,2026-02-02,Female,21.0,Bengaluru,Karnataka,Paid Ads,12.0,5.0,12601.0,5,3,2,10.0,Loyal Customers
C02181,2026-06-06,Male,25.0,Bengaluru,Karnataka,Paid Ads,47.0,7.0,34688.0,4,4,4,12.0,Champions
C02129,2024-04-19,Male,35.0,Delhi,Delhi,Organic Search,16.0,2.0,16740.0,5,2,3,10.0,Potential Loyalists
C03178,2026-06-04,Male,40.0,Kochi,Kerala,Paid Ads,33.0,2.0,19053.0,4,2,3,9.0,Potential Loyalists
C04380,2026-07-08,Male,18.0,Jaipur,Rajasthan,Paid Ads,9.0,9.0,24938.0,5,5,4,14.0,Champions
C04262,2025-08-28,Female,32.0,Patna,Bihar,Paid Ads,195.0,3.0,16823.0,2,3,3,8.0,At Risk
C04345,2025-03-21,Male,28.0,Bhopal,Madhya Pradesh,Organic Search,53.0,13.0,92167.0,4,5,5,14.0,Champions
C01332,2025-10-11,Female,18.0,Ranchi,Jharkhand,Social Media,10.0,1.0,5418.0,5,1,1,7.0,Potential Loyalists
C02018,2025-03-11,Male,45.0,Chennai,Tamil Nadu,Organic Search,45.0,2.0,30179.0,4,2,4,10.0,Potential Loyalists
C02483,2025-05-31,Female,30.0,Delhi,Delhi,Paid Ads,24.0,1.0,5757.0,5,1,1,7.0,Potential Loyalists
C01359,2025-05-18,Female,43.0,Hyderabad,Telangana,Social Media,280.0,3.0,26127.0,1,2,4,7.0,Lost
C01330,2026-06-09,Male,37.0,Chandigarh,Chandigarh,Social Media,1.0,7.0,53407.0,5,4,5,14.0,Champions
C02151,2024-05-03,Female,33.0,Pune,Maharashtra,Email,130.0,15.0,145236.0,2,5,5,12.0,At Risk
C02123,2024-09-04,Female,42.0,Thiruvananthapuram,Kerala,Referral,569.0,2.0,15842.0,1,2,3,6.0,Lost
C03982,2025-03-19,Male,40.0,Kolkata,West Bengal,Organic Search,16.0,5.0,77860.0,5,4,5,14.0,Champions
C01253,2025-02-11,Female,31.0,Gurugram,Haryana,Organic Search,152.0,14.0,49946.0,2,5,5,12.0,At Risk
C03279,2024-05-04,Male,23.0,Thiruvananthapuram,Kerala,Social Media,236.0,3.0,11195.0,1,3,2,6.0,At Risk
C03375,2025-07-21,Male,29.0,Indore,Madhya Pradesh,Referral,50.0,15.0,185720.0,4,5,5,14.0,Champions
C02815,2026-05-06,Male,23.0,Kochi,Kerala,Paid Ads,8.0,3.0,30158.0,5,3,4,12.0,Loyal Customers
C01849,2025-08-25,Female,24.0,Jaipur,Rajasthan,Paid Ads,288.0,15.0,35834.0,1,5,4,10.0,At Risk
C03038,2025-07-31,Female,26.0,Nagpur,Maharashtra,Paid Ads,390.0,4.0,18201.0,1,3,3,7.0,At Risk
C00389,2025-12-20,Male,26.0,Udaipur,Rajasthan,Organic Search,99.0,3.0,11056.0,3,2,2,7.0,Lost
C00236,2025-07-12,Other,22.0,Indore,Madhya Pradesh,Organic Search,34.0,7.0,84958.0,4,4,5,13.0,Champions
C01078,2025-06-19,Female,18.0,Lucknow,Uttar Pradesh,Paid Ads,21.0,5.0,16901.0,5,4,3,12.0,Loyal Customers
C01985,2026-04-24,Unknown,41.0,Bhopal,Madhya Pradesh,Organic Search,4.0,1.0,3636.0,5,1,1,7.0,Potential Loyalists
C04364,2025-12-21,Male,43.0,Vijayawada,Andhra Pradesh,Social Media,224.0,2.0,11243.0,1,2,2,5.0,Lost
C03963,2025-04-21,Male,25.0,Patna,Bihar,Paid Ads,108.0,1.0,2668.0,3,1,1,5.0,Lost
C00771,2025-02-04,Female,28.0,Coimbatore,Tamil Nadu,Social Media,51.0,1.0,4336.0,4,1,1,6.0,Potential Loyalists
C02166,2026-02-24,Male,28.0,Patna,Bihar,Paid Ads,2.0,6.0,34922.0,5,4,4,13.0,Champions
C00674,2024-09-20,Male,30.0,Guwahati,Assam,Email,30.0,2.0,9936.0,4,2,2,8.0,Potential Loyalists
C00250,2025-02-01,Male,21.0,Noida,Uttar Pradesh,Social Media,4.0,4.0,27586.0,5,3,4,12.0,Loyal Customers
C01575,2026-07-14,Male,32.0,Ahmedabad,Gujarat,Social Media,9.0,1.0,6517.0,5,1,2,8.0,Potential Loyalists
C03420,2025-06-20,Male,21.0,Vijayawada,Andhra Pradesh,Organic Search,19.0,5.0,17808.0,5,4,3,12.0,Loyal Customers
C02082,2025-11-10,Male,29.0,Bhubaneswar,Odisha,Referral,174.0,1.0,3189.0,2,1,1,4.0,Lost
C01824,2026-02-10,Male,42.0,Kochi,Kerala,Paid Ads,17.0,3.0,10456.0,5,2,2,9.0,Potential Loyalists
C00717,2026-07-21,Female,42.0,Indore,Madhya Pradesh,Paid Ads,22.0,1.0,3328.0,5,1,1,7.0,Potential Loyalists
C04681,2026-06-28,Female,29.0,Coimbatore,Tamil Nadu,Paid Ads,,,,,,,,No Completed Purchase
C02049,2025-02-15,Male,27.0,Kolkata,West Bengal,Referral,186.0,4.0,14083.0,2,3,3,8.0,At Risk
C04179,2025-10-30,Female,23.0,Ahmedabad,Gujarat,Organic Search,26.0,4.0,17161.0,5,3,3,11.0,Loyal Customers
C02725,2026-04-08,Female,20.0,Ranchi,Jharkhand,Paid Ads,36.0,11.0,39602.0,4,5,4,13.0,Champions
C04534,2024-08-11,Female,22.0,Indore,Madhya Pradesh,Organic Search,25.0,1.0,10885.0,5,1,2,8.0,Potential Loyalists
C01461,2024-07-27,Male,29.0,Faridabad,Haryana,Organic Search,10.0,1.0,8256.0,5,1,2,8.0,Potential Loyalists
C01669,2026-03-09,Male,27.0,Jaipur,Rajasthan,Paid Ads,142.0,2.0,7427.0,2,2,2,6.0,Lost
C02757,2025-02-12,Other,31.0,Chennai,Tamil Nadu,Social Media,27.0,2.0,5887.0,5,2,1,8.0,Potential Loyalists
C02001,2025-11-13,Female,27.0,Patna,Bihar,Email,187.0,9.0,43816.0,2,5,5,12.0,At Risk
C00405,2026-05-17,Female,24.0,Surat,Gujarat,Referral,15.0,9.0,38305.0,5,5,4,14.0,Champions
C00385,2025-11-16,Male,24.0,Visakhapatnam,Andhra Pradesh,Social Media,159.0,16.0,148699.0,2,5,5,12.0,At Risk
C04505,2025-08-18,Female,18.0,Delhi,Delhi,Social Media,4.0,6.0,16948.0,5,4,3,12.0,Loyal Customers
C02153,2025-04-25,Female,36.0,Mysuru,Karnataka,Organic Search,264.0,1.0,9677.0,1,1,2,4.0,Lost
C01634,2026-02-16,Female,19.0,Chennai,Tamil Nadu,Organic Search,133.0,7.0,25785.0,2,4,4,10.0,At Risk
C04915,2025-06-07,Male,25.0,Gurugram,Haryana,Paid Ads,119.0,13.0,74260.0,2,5,5,12.0,At Risk
C03926,2025-04-12,Other,25.0,Gurugram,Haryana,Organic Search,9.0,6.0,52427.0,5,4,5,14.0,Champions
C04159,2026-07-03,Female,19.0,Bhopal,Madhya Pradesh,Organic Search,32.0,3.0,9425.0,4,3,2,9.0,Loyal Customers
C00224,2025-07-11,Male,25.0,Chandigarh,Chandigarh,Paid Ads,59.0,3.0,11655.0,3,2,2,7.0,Lost
C02194,2025-04-30,Female,34.0,Mysuru,Karnataka,Social Media,258.0,4.0,18693.0,1,3,3,7.0,At Risk
C03137,2025-08-23,Male,30.0,Hyderabad,Telangana,Social Media,175.0,4.0,10565.0,2,3,2,7.0,At Risk
C01825,2025-04-21,Female,24.0,Pune,Maharashtra,Paid Ads,337.0,3.0,21908.0,1,2,3,6.0,Lost
C04613,2024-11-27,Male,26.0,Kolkata,West Bengal,Organic Search,144.0,7.0,49965.0,2,4,5,11.0,At Risk
C00798,2026-07-15,Male,39.0,Coimbatore,Tamil Nadu,Organic Search,142.0,4.0,18572.0,2,3,3,8.0,At Risk
C02872,2025-07-15,Female,44.0,Guwahati,Assam,Referral,,,,,,,,No Completed Purchase
C00010,2025-11-01,Female,20.0,Bengaluru,Karnataka,Social Media,80.0,12.0,51359.0,3,5,5,13.0,Loyal Customers
C01945,2025-08-07,Female,34.0,Pune,Maharashtra,Organic Search,380.0,1.0,1249.0,1,1,1,3.0,Lost
C01839,2025-09-28,Male,31.0,Coimbatore,Tamil Nadu,Referral,322.0,1.0,3177.0,1,1,1,3.0,Lost
C00256,2025-07-21,Male,27.0,Nagpur,Maharashtra,Organic Search,151.0,1.0,2908.0,2,1,1,4.0,Lost
C04521,2025-04-08,Female,39.0,Bengaluru,Karnataka,Paid Ads,176.0,2.0,12574.0,2,2,2,6.0,Lost
C01582,2025-07-10,Male,32.0,Chennai,Tamil Nadu,Social Media,118.0,7.0,19430.0,2,4,3,9.0,At Risk
C02957,2025-07-02,Male,26.0,Kanpur,Uttar Pradesh,Referral,42.0,7.0,17771.0,4,4,3,11.0,Loyal Customers
C00925,2024-05-04,Male,37.0,Coimbatore,Tamil Nadu,Email,155.0,1.0,1799.0,2,1,1,4.0,Lost
C04442,2026-04-03,Male,48.0,Mumbai,Maharashtra,Referral,47.0,17.0,64139.0,4,5,5,14.0,Champions
C02509,2025-09-22,Female,23.0,Bengaluru,Karnataka,Paid Ads,37.0,4.0,27696.0,4,3,4,11.0,Loyal Customers
C03776,2025-02-03,Female,39.0,Pune,Maharashtra,Referral,171.0,17.0,49186.0,2,5,5,12.0,At Risk
C04137,2025-08-23,Female,29.0,Guwahati,Assam,Organic Search,349.0,8.0,93424.0,1,5,5,11.0,At Risk
C02780,2026-03-29,Male,18.0,Coimbatore,Tamil Nadu,Paid Ads,154.0,9.0,29314.0,2,5,4,11.0,At Risk
C00540,2026-05-01,Female,20.0,Jaipur,Rajasthan,Email,59.0,15.0,83748.0,3,5,5,13.0,Loyal Customers
C02746,2026-04-29,Female,42.0,Bengaluru,Karnataka,Organic Search,63.0,2.0,4267.0,3,2,1,6.0,Lost
C04511,2026-06-23,Male,42.0,Surat,Gujarat,Organic Search,52.0,7.0,16199.0,4,4,3,11.0,Loyal Customers
C04644,2025-01-30,Female,29.0,Pune,Maharashtra,Paid Ads,330.0,2.0,9565.0,1,2,2,5.0,Lost
C01146,2024-07-20,Female,22.0,Udaipur,Rajasthan,Paid Ads,439.0,2.0,10972.0,1,2,2,5.0,Lost
C00668,2024-07-18,Female,43.0,Bengaluru,Karnataka,Organic Search,185.0,6.0,34897.0,2,4,4,10.0,At Risk
C03020,2026-02-07,Male,25.0,Kanpur,Uttar Pradesh,Social Media,38.0,3.0,7525.0,4,3,2,9.0,Loyal Customers
C00358,2025-11-27,Female,30.0,Bhubaneswar,Odisha,Social Media,77.0,15.0,37455.0,3,5,4,12.0,Loyal Customers
C02832,2025-09-02,Unknown,18.0,Kolkata,West Bengal,Organic Search,80.0,3.0,28186.0,3,3,4,10.0,Loyal Customers
C02784,2025-08-14,Female,34.0,Bengaluru,Karnataka,Organic Search,174.0,5.0,17596.0,2,4,3,9.0,At Risk
C01354,2026-03-09,Female,30.0,Kochi,Kerala,Referral,151.0,3.0,15382.0,2,2,3,7.0,Lost
C00471,2024-11-16,Female,44.0,Ahmedabad,Gujarat,Paid Ads,53.0,8.0,95833.0,4,4,5,13.0,Champions
C02704,2025-09-11,Male,37.0,Chandigarh,Chandigarh,Social Media,140.0,1.0,12495.0,2,1,2,5.0,Lost
C03331,2024-12-18,Female,18.0,Udaipur,Rajasthan,Social Media,105.0,4.0,40810.0,3,3,4,10.0,Loyal Customers
C03638,2026-02-20,Unknown,33.0,Bengaluru,Karnataka,Organic Search,121.0,1.0,4676.0,2,1,1,4.0,Lost
C01397,2025-08-21,Male,47.0,Bhopal,Madhya Pradesh,Organic Search,92.0,2.0,7346.0,3,2,2,7.0,Lost
C03585,2024-11-09,Female,31.0,Gurugram,Haryana,Referral,156.0,14.0,89815.0,2,5,5,12.0,At Risk
C04499,2026-07-21,Male,18.0,Mumbai,Maharashtra,Organic Search,33.0,1.0,5108.0,4,1,1,6.0,Potential Loyalists
C03377,2024-08-07,Male,42.0,Pune,Maharashtra,Organic Search,39.0,3.0,11034.0,4,3,2,9.0,Loyal Customers
C01257,2025-11-20,Male,41.0,Kochi,Kerala,Social Media,104.0,2.0,8416.0,3,2,2,7.0,Lost
C03513,2026-05-21,Male,22.0,Visakhapatnam,Andhra Pradesh,Organic Search,100.0,5.0,21544.0,3,4,3,10.0,Loyal Customers
C01251,2026-02-18,Other,44.0,Ahmedabad,Gujarat,Paid Ads,22.0,1.0,11976.0,5,1,2,8.0,Potential Loyalists
C04820,2026-06-10,Male,29.0,Kanpur,Uttar Pradesh,Referral,22.0,3.0,24348.0,5,3,4,12.0,Loyal Customers
C04299,2025-09-01,Female,27.0,Bengaluru,Karnataka,Social Media,,,,,,,,No Completed Purchase
C03285,2026-05-07,Female,65.0,Bengaluru,Karnataka,Organic Search,179.0,5.0,31744.0,2,4,4,10.0,At Risk
C02934,2025-06-17,Female,37.0,Faridabad,Haryana,Organic Search,311.0,2.0,11544.0,1,2,2,5.0,Lost
C04176,2025-09-01,Male,23.0,Nagpur,Maharashtra,Social Media,38.0,2.0,9582.0,4,2,2,8.0,Potential Loyalists
C01853,2025-10-13,Female,19.0,Bhubaneswar,Odisha,Paid Ads,91.0,4.0,11154.0,3,3,2,8.0,Loyal Customers
C04882,2026-02-07,Male,38.0,Jaipur,Rajasthan,Referral,73.0,3.0,8536.0,3,3,2,8.0,Loyal Customers
C02106,2025-12-15,Female,32.0,Gurugram,Haryana,Paid Ads,49.0,1.0,11684.0,4,1,2,7.0,Potential Loyalists
C00134,2025-07-07,Female,27.0,Mumbai,Maharashtra,Paid Ads,34.0,2.0,11081.0,4,2,2,8.0,Potential Loyalists
C00929,2025-01-08,Male,39.0,Guwahati,Assam,Organic Search,5.0,1.0,11157.0,5,1,2,8.0,Potential Loyalists
C00824,2025-04-17,Female,38.0,Hyderabad,Telangana,Paid Ads,2.0,17.0,131887.0,5,5,5,15.0,Champions
C04756,2025-01-11,Male,58.0,Patna,Bihar,Paid Ads,548.0,7.0,33936.0,1,4,4,9.0,At Risk
C01532,2025-09-11,Male,28.0,Mumbai,Maharashtra,Organic Search,42.0,1.0,4558.0,4,1,1,6.0,Potential Loyalists
C01215,2024-12-22,Male,30.0,Kanpur,Uttar Pradesh,Paid Ads,18.0,2.0,17080.0,5,2,3,10.0,Potential Loyalists
C00505,2025-04-09,Male,23.0,Bengaluru,Karnataka,Paid Ads,116.0,1.0,5627.0,3,1,1,5.0,Lost
C04286,2025-11-20,Male,39.0,Visakhapatnam,Andhra Pradesh,Email,50.0,10.0,68476.0,4,5,5,14.0,Champions
C01997,2025-02-08,Female,18.0,Indore,Madhya Pradesh,Referral,86.0,6.0,13903.0,3,4,3,10.0,Loyal Customers
C03073,2025-06-18,Male,24.0,Jaipur,Rajasthan,Paid Ads,235.0,10.0,46909.0,1,5,5,11.0,At Risk
C01959,2025-08-06,Female,32.0,Bhopal,Madhya Pradesh,Paid Ads,283.0,1.0,10167.0,1,1,2,4.0,Lost
C01385,2025-04-02,Male,41.0,Noida,Uttar Pradesh,Referral,107.0,5.0,36683.0,3,4,4,11.0,Loyal Customers
C00895,2025-02-02,Female,36.0,Hyderabad,Telangana,Organic Search,71.0,4.0,27457.0,3,3,4,10.0,Loyal Customers
C00456,2025-05-01,Male,33.0,Noida,Uttar Pradesh,Paid Ads,2.0,3.0,31914.0,5,2,4,11.0,Potential Loyalists
C04649,2025-12-29,Male,31.0,Mysuru,Karnataka,Email,228.0,9.0,28064.0,1,5,4,10.0,At Risk
C03710,2025-04-03,Male,34.0,Noida,Uttar Pradesh,Organic Search,180.0,1.0,5096.0,2,1,1,4.0,Lost
C04631,2024-10-17,Female,21.0,Nagpur,Maharashtra,Organic Search,57.0,4.0,34119.0,3,3,4,10.0,Loyal Customers
C04269,2024-12-15,Female,31.0,Jaipur,Rajasthan,Paid Ads,423.0,1.0,3467.0,1,1,1,3.0,Lost
C03523,2024-05-27,Female,42.0,Chennai,Tamil Nadu,Paid Ads,376.0,3.0,21092.0,1,3,3,7.0,At Risk
C04135,2026-07-06,Female,29.0,Kochi,Kerala,Organic Search,0.0,3.0,15140.0,5,3,3,11.0,Loyal Customers
C03603,2025-09-16,Male,34.0,Udaipur,Rajasthan,Paid Ads,107.0,1.0,9365.0,3,1,2,6.0,Lost
C04187,2026-04-15,Female,45.0,Noida,Uttar Pradesh,Paid Ads,143.0,15.0,43607.0,2,5,5,12.0,At Risk
C02215,2025-12-05,Male,40.0,Delhi,Delhi,Paid Ads,97.0,4.0,21479.0,3,3,3,9.0,Loyal Customers
C02924,2026-05-13,Male,51.0,Bhubaneswar,Odisha,Organic Search,125.0,4.0,12154.0,2,3,2,7.0,At Risk
C01811,2025-03-03,Female,24.0,Kanpur,Uttar Pradesh,Organic Search,257.0,4.0,14244.0,1,3,3,7.0,At Risk
C03487,2024-04-15,Male,31.0,Indore,Madhya Pradesh,Organic Search,33.0,7.0,40337.0,4,4,4,12.0,Champions
C03142,2026-03-27,Male,25.0,Kanpur,Uttar Pradesh,Paid Ads,140.0,1.0,11342.0,2,1,2,5.0,Lost
C01828,2024-11-12,Female,43.0,Udaipur,Rajasthan,Organic Search,164.0,1.0,2009.0,2,1,1,4.0,Lost
C01156,2025-07-10,Male,33.0,Bengaluru,Karnataka,Referral,366.0,13.0,178896.0,1,5,5,11.0,At Risk
C01325,2026-03-10,Female,19.0,Kolkata,West Bengal,Paid Ads,40.0,3.0,23848.0,4,2,4,10.0,Potential Loyalists
C04313,2025-11-22,Female,52.0,Lucknow,Uttar Pradesh,Organic Search,66.0,2.0,4226.0,3,2,1,6.0,Lost
C00511,2026-04-10,Male,24.0,Visakhapatnam,Andhra Pradesh,Paid Ads,50.0,4.0,9646.0,4,3,2,9.0,Loyal Customers
C01681,2024-10-29,Other,37.0,Indore,Madhya Pradesh,Paid Ads,167.0,11.0,32453.0,2,5,4,11.0,At Risk
C00500,2024-10-26,Male,31.0,Kolkata,West Bengal,Paid Ads,129.0,4.0,20653.0,2,3,3,8.0,At Risk
C04627,2025-10-05,Male,43.0,Guwahati,Assam,Social Media,144.0,7.0,19391.0,2,4,3,9.0,At Risk
C01857,2025-05-08,Male,30.0,Kochi,Kerala,Organic Search,193.0,4.0,9014.0,2,3,2,7.0,At Risk
C01389,2026-02-16,Male,27.0,Patna,Bihar,Organic Search,30.0,3.0,41768.0,4,2,5,11.0,Potential Loyalists
C03720,2025-07-16,Female,49.0,Surat,Gujarat,Paid Ads,329.0,1.0,3828.0,1,1,1,3.0,Lost
C02387,2025-09-08,Female,28.0,Ahmedabad,Gujarat,Organic Search,67.0,6.0,36772.0,3,4,4,11.0,Loyal Customers
C03237,2024-12-08,Male,39.0,Indore,Madhya Pradesh,Social Media,59.0,7.0,22467.0,3,4,3,10.0,Loyal Customers
C01541,2025-12-04,Male,29.0,Bengaluru,Karnataka,Referral,50.0,1.0,3108.0,4,1,1,6.0,Potential Loyalists
C01218,2025-02-19,Male,33.0,Nagpur,Maharashtra,Referral,353.0,1.0,6628.0,1,1,2,4.0,Lost
C02682,2025-01-15,Male,34.0,Ahmedabad,Gujarat,Paid Ads,49.0,4.0,5716.0,4,3,1,8.0,Loyal Customers
C02994,2024-10-05,Male,38.0,Chennai,Tamil Nadu,Referral,116.0,3.0,9449.0,3,3,2,8.0,Loyal Customers
C01192,2026-05-18,Unknown,31.0,Ahmedabad,Gujarat,Paid Ads,15.0,4.0,4662.0,5,3,1,9.0,Loyal Customers
C01543,2025-11-11,Male,24.0,Faridabad,Haryana,Paid Ads,248.0,1.0,1219.0,1,1,1,3.0,Lost
C03302,2025-12-02,Female,26.0,Kanpur,Uttar Pradesh,Referral,173.0,4.0,52141.0,2,3,5,10.0,At Risk
C03325,2024-10-29,Male,33.0,Bengaluru,Karnataka,Social Media,503.0,1.0,4658.0,1,1,1,3.0,Lost
C02540,2024-07-13,Male,33.0,Ranchi,Jharkhand,Paid Ads,423.0,4.0,39197.0,1,3,4,8.0,At Risk
C00954,2025-06-01,Male,26.0,Nagpur,Maharashtra,Social Media,28.0,5.0,23421.0,4,4,4,12.0,Champions
C04331,2024-09-03,Female,51.0,Ranchi,Jharkhand,Organic Search,125.0,8.0,14257.0,2,5,3,10.0,At Risk
C00733,2025-06-14,Female,38.0,Jaipur,Rajasthan,Organic Search,50.0,1.0,2139.0,4,1,1,6.0,Potential Loyalists
C01157,2024-10-31,Female,34.0,Surat,Gujarat,Organic Search,301.0,3.0,8986.0,1,2,2,5.0,Lost
C03295,2026-02-27,Male,18.0,Jaipur,Rajasthan,Referral,38.0,4.0,23056.0,4,3,4,11.0,Loyal Customers
C02983,2026-05-27,Female,33.0,Patna,Bihar,Social Media,47.0,1.0,9895.0,4,1,2,7.0,Potential Loyalists
C02157,2026-03-11,Male,46.0,Noida,Uttar Pradesh,Social Media,40.0,1.0,4977.0,4,1,1,6.0,Potential Loyalists
C01063,2026-03-02,Male,33.0,Udaipur,Rajasthan,Organic Search,16.0,7.0,99999.0,5,4,5,14.0,Champions
C02617,2026-02-16,Male,40.0,Noida,Uttar Pradesh,Paid Ads,190.0,1.0,9757.0,2,1,2,5.0,Lost
C01168,2026-04-03,Female,33.0,Chennai,Tamil Nadu,Social Media,40.0,1.0,7607.0,4,1,2,7.0,Potential Loyalists
C03223,2025-02-24,Male,26.0,Jaipur,Rajasthan,Paid Ads,166.0,3.0,7467.0,2,3,2,7.0,At Risk
C03637,2024-06-27,Female,27.0,Coimbatore,Tamil Nadu,Organic Search,479.0,1.0,8146.0,1,1,2,4.0,Lost
C02939,2025-03-16,Other,32.0,Patna,Bihar,Email,31.0,11.0,84841.0,4,5,5,14.0,Champions
C04492,2025-12-28,Male,30.0,Kolkata,West Bengal,Email,236.0,8.0,25714.0,1,5,4,10.0,At Risk
C03141,2024-12-14,Male,41.0,Gurugram,Haryana,Referral,88.0,1.0,6658.0,3,1,2,6.0,Lost
C00144,2025-07-29,Unknown,34.0,Patna,Bihar,Paid Ads,124.0,1.0,3018.0,2,1,1,4.0,Lost
C03578,2026-01-12,Female,18.0,Mumbai,Maharashtra,Referral,36.0,6.0,59114.0,4,4,5,13.0,Champions
C02783,2025-06-03,Male,48.0,Nagpur,Maharashtra,Referral,302.0,12.0,43468.0,1,5,5,11.0,At Risk
C00718,2025-08-01,Male,40.0,Jaipur,Rajasthan,Paid Ads,76.0,8.0,37964.0,3,4,4,11.0,Loyal Customers
C01820,2025-03-11,Female,40.0,Ahmedabad,Unknown,Organic Search,57.0,3.0,43610.0,3,2,5,10.0,Lost
C02503,2026-01-30,Female,18.0,Mumbai,Maharashtra,Organic Search,205.0,1.0,6275.0,2,1,1,4.0,Lost
C04361,2024-10-08,Female,21.0,Ahmedabad,Gujarat,Paid Ads,103.0,1.0,5498.0,3,1,1,5.0,Lost
C04172,2026-07-25,Male,32.0,Delhi,Delhi,Paid Ads,173.0,1.0,2319.0,2,1,1,4.0,Lost
C00396,2025-10-16,Male,26.0,Udaipur,Rajasthan,Social Media,31.0,12.0,143567.0,4,5,5,14.0,Champions
C04849,2026-01-12,Male,40.0,Bengaluru,Karnataka,Social Media,221.0,1.0,17921.0,1,2,3,6.0,Lost
C04493,2026-01-06,Female,41.0,Kochi,Kerala,Paid Ads,,,,,,,,No Completed Purchase
C01366,2026-02-15,Female,26.0,Gurugram,Haryana,Social Media,192.0,8.0,56151.0,2,5,5,12.0,At Risk
C04571,2025-10-19,Male,35.0,Bhubaneswar,Odisha,Social Media,10.0,1.0,339.0,5,1,1,7.0,Potential Loyalists
C00596,2024-10-30,Female,18.0,Lucknow,Uttar Pradesh,Paid Ads,257.0,3.0,22200.0,1,2,3,6.0,Lost
C03953,2024-05-19,Female,18.0,Patna,Bihar,Organic Search,46.0,4.0,6604.0,4,3,2,9.0,Loyal Customers
C02915,2025-08-19,Male,44.0,Thiruvananthapuram,Kerala,Email,46.0,5.0,14629.0,4,4,3,11.0,Loyal Customers
C02327,2025-06-26,Male,35.0,Lucknow,Uttar Pradesh,Social Media,403.0,5.0,42951.0,1,4,5,10.0,At Risk
C03767,2024-08-28,Male,26.0,Vijayawada,Andhra Pradesh,Organic Search,141.0,15.0,101937.0,2,5,5,12.0,At Risk
C03441,2026-04-08,Male,18.0,Udaipur,Rajasthan,Paid Ads,180.0,2.0,2997.0,2,2,1,5.0,Lost
C03852,2026-01-18,Female,23.0,Vijayawada,Andhra Pradesh,Paid Ads,184.0,7.0,35493.0,2,4,4,10.0,At Risk
C04133,2026-03-07,Female,24.0,Bengaluru,Karnataka,Organic Search,146.0,1.0,8157.0,2,1,2,5.0,Lost
C04604,2025-03-29,Male,28.0,Chandigarh,Chandigarh,Organic Search,18.0,12.0,80738.0,5,5,5,15.0,Champions
C02144,2025-07-02,Male,26.0,Kolkata,West Bengal,Organic Search,378.0,1.0,2039.0,1,1,1,3.0,Lost
C01572,2026-05-02,Female,40.0,Mumbai,Maharashtra,Paid Ads,79.0,4.0,19432.0,3,3,3,9.0,Loyal Customers
C04080,2025-04-28,Female,31.0,Chandigarh,Chandigarh,Social Media,18.0,1.0,2838.0,5,1,1,7.0,Potential Loyalists
C01123,2025-07-06,Female,29.0,Surat,Gujarat,Referral,28.0,1.0,3818.0,4,1,1,6.0,Potential Loyalists
C02787,2025-07-05,Female,33.0,Pune,Maharashtra,Social Media,116.0,7.0,44535.0,3,4,5,12.0,Loyal Customers
C02968,2024-08-28,Female,22.0,Jaipur,Rajasthan,Social Media,5.0,3.0,9753.0,5,3,2,10.0,Loyal Customers
C02505,2025-04-11,Male,19.0,Patna,Bihar,Referral,,,,,,,,No Completed Purchase
C03466,2025-08-10,Male,25.0,Chandigarh,Chandigarh,Organic Search,1.0,5.0,15412.0,5,4,3,12.0,Loyal Customers
C00676,2025-06-01,Unknown,54.0,Udaipur,Rajasthan,Referral,214.0,1.0,2359.0,1,1,1,3.0,Lost
C02809,2025-07-30,Male,30.0,Mumbai,Maharashtra,Organic Search,235.0,3.0,13511.0,1,3,3,7.0,At Risk
C03349,2026-06-11,Female,28.0,Kochi,Kerala,Paid Ads,18.0,6.0,14193.0,5,4,3,12.0,Loyal Customers
C00729,2025-04-28,Female,38.0,Ranchi,Jharkhand,Paid Ads,,,,,,,,No Completed Purchase
C00413,2026-06-19,Female,38.0,Bhubaneswar,Odisha,Organic Search,130.0,2.0,22696.0,2,2,3,7.0,Lost
C03147,2025-03-18,Female,46.0,Ranchi,Jharkhand,Social Media,139.0,4.0,16594.0,2,3,3,8.0,At Risk
C01517,2025-03-07,Male,32.0,Udaipur,Rajasthan,Referral,51.0,6.0,39049.0,4,4,4,12.0,Champions
C00826,2026-06-03,Male,21.0,Nagpur,Maharashtra,Social Media,110.0,1.0,1679.0,3,1,1,5.0,Lost
C03268,2025-11-27,Female,44.0,Pune,Maharashtra,Organic Search,223.0,1.0,5587.0,1,1,1,3.0,Lost
C03975,2025-06-21,Male,31.0,Kochi,Kerala,Organic Search,131.0,1.0,5616.0,2,1,1,4.0,Lost
C00617,2025-05-02,Male,41.0,Mumbai,Maharashtra,Organic Search,276.0,4.0,12453.0,1,3,2,6.0,At Risk
C00115,2025-01-07,Female,46.0,Guwahati,Assam,Email,556.0,2.0,16243.0,1,2,3,6.0,Lost
C00418,2025-12-03,Female,34.0,Mysuru,Karnataka,Paid Ads,67.0,1.0,659.0,3,1,1,5.0,Lost
C03070,2025-03-23,Female,43.0,Surat,Gujarat,Paid Ads,330.0,3.0,28215.0,1,3,4,8.0,At Risk
C01626,2025-08-08,Female,50.0,Faridabad,Haryana,Organic Search,367.0,8.0,82304.0,1,5,5,11.0,At Risk
C04963,2024-08-18,Female,40.0,Bhubaneswar,Odisha,Paid Ads,46.0,4.0,32718.0,4,3,4,11.0,Loyal Customers
C04186,2024-08-06,Male,18.0,Udaipur,Rajasthan,Paid Ads,178.0,14.0,50783.0,2,5,5,12.0,At Risk
C02897,2024-08-02,Male,29.0,Coimbatore,Tamil Nadu,Organic Search,224.0,6.0,39140.0,1,4,4,9.0,At Risk
C04684,2024-10-22,Female,34.0,Visakhapatnam,Andhra Pradesh,Social Media,520.0,1.0,3478.0,1,2,1,4.0,Lost
C02083,2026-03-07,Male,24.0,Indore,Madhya Pradesh,Social Media,90.0,8.0,32324.0,3,5,4,12.0,Loyal Customers
C00754,2025-08-14,Male,19.0,Bhubaneswar,Odisha,Social Media,23.0,15.0,66497.0,5,5,5,15.0,Champions
C02547,2024-08-10,Female,18.0,Lucknow,Uttar Pradesh,Email,154.0,7.0,42346.0,2,4,5,11.0,At Risk
C03970,2024-08-02,Male,32.0,Ahmedabad,Gujarat,Paid Ads,2.0,6.0,71151.0,5,4,5,14.0,Champions
C03374,2024-09-20,Female,40.0,Mysuru,Karnataka,Organic Search,278.0,8.0,47253.0,1,5,5,11.0,At Risk
C04108,2025-10-23,Female,18.0,Visakhapatnam,Andhra Pradesh,Organic Search,245.0,14.0,51566.0,1,5,5,11.0,At Risk
C02445,2025-12-17,Female,37.0,Noida,Uttar Pradesh,Paid Ads,18.0,1.0,4226.0,5,1,1,7.0,Potential Loyalists
C04381,2025-11-05,Female,25.0,Patna,Bihar,Email,285.0,7.0,18688.0,1,4,3,8.0,At Risk
C01067,2025-11-22,Male,27.0,Gurugram,Haryana,Paid Ads,163.0,4.0,54733.0,2,3,5,10.0,At Risk
C03914,2026-04-20,Female,41.0,Kolkata,West Bengal,Social Media,22.0,12.0,120615.0,5,5,5,15.0,Champions
C03499,2024-11-24,Female,31.0,Patna,Bihar,Organic Search,34.0,3.0,27668.0,4,3,4,11.0,Loyal Customers
C02739,2025-11-18,Female,34.0,Kochi,Kerala,Paid Ads,227.0,8.0,22366.0,1,5,3,9.0,At Risk
C04001,2026-01-06,Female,37.0,Visakhapatnam,Andhra Pradesh,Organic Search,227.0,7.0,53217.0,1,4,5,10.0,At Risk
C01569,2026-06-18,Male,31.0,Chandigarh,Chandigarh,Email,61.0,3.0,7306.0,3,2,2,7.0,Lost
C02428,2026-07-05,Male,33.0,Hyderabad,Telangana,Organic Search,36.0,4.0,14953.0,4,3,3,10.0,Loyal Customers
C03747,2025-12-29,Male,48.0,Gurugram,Haryana,Email,208.0,8.0,59435.0,2,5,5,12.0,At Risk
C04652,2024-11-29,Female,35.0,Jaipur,Rajasthan,Paid Ads,28.0,2.0,5656.0,4,2,1,7.0,Potential Loyalists
C01688,2026-01-12,Female,34.0,Lucknow,Uttar Pradesh,Paid Ads,214.0,13.0,38559.0,1,5,4,10.0,At Risk
C00852,2025-04-23,Male,18.0,Jaipur,Rajasthan,Referral,143.0,13.0,48263.0,2,5,5,12.0,At Risk
C03547,2025-05-17,Male,21.0,Kochi,Kerala,Organic Search,104.0,4.0,26871.0,3,3,4,10.0,Loyal Customers
C00896,2026-01-04,Male,26.0,Gurugram,Haryana,Referral,58.0,1.0,3329.0,3,1,1,5.0,Lost
C04593,2025-09-12,Female,40.0,Indore,Madhya Pradesh,Organic Search,117.0,4.0,34405.0,2,3,4,9.0,At Risk
C00336,2024-10-03,Male,37.0,Visakhapatnam,Andhra Pradesh,Social Media,7.0,8.0,42963.0,5,4,5,14.0,Champions
C02840,2025-02-10,Male,20.0,Jaipur,Rajasthan,Paid Ads,,,,,,,,No Completed Purchase
C03088,2024-12-03,Female,25.0,Kolkata,West Bengal,Email,14.0,2.0,7205.0,5,2,2,9.0,Potential Loyalists
C01349,2025-01-06,Male,28.0,Kochi,Kerala,Social Media,560.0,2.0,6407.0,1,2,1,4.0,Lost
C01016,2026-04-14,Male,27.0,Gurugram,Haryana,Referral,106.0,1.0,2136.0,3,1,1,5.0,Lost
C02817,2024-11-13,Female,35.0,Chennai,Tamil Nadu,Email,40.0,3.0,18823.0,4,3,3,10.0,Loyal Customers
C01632,2026-01-02,Female,21.0,Chennai,Tamil Nadu,Organic Search,46.0,2.0,19107.0,4,2,3,9.0,Potential Loyalists
C02490,2024-12-27,Male,26.0,Guwahati,Assam,Social Media,208.0,2.0,8186.0,2,2,2,6.0,Lost
C03731,2025-06-08,Male,21.0,Nagpur,Maharashtra,Organic Search,6.0,14.0,40747.0,5,5,4,14.0,Champions
C03252,2025-06-07,Female,39.0,Mysuru,Karnataka,Social Media,260.0,12.0,101309.0,1,5,5,11.0,At Risk
C04647,2025-08-16,Male,31.0,Guwahati,Assam,Email,306.0,1.0,5097.0,1,2,1,4.0,Lost
C02071,2026-03-17,Female,29.0,Kochi,Kerala,Organic Search,49.0,2.0,8446.0,4,2,2,8.0,Potential Loyalists
C04453,2025-03-14,Male,39.0,Noida,Uttar Pradesh,Organic Search,508.0,2.0,22193.0,1,2,3,6.0,Lost
C04895,2025-07-25,Male,33.0,Mysuru,Karnataka,Social Media,25.0,2.0,15892.0,5,2,3,10.0,Potential Loyalists
C01636,2026-01-21,Male,38.0,Chandigarh,Chandigarh,Organic Search,124.0,2.0,8935.0,2,2,2,6.0,Lost
C02480,2025-11-10,Female,40.0,Kochi,Kerala,Referral,235.0,3.0,10176.0,1,3,2,6.0,At Risk
C02266,2025-02-28,Male,36.0,Delhi,Delhi,Paid Ads,56.0,3.0,14741.0,3,2,3,8.0,Lost
C02960,2026-06-10,Female,36.0,Udaipur,Rajasthan,Email,16.0,3.0,14135.0,5,3,3,11.0,Loyal Customers
C04744,2025-02-03,Female,35.0,Kolkata,West Bengal,Organic Search,141.0,2.0,19711.0,2,2,3,7.0,Lost
C03060,2025-07-11,Female,32.0,Vijayawada,Andhra Pradesh,Paid Ads,155.0,1.0,5538.0,2,1,1,4.0,Lost
C02142,2024-11-20,Male,33.0,Coimbatore,Tamil Nadu,Email,423.0,4.0,15733.0,1,3,3,7.0,At Risk
C03119,2024-11-24,Male,43.0,Thiruvananthapuram,Kerala,Referral,41.0,5.0,11013.0,4,4,2,10.0,Loyal Customers
C04846,2025-08-10,Female,36.0,Patna,Bihar,Email,374.0,5.0,19199.0,1,4,3,8.0,At Risk
C04046,2024-11-01,Male,48.0,Faridabad,Haryana,Social Media,14.0,7.0,19268.0,5,4,3,12.0,Loyal Customers
C03357,2026-04-30,Male,34.0,Kolkata,West Bengal,Organic Search,120.0,5.0,11973.0,2,4,2,8.0,At Risk
C02745,2025-09-01,Female,35.0,Ranchi,Jharkhand,Referral,243.0,7.0,12029.0,1,4,2,7.0,At Risk
C03507,2026-03-18,Male,20.0,Kochi,Kerala,Organic Search,54.0,5.0,11933.0,4,4,2,10.0,Loyal Customers
C01680,2025-02-23,Female,39.0,Jaipur,Rajasthan,Organic Search,27.0,2.0,6438.0,5,2,1,8.0,Potential Loyalists
C04250,2024-12-03,Female,25.0,Indore,Madhya Pradesh,Social Media,19.0,1.0,1059.0,5,1,1,7.0,Potential Loyalists
C03148,2025-05-29,Male,43.0,Vijayawada,Andhra Pradesh,Social Media,302.0,4.0,26440.0,1,3,4,8.0,At Risk
C02295,2025-12-06,Male,39.0,Ahmedabad,Gujarat,Social Media,239.0,1.0,6467.0,1,1,1,3.0,Lost
C00581,2026-05-13,Female,40.0,Delhi,Delhi,Email,56.0,1.0,339.0,3,1,1,5.0,Lost
C01471,2026-04-20,Female,39.0,Patna,Bihar,Organic Search,,,,,,,,No Completed Purchase
C04071,2025-11-07,Female,38.0,Udaipur,Rajasthan,Paid Ads,268.0,1.0,469.0,1,1,1,3.0,Lost
C03344,2025-08-24,Female,36.0,Faridabad,Haryana,Organic Search,304.0,2.0,15554.0,1,2,3,6.0,Lost
C04584,2024-04-16,Female,30.0,Lucknow,Uttar Pradesh,Social Media,,,,,,,,No Completed Purchase
C03673,2025-02-03,Female,30.0,Udaipur,Rajasthan,Organic Search,,,,,,,,No Completed Purchase
C00560,2024-11-07,Female,27.0,Faridabad,Haryana,Referral,581.0,2.0,5476.0,1,2,1,4.0,Lost
C02850,2025-09-17,Unknown,32.0,Faridabad,Haryana,Organic Search,54.0,10.0,52609.0,4,5,5,14.0,Champions
C00513,2025-03-06,Male,18.0,Bhopal,Madhya Pradesh,Referral,25.0,16.0,61952.0,5,5,5,15.0,Champions
C01082,2026-02-08,Male,42.0,Vijayawada,Andhra Pradesh,Organic Search,179.0,1.0,7675.0,2,1,2,5.0,Lost
C01665,2025-09-25,Female,42.0,Surat,Gujarat,Paid Ads,143.0,4.0,54749.0,2,3,5,10.0,At Risk
C01013,2025-12-29,Male,41.0,Thiruvananthapuram,Kerala,Organic Search,25.0,3.0,8136.0,5,2,2,9.0,Potential Loyalists
C01932,2025-07-01,Other,21.0,Vijayawada,Andhra Pradesh,Social Media,28.0,7.0,21237.0,4,4,3,11.0,Loyal Customers
C01151,2025-12-15,Male,33.0,Gurugram,Haryana,Organic Search,52.0,7.0,40055.0,4,4,4,12.0,Champions
C02839,2026-06-05,Female,43.0,Faridabad,Haryana,Referral,107.0,6.0,13973.0,3,4,3,10.0,Loyal Customers
C00117,2026-04-01,Male,37.0,Thiruvananthapuram,Kerala,Organic Search,94.0,16.0,99845.0,3,5,5,13.0,Loyal Customers
C00741,2026-01-24,Female,32.0,Visakhapatnam,Andhra Pradesh,Referral,214.0,7.0,44122.0,1,4,5,10.0,At Risk
C04819,2024-09-04,Male,40.0,Nagpur,Maharashtra,Email,539.0,4.0,24938.0,1,3,4,8.0,At Risk
C03676,2025-05-15,Male,39.0,Udaipur,Rajasthan,Referral,85.0,17.0,85200.0,3,5,5,13.0,Loyal Customers
C00831,2025-11-13,Male,33.0,Vijayawada,Andhra Pradesh,Paid Ads,261.0,1.0,4148.0,1,1,1,3.0,Lost
C00120,2025-04-01,Male,42.0,Indore,Madhya Pradesh,Organic Search,10.0,1.0,7374.0,5,1,2,8.0,Potential Loyalists
C04792,2026-03-10,Female,41.0,Noida,Uttar Pradesh,Referral,102.0,4.0,10395.0,3,3,2,8.0,Loyal Customers
C04751,2024-09-12,Male,42.0,Guwahati,Assam,Email,79.0,2.0,4588.0,3,2,1,6.0,Lost
C00636,2025-08-02,Female,25.0,Udaipur,Rajasthan,Paid Ads,14.0,2.0,7747.0,5,2,2,9.0,Potential Loyalists
C04466,2025-07-27,Female,36.0,Guwahati,Assam,Paid Ads,40.0,2.0,34903.0,4,2,4,10.0,Potential Loyalists
C04365,2024-12-21,Female,28.0,Chandigarh,Chandigarh,Organic Search,49.0,5.0,14683.0,4,4,3,11.0,Loyal Customers
C04143,2025-10-16,Female,18.0,Ahmedabad,Gujarat,Social Media,60.0,12.0,63532.0,3,5,5,13.0,Loyal Customers
C00992,2025-05-01,Female,27.0,Bhopal,Madhya Pradesh,Organic Search,11.0,9.0,64101.0,5,5,5,15.0,Champions
C00877,2026-04-16,Male,42.0,Mumbai,Maharashtra,Organic Search,77.0,4.0,19131.0,3,3,3,9.0,Loyal Customers
C00005,2026-03-07,Female,18.0,Bengaluru,Karnataka,Organic Search,118.0,1.0,7338.0,2,1,2,5.0,Lost
C03052,2025-12-13,Female,40.0,Bengaluru,Karnataka,Social Media,126.0,3.0,15642.0,2,3,3,8.0,At Risk
C03125,2025-01-31,Female,35.0,Patna,Bihar,Paid Ads,201.0,4.0,19250.0,2,3,3,8.0,At Risk
C02661,2024-03-24,Male,28.0,Mumbai,Maharashtra,Email,188.0,3.0,10083.0,2,3,2,7.0,At Risk
C02492,2025-04-19,Female,27.0,Faridabad,Haryana,Organic Search,434.0,13.0,78571.0,1,5,5,11.0,At Risk
C03855,2026-03-25,Male,38.0,Lucknow,Uttar Pradesh,Social Media,72.0,2.0,20773.0,3,2,3,8.0,Lost
C01716,2026-01-12,Female,24.0,Hyderabad,Telangana,Referral,44.0,1.0,3548.0,4,1,1,6.0,Potential Loyalists
C01149,2025-05-06,Male,25.0,Noida,Uttar Pradesh,Social Media,127.0,3.0,29717.0,2,2,4,8.0,Lost
C03262,2026-03-22,Female,41.0,Noida,Uttar Pradesh,Paid Ads,16.0,3.0,30487.0,5,3,4,12.0,Loyal Customers
C00575,2025-11-09,Male,34.0,Bhubaneswar,Odisha,Paid Ads,13.0,3.0,11794.0,5,2,2,9.0,Potential Loyalists
C03770,2025-09-03,Male,23.0,Ahmedabad,Gujarat,Referral,309.0,3.0,7066.0,1,3,2,6.0,At Risk
C03737,2025-02-26,Male,30.0,Kochi,Kerala,Social Media,511.0,8.0,48704.0,1,5,5,11.0,At Risk
C04147,2026-07-07,Male,32.0,Mysuru,Karnataka,Organic Search,32.0,2.0,2407.0,4,2,1,7.0,Potential Loyalists
C00854,2026-03-30,Male,26.0,Bengaluru,Karnataka,Referral,54.0,8.0,51362.0,4,5,5,14.0,Champions
C01983,2026-05-11,Male,35.0,Delhi,Delhi,Social Media,51.0,12.0,32261.0,4,5,4,13.0,Champions
C02775,2025-03-07,Female,41.0,Vijayawada,Andhra Pradesh,Organic Search,60.0,1.0,4437.0,3,1,1,5.0,Lost
C01167,2026-04-08,Male,20.0,Chandigarh,Chandigarh,Social Media,111.0,8.0,33314.0,3,5,4,12.0,Loyal Customers
C00972,2025-01-24,Female,38.0,Mumbai,Maharashtra,Social Media,115.0,4.0,36645.0,3,3,4,10.0,Loyal Customers
C02702,2025-06-28,Female,39.0,Visakhapatnam,Andhra Pradesh,Organic Search,15.0,1.0,5927.0,5,1,1,7.0,Potential Loyalists
C04496,2024-05-24,Female,39.0,Bhopal,Madhya Pradesh,Referral,352.0,15.0,184540.0,1,5,5,11.0,At Risk
C03848,2025-10-26,Male,25.0,Delhi,Delhi,Social Media,41.0,4.0,14040.0,4,3,3,10.0,Loyal Customers
C02369,2026-04-12,Female,27.0,Ranchi,Jharkhand,Paid Ads,96.0,14.0,91761.0,3,5,5,13.0,Loyal Customers
C04116,2026-03-21,Female,21.0,Bhopal,Madhya Pradesh,Organic Search,83.0,6.0,77008.0,3,4,5,12.0,Loyal Customers
C04132,2024-05-17,Female,40.0,Pune,Maharashtra,Social Media,113.0,5.0,16699.0,3,4,3,10.0,Loyal Customers
C02951,2024-09-23,Female,25.0,Mumbai,Maharashtra,Paid Ads,133.0,9.0,77995.0,2,5,5,12.0,At Risk
C00525,2026-04-12,Male,23.0,Chennai,Tamil Nadu,Social Media,51.0,11.0,85945.0,4,5,5,14.0,Champions
C02456,2024-03-29,Female,44.0,Pune,Maharashtra,Email,383.0,3.0,11053.0,1,3,2,6.0,At Risk
C01842,2026-03-15,Female,41.0,Chennai,Tamil Nadu,Paid Ads,176.0,2.0,4124.0,2,2,1,5.0,Lost
C00538,2025-10-10,Male,31.0,Guwahati,Assam,Organic Search,38.0,1.0,1099.0,4,1,1,6.0,Potential Loyalists
C02807,2025-06-28,Male,20.0,Lucknow,Uttar Pradesh,Paid Ads,377.0,5.0,35474.0,1,4,4,9.0,At Risk
C04342,2026-04-26,Female,30.0,Guwahati,Assam,Organic Search,,,,,,,,No Completed Purchase
C03176,2025-12-17,Male,35.0,Pune,Maharashtra,Paid Ads,172.0,3.0,6555.0,2,3,2,7.0,At Risk
C00785,2024-08-21,Male,40.0,Ahmedabad,Gujarat,Paid Ads,177.0,2.0,6547.0,2,2,2,6.0,Lost
C04058,2026-06-20,Male,37.0,Faridabad,Haryana,Paid Ads,112.0,4.0,38555.0,3,3,4,10.0,Loyal Customers
C01410,2026-02-09,Male,37.0,Kochi,Kerala,Organic Search,24.0,2.0,10736.0,5,2,2,9.0,Potential Loyalists
C02538,2025-08-25,Male,30.0,Hyderabad,Telangana,Organic Search,341.0,2.0,6274.0,1,2,1,4.0,Lost
C00155,2025-06-01,Male,27.0,Surat,Gujarat,Social Media,37.0,4.0,25239.0,4,3,4,11.0,Loyal Customers
C03010,2026-04-20,Male,31.0,Mumbai,Maharashtra,Social Media,54.0,2.0,12964.0,4,2,2,8.0,Potential Loyalists
C01687,2026-02-13,Female,18.0,Surat,Gujarat,Email,,,,,,,,No Completed Purchase
C02902,2024-10-30,Female,25.0,Udaipur,Rajasthan,Referral,1.0,1.0,11574.0,5,1,2,8.0,Potential Loyalists
C04962,2025-12-12,Female,34.0,Bengaluru,Karnataka,Paid Ads,39.0,15.0,58284.0,4,5,5,14.0,Champions
C03864,2025-06-12,Female,35.0,Surat,Gujarat,Organic Search,132.0,1.0,6458.0,2,1,1,4.0,Lost
C02734,2026-06-17,Male,21.0,Ranchi,Jharkhand,Paid Ads,34.0,9.0,43733.0,4,5,5,14.0,Champions
C01896,2024-09-08,Female,29.0,Indore,Madhya Pradesh,Paid Ads,68.0,3.0,6475.0,3,2,1,6.0,Lost
C00570,2025-06-04,Female,26.0,Mysuru,Karnataka,Social Media,181.0,1.0,658.0,2,1,1,4.0,Lost
C01817,2025-10-03,Unknown,33.0,Ranchi,Jharkhand,Organic Search,18.0,3.0,12707.0,5,2,2,9.0,Potential Loyalists
C02066,2026-02-05,Unknown,29.0,Lucknow,Uttar Pradesh,Social Media,115.0,1.0,6597.0,3,1,2,6.0,Lost
C00128,2025-07-21,Female,38.0,Ahmedabad,Gujarat,Referral,151.0,8.0,35494.0,2,4,4,10.0,At Risk
C03395,2025-03-14,Male,28.0,Ahmedabad,Gujarat,Social Media,157.0,12.0,81565.0,2,5,5,12.0,At Risk
C03328,2026-05-17,Male,26.0,Hyderabad,Telangana,Paid Ads,30.0,2.0,3937.0,4,2,1,7.0,Potential Loyalists
C04999,2025-04-10,Male,34.0,Hyderabad,Telangana,Organic Search,173.0,2.0,5754.0,2,2,1,5.0,Lost
C02976,2026-02-14,Male,37.0,Jaipur,Rajasthan,Social Media,194.0,1.0,2239.0,2,1,1,4.0,Lost
C00981,2025-02-14,Female,24.0,Ahmedabad,Gujarat,Social Media,513.0,1.0,1286.0,1,1,1,3.0,Lost
C02301,2024-05-11,Male,38.0,Patna,Bihar,Organic Search,22.0,7.0,49157.0,5,4,5,14.0,Champions
C00191,2025-08-18,Female,38.0,Jaipur,Rajasthan,Paid Ads,33.0,5.0,17083.0,4,4,3,11.0,Loyal Customers
C01140,2024-09-14,Male,18.0,Nagpur,Maharashtra,Social Media,435.0,1.0,3808.0,1,1,1,3.0,Lost
C00700,2025-09-11,Female,24.0,Thiruvananthapuram,Kerala,Paid Ads,3.0,3.0,6165.0,5,2,1,8.0,Potential Loyalists
C04793,2026-01-15,Male,26.0,Kochi,Kerala,Organic Search,202.0,11.0,131760.0,2,5,5,12.0,At Risk
C00607,2024-09-13,Female,28.0,Kochi,Kerala,Organic Search,458.0,9.0,106050.0,1,5,5,11.0,At Risk
C04277,2025-06-07,Unknown,26.0,Patna,Bihar,Paid Ads,27.0,7.0,46554.0,5,4,5,14.0,Champions
C00302,2026-01-19,Female,23.0,Chandigarh,Chandigarh,Paid Ads,44.0,14.0,108517.0,4,5,5,14.0,Champions
C03421,2024-04-23,Male,26.0,Lucknow,Uttar Pradesh,Paid Ads,367.0,3.0,7696.0,1,3,2,6.0,At Risk
C04833,2025-10-13,Female,41.0,Surat,Gujarat,Referral,50.0,2.0,9016.0,4,2,2,8.0,Potential Loyalists
C01061,2026-01-31,Female,20.0,Lucknow,Uttar Pradesh,Organic Search,52.0,8.0,25887.0,4,5,4,13.0,Champions
C02566,2025-09-14,Male,27.0,Lucknow,Uttar Pradesh,Organic Search,283.0,5.0,25657.0,1,4,4,9.0,At Risk
C01070,2026-07-26,Female,28.0,Bengaluru,Karnataka,Social Media,16.0,14.0,39325.0,5,5,4,14.0,Champions
C02525,2025-06-29,Male,34.0,Kanpur,Uttar Pradesh,Organic Search,57.0,1.0,2449.0,3,1,1,5.0,Lost
C02206,2026-01-12,Female,57.0,Patna,Bihar,Paid Ads,226.0,10.0,31825.0,1,5,4,10.0,At Risk
C01244,2024-10-11,Female,37.0,Udaipur,Rajasthan,Paid Ads,35.0,3.0,4247.0,4,2,1,7.0,Potential Loyalists
C00017,2026-06-28,Female,43.0,Bhubaneswar,Odisha,Social Media,10.0,4.0,35783.0,5,3,4,12.0,Loyal Customers
C03121,2026-05-20,Female,37.0,Vijayawada,Andhra Pradesh,Email,67.0,2.0,4697.0,3,2,1,6.0,Lost
C04643,2025-11-02,Female,46.0,Ahmedabad,Gujarat,Email,2.0,9.0,66777.0,5,5,5,15.0,Champions
C00816,2025-05-26,Female,29.0,Kolkata,West Bengal,Email,292.0,4.0,31934.0,1,3,4,8.0,At Risk
C03068,2026-03-26,Male,19.0,Vijayawada,Andhra Pradesh,Organic Search,51.0,17.0,70916.0,4,5,5,14.0,Champions
C04797,2025-11-03,Female,44.0,Bengaluru,Karnataka,Paid Ads,274.0,3.0,7676.0,1,3,2,6.0,At Risk
C00960,2024-12-14,Male,33.0,Surat,Gujarat,Organic Search,59.0,2.0,15211.0,3,2,3,8.0,Lost
C00226,2024-10-31,Male,38.0,Chandigarh,Chandigarh,Social Media,92.0,6.0,23418.0,3,4,4,11.0,Loyal Customers
C03355,2026-04-10,Male,26.0,Kolkata,West Bengal,Social Media,13.0,11.0,62316.0,5,5,5,15.0,Champions
C02486,2026-05-04,Female,25.0,Bhubaneswar,Odisha,Organic Search,38.0,2.0,4847.0,4,2,1,7.0,Potential Loyalists
C00563,2025-02-27,Male,21.0,Ahmedabad,Gujarat,Email,55.0,15.0,179232.0,3,5,5,13.0,Loyal Customers
C03437,2024-06-12,Female,40.0,Udaipur,Rajasthan,Social Media,187.0,8.0,48021.0,2,5,5,12.0,At Risk
C01694,2024-08-20,Male,45.0,Ranchi,Jharkhand,Paid Ads,422.0,2.0,16871.0,1,2,3,6.0,Lost
C01046,2025-04-23,Female,32.0,Coimbatore,Tamil Nadu,Referral,76.0,5.0,10664.0,3,4,2,9.0,Loyal Customers
C03447,2025-12-10,Female,35.0,Visakhapatnam,Andhra Pradesh,Social Media,31.0,9.0,92392.0,4,5,5,14.0,Champions
C04566,2025-05-27,Female,23.0,Kanpur,Uttar Pradesh,Referral,53.0,4.0,17884.0,4,3,3,10.0,Loyal Customers
C00955,2024-09-14,Male,34.0,Ranchi,Jharkhand,Referral,479.0,1.0,2198.0,1,1,1,3.0,Lost
C04998,2026-01-11,Female,42.0,Udaipur,Rajasthan,Paid Ads,193.0,4.0,13163.0,2,3,3,8.0,At Risk
C02736,2026-05-21,Female,50.0,Pune,Maharashtra,Organic Search,55.0,3.0,16350.0,3,3,3,9.0,Loyal Customers
C04916,2025-07-06,Male,33.0,Delhi,Delhi,Organic Search,53.0,14.0,45674.0,4,5,5,14.0,Champions
C04736,2026-01-15,Male,36.0,Coimbatore,Tamil Nadu,Paid Ads,181.0,3.0,5176.0,2,3,1,6.0,At Risk
C04836,2024-08-13,Male,24.0,Chandigarh,Chandigarh,Organic Search,41.0,4.0,25718.0,4,3,4,11.0,Loyal Customers
C01219,2026-05-05,Male,24.0,Lucknow,Uttar Pradesh,Paid Ads,154.0,7.0,27525.0,2,4,4,10.0,At Risk
C01528,2026-02-10,Unknown,24.0,Thiruvananthapuram,Kerala,Social Media,155.0,13.0,74796.0,2,5,5,12.0,At Risk
C03988,2025-05-27,Male,27.0,Faridabad,Haryana,Social Media,350.0,1.0,17671.0,1,1,3,5.0,Lost
C01301,2025-09-09,Female,40.0,Coimbatore,Tamil Nadu,Social Media,163.0,7.0,15279.0,2,4,3,9.0,At Risk
C04904,2025-11-10,Male,18.0,Vijayawada,Andhra Pradesh,Paid Ads,42.0,2.0,21860.0,4,2,3,9.0,Potential Loyalists
C00161,2025-10-16,Female,31.0,Kochi,Kerala,Social Media,67.0,1.0,329.0,3,1,1,5.0,Lost
C04068,2025-04-27,Male,25.0,Bengaluru,Karnataka,Paid Ads,10.0,1.0,3489.0,5,1,1,7.0,Potential Loyalists
C00957,2026-03-27,Male,18.0,Lucknow,Uttar Pradesh,Email,31.0,7.0,24820.0,4,4,4,12.0,Champions
C03792,2024-08-02,Male,20.0,Faridabad,Haryana,Social Media,150.0,15.0,91598.0,2,5,5,12.0,At Risk
C03235,2024-05-09,Male,23.0,Bengaluru,Karnataka,Social Media,171.0,5.0,19940.0,2,4,3,9.0,At Risk
C02870,2026-06-30,Female,61.0,Hyderabad,Telangana,Paid Ads,15.0,4.0,27934.0,5,3,4,12.0,Loyal Customers
C03778,2025-11-18,Female,29.0,Hyderabad,Telangana,Organic Search,55.0,2.0,5788.0,3,2,1,6.0,Lost
C04434,2025-08-03,Female,18.0,Vijayawada,Andhra Pradesh,Organic Search,,,,,,,,No Completed Purchase
C02962,2025-08-03,Unknown,38.0,Bhopal,Madhya Pradesh,Referral,128.0,3.0,12633.0,2,3,2,7.0,At Risk
C02201,2024-10-13,Male,42.0,Vijayawada,Andhra Pradesh,Social Media,513.0,4.0,13001.0,1,3,3,7.0,At Risk
C00099,2024-12-29,Female,33.0,Ranchi,Jharkhand,Social Media,175.0,8.0,14748.0,2,4,3,9.0,At Risk
C02558,2025-05-26,Female,33.0,Visakhapatnam,Andhra Pradesh,Paid Ads,19.0,1.0,1699.0,5,1,1,7.0,Potential Loyalists
C03184,2025-09-03,Male,27.0,Faridabad,Haryana,Social Media,76.0,3.0,25052.0,3,3,4,10.0,Loyal Customers
C00254,2025-02-20,Male,39.0,Jaipur,Rajasthan,Organic Search,44.0,8.0,39505.0,4,4,4,12.0,Champions
C03924,2026-06-10,Male,51.0,Ahmedabad,Gujarat,Social Media,2.0,4.0,26344.0,5,3,4,12.0,Loyal Customers
C04200,2026-05-09,Male,18.0,Bengaluru,Karnataka,Email,87.0,16.0,167768.0,3,5,5,13.0,Loyal Customers
C01446,2025-11-24,Female,50.0,Indore,Madhya Pradesh,Organic Search,116.0,1.0,2657.0,3,1,1,5.0,Lost
C01649,2024-09-11,Female,27.0,Kolkata,West Bengal,Paid Ads,18.0,1.0,3107.0,5,1,1,7.0,Potential Loyalists
C04683,2026-05-12,Other,18.0,Faridabad,Haryana,Paid Ads,33.0,7.0,55184.0,4,4,5,13.0,Champions
C04724,2026-01-27,Female,34.0,Nagpur,Maharashtra,Organic Search,179.0,3.0,19028.0,2,3,3,8.0,At Risk
C03992,2026-03-13,Male,37.0,Coimbatore,Tamil Nadu,Organic Search,54.0,1.0,5946.0,4,1,1,6.0,Potential Loyalists
C01697,2025-08-19,Female,29.0,Hyderabad,Telangana,Social Media,170.0,9.0,23116.0,2,5,4,11.0,At Risk
C03192,2024-08-13,Male,25.0,Hyderabad,Telangana,Paid Ads,39.0,4.0,31808.0,4,3,4,11.0,Loyal Customers
C04500,2025-12-05,Male,53.0,Ranchi,Jharkhand,Paid Ads,69.0,6.0,12689.0,3,4,2,9.0,Loyal Customers
C01155,2025-12-18,Male,30.0,Noida,Uttar Pradesh,Referral,139.0,1.0,7747.0,2,1,2,5.0,Lost
C02256,2025-03-07,Other,39.0,Kolkata,West Bengal,Paid Ads,12.0,2.0,9785.0,5,2,2,9.0,Potential Loyalists
C01683,2026-04-18,Female,30.0,Ahmedabad,Gujarat,Paid Ads,132.0,3.0,17023.0,2,2,3,7.0,Lost
C03171,2024-11-27,Female,20.0,Gurugram,Haryana,Social Media,144.0,3.0,22459.0,2,3,3,8.0,At Risk
C02057,2025-04-19,Other,48.0,Noida,Uttar Pradesh,Social Media,30.0,2.0,8816.0,4,2,2,8.0,Potential Loyalists
C04091,2024-09-25,Other,25.0,Pune,Maharashtra,Social Media,59.0,6.0,38074.0,3,4,4,11.0,Loyal Customers
C03109,2026-02-17,Male,25.0,Ahmedabad,Gujarat,Organic Search,7.0,2.0,11712.0,5,2,2,9.0,Potential Loyalists
C04549,2024-11-09,Male,23.0,Guwahati,Assam,Organic Search,65.0,1.0,4598.0,3,1,1,5.0,Lost
C03724,2025-08-21,Male,27.0,Bhopal,Madhya Pradesh,Social Media,70.0,7.0,38584.0,3,4,4,11.0,Loyal Customers
C02050,2024-07-17,Male,26.0,Bhubaneswar,Odisha,Organic Search,22.0,1.0,6433.0,5,1,1,7.0,Potential Loyalists
C03644,2025-07-22,Female,49.0,Vijayawada,Andhra Pradesh,Referral,341.0,3.0,21551.0,1,3,3,7.0,At Risk
C04940,2026-06-04,Female,24.0,Ahmedabad,Gujarat,Organic Search,32.0,4.0,56043.0,4,3,5,12.0,Loyal Customers
C00624,2026-02-24,Female,32.0,Bhopal,Madhya Pradesh,Social Media,57.0,1.0,2449.0,3,1,1,5.0,Lost
C00263,2026-06-11,Male,30.0,Udaipur,Rajasthan,Organic Search,45.0,3.0,11684.0,4,2,2,8.0,Potential Loyalists
C03370,2026-05-24,Male,27.0,Jaipur,Rajasthan,Referral,41.0,8.0,17755.0,4,5,3,12.0,Loyal Customers
C04062,2026-03-15,Female,30.0,Noida,Uttar Pradesh,Social Media,58.0,2.0,5916.0,3,2,1,6.0,Lost
C01803,2026-04-15,Female,33.0,Chennai,Tamil Nadu,Social Media,73.0,2.0,9585.0,3,2,2,7.0,Lost
C04737,2025-02-26,Male,34.0,Guwahati,Assam,Social Media,25.0,1.0,5958.0,5,2,1,8.0,Potential Loyalists
C00207,2026-03-02,Male,44.0,Visakhapatnam,Andhra Pradesh,Referral,1.0,6.0,20929.0,5,4,3,12.0,Loyal Customers
C02386,2025-05-07,Male,37.0,Mumbai,Maharashtra,Social Media,49.0,1.0,3489.0,4,1,1,6.0,Potential Loyalists
C01960,2025-03-26,Male,39.0,Patna,Bihar,Referral,360.0,3.0,7385.0,1,2,2,5.0,Lost
C02977,2026-06-18,Male,45.0,Gurugram,Haryana,Referral,30.0,3.0,3947.0,4,3,1,8.0,Loyal Customers
C00489,2024-07-17,Male,18.0,Guwahati,Assam,Social Media,49.0,5.0,26186.0,4,4,4,12.0,Champions
C01844,2026-04-02,Male,18.0,Bengaluru,Karnataka,Email,58.0,4.0,11754.0,3,3,2,8.0,Loyal Customers
C01735,2024-10-17,Female,21.0,Gurugram,Haryana,Social Media,14.0,3.0,10105.0,5,2,2,9.0,Potential Loyalists
C02912,2025-09-28,Female,33.0,Delhi,Unknown,Social Media,74.0,1.0,9871.0,3,1,2,6.0,Lost
C03220,2024-06-02,Male,36.0,Bengaluru,Unknown,Organic Search,12.0,3.0,22117.0,5,3,3,11.0,Loyal Customers
C00147,2026-03-14,Unknown,27.0,Coimbatore,Tamil Nadu,Organic Search,27.0,2.0,6504.0,5,2,1,8.0,Potential Loyalists
C01987,2024-10-24,Female,38.0,Lucknow,Uttar Pradesh,Organic Search,112.0,7.0,37330.0,3,4,4,11.0,Loyal Customers
C01370,2025-06-16,Female,24.0,Indore,Madhya Pradesh,Social Media,39.0,9.0,60121.0,4,5,5,14.0,Champions
C02812,2025-10-05,Male,39.0,Patna,Bihar,Organic Search,273.0,12.0,78853.0,1,5,5,11.0,At Risk
C00660,2024-10-16,Male,42.0,Kochi,Kerala,Social Media,146.0,2.0,6786.0,2,2,2,6.0,Lost
C01795,2025-07-10,Female,39.0,Kochi,Kerala,Social Media,124.0,1.0,4448.0,2,1,1,4.0,Lost
C02512,2026-02-22,Female,27.0,Visakhapatnam,Andhra Pradesh,Organic Search,189.0,6.0,30769.0,2,4,4,10.0,At Risk
C03398,2024-05-29,Female,42.0,Indore,Madhya Pradesh,Email,535.0,1.0,1718.0,1,1,1,3.0,Lost
C04283,2026-02-02,Female,43.0,Coimbatore,Tamil Nadu,Paid Ads,200.0,3.0,19539.0,2,3,3,8.0,At Risk
C01148,2026-01-02,Female,45.0,Mumbai,Maharashtra,Social Media,169.0,2.0,7795.0,2,2,2,6.0,Lost
C03273,2026-06-25,Female,27.0,Udaipur,Rajasthan,Organic Search,,,,,,,,No Completed Purchase
C00609,2024-11-11,Male,33.0,Chandigarh,Chandigarh,Organic Search,27.0,5.0,13952.0,5,4,3,12.0,Loyal Customers
C03583,2026-01-24,Female,53.0,Bengaluru,Karnataka,Organic Search,25.0,3.0,10845.0,5,3,2,10.0,Loyal Customers
C01931,2025-03-21,Female,25.0,Bengaluru,Karnataka,Paid Ads,9.0,1.0,7027.0,5,1,2,8.0,Potential Loyalists
C00198,2025-06-17,Female,22.0,Coimbatore,Tamil Nadu,Social Media,159.0,5.0,31214.0,2,4,4,10.0,At Risk
C02932,2025-06-03,Female,36.0,Coimbatore,Tamil Nadu,Paid Ads,157.0,14.0,82954.0,2,5,5,12.0,At Risk
C02328,2026-05-05,Female,22.0,Ranchi,Jharkhand,Social Media,39.0,1.0,858.0,4,1,1,6.0,Potential Loyalists
C04390,2025-01-27,Female,46.0,Kanpur,Uttar Pradesh,Email,464.0,8.0,25162.0,1,5,4,10.0,At Risk
C00767,2025-11-01,Male,30.0,Vijayawada,Andhra Pradesh,Organic Search,5.0,1.0,6757.0,5,1,2,8.0,Potential Loyalists
C04497,2026-04-13,Female,30.0,Guwahati,Assam,Paid Ads,18.0,5.0,29576.0,5,4,4,13.0,Champions
C04219,2024-06-26,Unknown,23.0,Guwahati,Assam,Referral,192.0,4.0,9482.0,2,3,2,7.0,At Risk
C03256,2025-07-16,Female,22.0,Chandigarh,Chandigarh,Email,314.0,4.0,11154.0,1,3,2,6.0,At Risk
C00203,2025-11-22,Male,19.0,Guwahati,Assam,Referral,18.0,1.0,7086.0,5,1,2,8.0,Potential Loyalists
C03511,2024-10-13,Male,49.0,Kolkata,Unknown,Organic Search,168.0,4.0,47220.0,2,3,5,10.0,At Risk
C01734,2025-05-24,Male,31.0,Kolkata,West Bengal,Email,142.0,5.0,30133.0,2,4,4,10.0,At Risk
C02778,2025-02-06,Female,33.0,Jaipur,Rajasthan,Referral,,,,,,,,No Completed Purchase
C01708,2026-05-13,Male,33.0,Ahmedabad,Gujarat,Social Media,5.0,9.0,42820.0,5,5,5,15.0,Champions
C03475,2024-08-24,Male,29.0,Vijayawada,Andhra Pradesh,Organic Search,41.0,1.0,7474.0,4,1,2,7.0,Potential Loyalists
C00855,2025-01-17,Male,18.0,Vijayawada,Andhra Pradesh,Email,12.0,4.0,9434.0,5,3,2,10.0,Loyal Customers
C04738,2024-06-30,Female,30.0,Pune,Maharashtra,Paid Ads,125.0,12.0,109112.0,2,5,5,12.0,At Risk
C04098,2025-04-07,Male,34.0,Thiruvananthapuram,Kerala,Social Media,81.0,12.0,58374.0,3,5,5,13.0,Loyal Customers
C02161,2024-08-09,Male,22.0,Faridabad,Haryana,Social Media,39.0,15.0,73087.0,4,5,5,14.0,Champions
C00699,2025-08-21,Female,25.0,Jaipur,Rajasthan,Organic Search,71.0,12.0,147602.0,3,5,5,13.0,Loyal Customers
C04960,2025-05-04,Male,37.0,Kanpur,Uttar Pradesh,Organic Search,55.0,1.0,4478.0,3,2,1,6.0,Lost
C03000,2025-06-09,Male,35.0,Mumbai,Maharashtra,Social Media,423.0,1.0,3998.0,1,1,1,3.0,Lost
C03697,2026-05-06,Female,30.0,Hyderabad,Telangana,Social Media,58.0,8.0,41145.0,3,5,4,12.0,Loyal Customers
C01637,2025-10-12,Female,33.0,Patna,Bihar,Social Media,4.0,1.0,11225.0,5,1,2,8.0,Potential Loyalists
C03458,2026-07-21,Female,35.0,Bhopal,Madhya Pradesh,Paid Ads,8.0,2.0,7487.0,5,2,2,9.0,Potential Loyalists
C03582,2026-01-24,Male,27.0,Jaipur,Rajasthan,Organic Search,162.0,8.0,12610.0,2,5,2,9.0,At Risk
C01292,2025-11-17,Male,22.0,Chandigarh,Unknown,Social Media,3.0,1.0,12576.0,5,1,2,8.0,Potential Loyalists
C04660,2025-12-06,Male,44.0,Chandigarh,Chandigarh,Paid Ads,239.0,6.0,17318.0,1,4,3,8.0,At Risk
C01854,2024-12-25,Female,28.0,Bhopal,Madhya Pradesh,Social Media,13.0,8.0,128390.0,5,5,5,15.0,Champions
C03764,2025-01-24,Female,46.0,Kanpur,Uttar Pradesh,Paid Ads,25.0,8.0,28376.0,5,5,4,14.0,Champions
C03305,2024-10-12,Female,35.0,Hyderabad,Telangana,Organic Search,58.0,10.0,42129.0,3,5,5,13.0,Loyal Customers
C04925,2024-06-18,Male,29.0,Ahmedabad,Unknown,Paid Ads,44.0,4.0,44293.0,4,3,5,12.0,Loyal Customers
C03744,2024-11-11,Female,30.0,Ahmedabad,Gujarat,Email,184.0,1.0,16131.0,2,1,3,6.0,Lost
C03446,2025-05-23,Female,34.0,Bhopal,Madhya Pradesh,Paid Ads,409.0,4.0,33092.0,1,3,4,8.0,At Risk
C01999,2025-09-28,Female,37.0,Nagpur,Maharashtra,Organic Search,48.0,1.0,12015.0,4,1,2,7.0,Potential Loyalists
C00664,2025-08-05,Male,29.0,Kanpur,Uttar Pradesh,Referral,321.0,5.0,77909.0,1,4,5,10.0,At Risk
C04780,2025-05-03,Male,23.0,Patna,Bihar,Referral,460.0,9.0,126334.0,1,5,5,11.0,At Risk
C03749,2025-12-20,Male,31.0,Delhi,Delhi,Social Media,82.0,3.0,11425.0,3,3,2,8.0,Loyal Customers
C04414,2026-02-21,Female,38.0,Pune,Maharashtra,Referral,39.0,1.0,648.0,4,1,1,6.0,Potential Loyalists
C04745,2026-01-30,Male,21.0,Patna,Bihar,Social Media,116.0,16.0,36637.0,3,5,4,12.0,Loyal Customers
C00710,2025-04-26,Male,21.0,Bengaluru,Karnataka,Social Media,349.0,5.0,57845.0,1,4,5,10.0,At Risk
C01283,2024-12-25,Male,25.0,Kolkata,West Bengal,Email,595.0,3.0,5953.0,1,2,1,4.0,Lost
C02676,2026-03-06,Male,42.0,Nagpur,Maharashtra,Organic Search,36.0,15.0,108555.0,4,5,5,14.0,Champions
C04030,2024-05-11,Male,20.0,Patna,Bihar,Paid Ads,22.0,2.0,5987.0,5,2,1,8.0,Potential Loyalists
C01307,2025-09-01,Male,28.0,Lucknow,Uttar Pradesh,Organic Search,104.0,1.0,5138.0,3,1,1,5.0,Lost
C02238,2026-03-09,Male,18.0,Bhopal,Madhya Pradesh,Organic Search,90.0,3.0,8645.0,3,2,2,7.0,Lost
C03303,2026-03-19,Male,40.0,Visakhapatnam,Andhra Pradesh,Paid Ads,32.0,3.0,4436.0,4,3,1,8.0,Loyal Customers
C02039,2024-06-13,Male,18.0,Chandigarh,Unknown,Referral,521.0,3.0,16979.0,1,2,3,6.0,Lost
C01530,2026-07-04,Female,28.0,Surat,Gujarat,Paid Ads,44.0,3.0,14696.0,4,2,3,9.0,Potential Loyalists
C01664,2024-08-11,Male,28.0,Bhubaneswar,Odisha,Social Media,24.0,3.0,30003.0,5,2,4,11.0,Potential Loyalists
C04947,2026-05-28,Female,32.0,Gurugram,Haryana,Social Media,12.0,3.0,48629.0,5,3,5,13.0,Loyal Customers
C04966,2026-04-05,Male,24.0,Nagpur,Maharashtra,Social Media,133.0,3.0,3657.0,2,3,1,6.0,At Risk
C03628,2025-01-26,Female,24.0,Ahmedabad,Gujarat,Organic Search,175.0,3.0,10624.0,2,3,2,7.0,At Risk
C02694,2024-12-13,Male,40.0,Delhi,Delhi,Email,14.0,10.0,19148.0,5,5,3,13.0,Loyal Customers
C03061,2025-01-08,Male,39.0,Visakhapatnam,Andhra Pradesh,Organic Search,141.0,1.0,6658.0,2,1,2,5.0,Lost
C01598,2026-04-02,Female,33.0,Bengaluru,Karnataka,Social Media,39.0,2.0,18321.0,4,2,3,9.0,Potential Loyalists
C02730,2026-03-09,Female,18.0,Delhi,Delhi,Paid Ads,71.0,2.0,6585.0,3,2,2,7.0,Lost
C02626,2026-05-14,Female,37.0,Visakhapatnam,Andhra Pradesh,Social Media,80.0,1.0,3198.0,3,1,1,5.0,Lost
C03158,2025-06-21,Female,23.0,Kolkata,West Bengal,Organic Search,35.0,1.0,8396.0,4,1,2,7.0,Potential Loyalists
C03315,2025-12-09,Male,22.0,Delhi,Delhi,Email,97.0,6.0,25992.0,3,4,4,11.0,Loyal Customers
C01723,2026-02-25,Female,24.0,Kolkata,West Bengal,Paid Ads,182.0,2.0,2898.0,2,2,1,5.0,Lost
C01060,2026-05-16,Male,27.0,Chandigarh,Chandigarh,Organic Search,46.0,9.0,20967.0,4,5,3,12.0,Loyal Customers
C04637,2024-11-07,Male,37.0,Kanpur,Uttar Pradesh,Social Media,122.0,1.0,13165.0,2,2,3,7.0,Lost
C03243,2025-02-14,Female,38.0,Chandigarh,Chandigarh,Paid Ads,160.0,4.0,14074.0,2,3,3,8.0,At Risk
C01679,2025-12-21,Male,18.0,Bengaluru,Karnataka,Organic Search,60.0,2.0,4218.0,3,2,1,6.0,Lost
C01758,2025-03-03,Female,31.0,Pune,Maharashtra,Paid Ads,216.0,2.0,4547.0,1,2,1,4.0,Lost
C04192,2026-02-27,Female,44.0,Kanpur,Uttar Pradesh,Social Media,104.0,1.0,4338.0,3,1,1,5.0,Lost
C00564,2024-09-18,Female,35.0,Chandigarh,Chandigarh,Referral,16.0,1.0,20241.0,5,1,3,9.0,Potential Loyalists
C02791,2025-10-17,Female,36.0,Bhopal,Unknown,Organic Search,237.0,3.0,13735.0,1,3,3,7.0,At Risk
C00864,2025-05-22,Male,41.0,Nagpur,Maharashtra,Social Media,98.0,8.0,22774.0,3,5,3,11.0,Loyal Customers
C01485,2026-07-19,Female,25.0,Mumbai,Maharashtra,Paid Ads,38.0,2.0,5246.0,4,2,1,7.0,Potential Loyalists
C04489,2026-02-03,Female,44.0,Nagpur,Maharashtra,Social Media,12.0,2.0,8655.0,5,2,2,9.0,Potential Loyalists
C00871,2025-08-03,Female,27.0,Kanpur,Uttar Pradesh,Organic Search,50.0,1.0,4968.0,4,1,1,6.0,Potential Loyalists
C04494,2024-06-01,Male,22.0,Gurugram,Haryana,Referral,30.0,8.0,41976.0,4,5,5,14.0,Champions
C00503,2024-09-20,Male,50.0,Delhi,Delhi,Social Media,373.0,7.0,35890.0,1,4,4,9.0,At Risk
C01029,2025-05-27,Female,32.0,Thiruvananthapuram,Kerala,Email,137.0,3.0,5156.0,2,2,1,5.0,Lost
C03841,2025-09-17,Male,28.0,Jaipur,Rajasthan,Email,33.0,8.0,58275.0,4,5,5,14.0,Champions
C02691,2026-06-03,Other,40.0,Surat,Gujarat,Paid Ads,174.0,1.0,2458.0,2,1,1,4.0,Lost
C01571,2025-11-08,Male,19.0,Guwahati,Assam,Organic Search,246.0,13.0,46595.0,1,5,5,11.0,At Risk
C02774,2024-08-20,Male,29.0,Gurugram,Haryana,Organic Search,,,,,,,,No Completed Purchase
C02732,2025-03-14,Male,43.0,Jaipur,Rajasthan,Referral,37.0,1.0,4309.0,4,1,1,6.0,Potential Loyalists
C00805,2024-06-04,Male,43.0,Udaipur,Rajasthan,Referral,27.0,7.0,41167.0,5,4,4,13.0,Champions
C03646,2026-06-21,Female,28.0,Guwahati,Unknown,Organic Search,26.0,2.0,4507.0,5,2,1,8.0,Potential Loyalists
C02455,2025-06-15,Female,18.0,Indore,Madhya Pradesh,Paid Ads,1.0,14.0,41567.0,5,5,4,14.0,Champions
C04599,2026-01-07,Female,31.0,Patna,Bihar,Social Media,10.0,6.0,36791.0,5,4,4,13.0,Champions
C03105,2025-11-05,Female,27.0,Visakhapatnam,Andhra Pradesh,Organic Search,117.0,11.0,39267.0,2,5,4,11.0,At Risk
C04876,2026-01-05,Male,18.0,Lucknow,Uttar Pradesh,Referral,201.0,13.0,158893.0,2,5,5,12.0,At Risk
C00201,2025-02-26,Female,20.0,Gurugram,Haryana,Organic Search,363.0,8.0,98104.0,1,4,5,10.0,At Risk
C03100,2026-06-17,Female,21.0,Nagpur,Maharashtra,Referral,53.0,5.0,22020.0,4,4,3,11.0,Loyal Customers
C02279,2025-12-09,Female,46.0,Bhubaneswar,Odisha,Paid Ads,28.0,2.0,14865.0,4,2,3,9.0,Potential Loyalists
C03562,2024-12-11,Other,35.0,Bhopal,Madhya Pradesh,Referral,138.0,3.0,9325.0,2,3,2,7.0,At Risk
C04475,2024-12-30,Female,32.0,Pune,Maharashtra,Organic Search,55.0,3.0,34239.0,3,3,4,10.0,Loyal Customers
C04515,2025-09-27,Male,50.0,Kolkata,West Bengal,Paid Ads,175.0,3.0,23880.0,2,3,4,9.0,At Risk
C00392,2026-04-06,Female,28.0,Delhi,Delhi,Paid Ads,117.0,1.0,5767.0,2,1,1,4.0,Lost
C01496,2025-11-27,Female,38.0,Mumbai,Maharashtra,Paid Ads,241.0,1.0,3647.0,1,1,1,3.0,Lost
C02696,2026-04-17,Male,22.0,Bhubaneswar,Odisha,Email,29.0,16.0,94999.0,4,5,5,14.0,Champions
C02028,2025-12-24,Female,27.0,Pune,Maharashtra,Paid Ads,205.0,1.0,2568.0,2,1,1,4.0,Lost
C02569,2025-02-26,Male,34.0,Mysuru,Karnataka,Paid Ads,270.0,3.0,33946.0,1,3,4,8.0,At Risk
C00065,2026-04-29,Female,31.0,Guwahati,Assam,Paid Ads,,,,,,,,No Completed Purchase
C03885,2025-06-10,Male,40.0,Noida,Uttar Pradesh,Organic Search,55.0,1.0,2908.0,3,1,1,5.0,Lost
C02063,2026-05-24,Female,38.0,Kochi,Kerala,Organic Search,174.0,3.0,12274.0,2,2,2,6.0,Lost
C00493,2026-04-25,Female,24.0,Chennai,Tamil Nadu,Organic Search,105.0,3.0,6317.0,3,2,1,6.0,Lost
C00380,2024-11-15,Male,36.0,Noida,Uttar Pradesh,Paid Ads,44.0,3.0,9115.0,4,2,2,8.0,Potential Loyalists
C04860,2025-07-02,Female,39.0,Chennai,Tamil Nadu,Social Media,191.0,6.0,37577.0,2,4,4,10.0,At Risk
C03994,2026-05-22,Male,27.0,Guwahati,Assam,Organic Search,27.0,4.0,33495.0,5,3,4,12.0,Loyal Customers
C04888,2025-01-16,Male,31.0,Gurugram,Haryana,Social Media,293.0,1.0,5218.0,1,2,1,4.0,Lost
C01077,2026-02-27,Male,18.0,Coimbatore,Tamil Nadu,Email,49.0,7.0,16559.0,4,4,3,11.0,Loyal Customers
C00879,2024-07-18,Female,28.0,Kolkata,West Bengal,Paid Ads,37.0,11.0,28664.0,4,5,4,13.0,Champions
C00338,2025-10-01,Male,18.0,Thiruvananthapuram,Kerala,Paid Ads,177.0,2.0,21049.0,2,2,3,7.0,Lost
C01017,2026-07-03,Female,19.0,Surat,Gujarat,Organic Search,13.0,6.0,30143.0,5,4,4,13.0,Champions
C01276,2024-11-21,Other,20.0,Ranchi,Jharkhand,Paid Ads,55.0,12.0,93746.0,3,5,5,13.0,Loyal Customers
C03799,2025-08-14,Male,22.0,Surat,Gujarat,Paid Ads,56.0,8.0,30275.0,3,5,4,12.0,Loyal Customers
C04552,2025-11-23,Female,45.0,Mysuru,Karnataka,Social Media,18.0,5.0,15622.0,5,4,3,12.0,Loyal Customers
C03343,2025-07-17,Female,36.0,Bengaluru,Karnataka,Paid Ads,29.0,8.0,21797.0,4,5,3,12.0,Loyal Customers
C04912,2026-05-28,Female,35.0,Patna,Bihar,Referral,149.0,4.0,12524.0,2,3,2,7.0,At Risk
C00996,2026-03-21,Male,33.0,Ahmedabad,Gujarat,Organic Search,155.0,6.0,97612.0,2,4,5,11.0,At Risk
C01982,2026-06-22,Female,18.0,Indore,Madhya Pradesh,Social Media,35.0,5.0,49939.0,4,4,5,13.0,Champions
C04298,2024-11-07,Male,32.0,Lucknow,Uttar Pradesh,Organic Search,384.0,9.0,31223.0,1,5,4,10.0,At Risk
C00162,2024-07-05,Female,30.0,Bengaluru,Karnataka,Organic Search,397.0,1.0,6146.0,1,1,1,3.0,Lost
C04799,2025-12-25,Female,38.0,Bhopal,Madhya Pradesh,Paid Ads,,,,,,,,No Completed Purchase
C01501,2025-07-28,Female,35.0,Udaipur,Rajasthan,Paid Ads,111.0,4.0,17164.0,3,3,3,9.0,Loyal Customers
C03844,2025-02-26,Female,32.0,Coimbatore,Tamil Nadu,Organic Search,0.0,1.0,8275.0,5,1,2,8.0,Potential Loyalists
C02614,2024-06-26,Female,29.0,Mysuru,Karnataka,Paid Ads,67.0,2.0,18650.0,3,2,3,8.0,Lost
C03462,2025-12-14,Male,26.0,Udaipur,Rajasthan,Referral,30.0,3.0,12505.0,4,3,2,9.0,Loyal Customers
C01022,2024-11-21,Male,25.0,Nagpur,Maharashtra,Referral,106.0,1.0,3558.0,3,1,1,5.0,Lost
C03074,2024-07-30,Female,48.0,Ranchi,Jharkhand,Referral,158.0,2.0,8695.0,2,2,2,6.0,Lost
C03944,2025-10-01,Male,40.0,Kochi,Kerala,Paid Ads,39.0,1.0,12336.0,4,1,2,7.0,Potential Loyalists
C01586,2026-05-13,Female,37.0,Guwahati,Assam,Paid Ads,45.0,1.0,3189.0,4,1,1,6.0,Potential Loyalists
C01956,2026-01-10,Male,33.0,Visakhapatnam,Andhra Pradesh,Paid Ads,129.0,4.0,31476.0,2,3,4,9.0,At Risk
C03153,2024-12-21,Male,21.0,Bhubaneswar,Odisha,Social Media,,,,,,,,No Completed Purchase
C00035,2025-03-07,Female,32.0,Bhopal,Madhya Pradesh,Organic Search,183.0,6.0,43576.0,2,4,5,11.0,At Risk
C04015,2026-05-29,Female,18.0,Surat,Gujarat,Social Media,85.0,12.0,81573.0,3,5,5,13.0,Loyal Customers
C00776,2024-08-20,Female,22.0,Thiruvananthapuram,Kerala,Organic Search,87.0,1.0,5828.0,3,1,1,5.0,Lost
C02557,2025-10-07,Female,19.0,Udaipur,Rajasthan,Organic Search,2.0,5.0,16341.0,5,4,3,12.0,Loyal Customers
C01479,2026-07-12,Female,29.0,Faridabad,Haryana,Paid Ads,51.0,3.0,27083.0,4,2,4,10.0,Potential Loyalists
C01364,2026-05-29,Other,51.0,Gurugram,Haryana,Paid Ads,60.0,9.0,39223.0,3,5,4,12.0,Loyal Customers
C02613,2025-01-25,Male,36.0,Chennai,Tamil Nadu,Organic Search,165.0,1.0,7137.0,2,1,2,5.0,Lost
C02825,2025-04-12,Male,33.0,Guwahati,Unknown,Organic Search,40.0,4.0,55713.0,4,3,5,12.0,Loyal Customers
C02042,2025-05-27,Female,32.0,Bengaluru,Karnataka,Organic Search,307.0,1.0,2898.0,1,1,1,3.0,Lost
C00242,2024-11-05,Other,25.0,Vijayawada,Andhra Pradesh,Email,349.0,3.0,14878.0,1,2,3,6.0,Lost
C02062,2025-08-26,Male,40.0,Faridabad,Haryana,Organic Search,222.0,2.0,8857.0,1,2,2,5.0,Lost
C02364,2025-10-06,Female,35.0,Patna,Bihar,Social Media,42.0,8.0,57991.0,4,5,5,14.0,Champions
C00601,2026-04-26,Female,18.0,Pune,Maharashtra,Organic Search,73.0,3.0,6365.0,3,2,1,6.0,Lost
C02436,2025-08-27,Female,20.0,Patna,Bihar,Organic Search,311.0,1.0,4278.0,1,1,1,3.0,Lost
C02889,2025-07-26,Male,28.0,Bengaluru,Karnataka,Organic Search,23.0,7.0,44749.0,5,4,5,14.0,Champions
C00647,2024-04-29,Female,41.0,Kanpur,Uttar Pradesh,Social Media,71.0,4.0,11044.0,3,3,2,8.0,Loyal Customers
C03891,2026-01-10,Female,23.0,Chandigarh,Chandigarh,Referral,19.0,4.0,31017.0,5,3,4,12.0,Loyal Customers
C03557,2026-05-19,Male,25.0,Chennai,Tamil Nadu,Paid Ads,170.0,1.0,3129.0,2,1,1,4.0,Lost
C03203,2026-05-02,Female,42.0,Ranchi,Jharkhand,Organic Search,109.0,1.0,13073.0,3,1,3,7.0,Lost
C01529,2025-08-09,Female,33.0,Hyderabad,Telangana,Social Media,10.0,1.0,12273.0,5,1,2,8.0,Potential Loyalists
C01268,2024-12-23,Female,18.0,Bengaluru,Karnataka,Social Media,208.0,3.0,14274.0,2,2,3,7.0,Lost
C01900,2024-11-23,Male,44.0,Bhubaneswar,Odisha,Organic Search,469.0,4.0,10425.0,1,3,2,6.0,At Risk
C04659,2026-05-15,Male,43.0,Hyderabad,Telangana,Social Media,97.0,3.0,4955.0,3,3,1,7.0,Loyal Customers
C03006,2025-11-09,Female,25.0,Surat,Gujarat,Paid Ads,264.0,8.0,15869.0,1,5,3,9.0,At Risk
C02735,2025-02-12,Male,33.0,Patna,Bihar,Organic Search,50.0,2.0,14706.0,4,2,3,9.0,Potential Loyalists
C00190,2026-02-07,Female,43.0,Jaipur,Rajasthan,Organic Search,0.0,7.0,16200.0,5,4,3,12.0,Loyal Customers
C01807,2024-06-09,Male,30.0,Thiruvananthapuram,Kerala,Social Media,480.0,5.0,43737.0,1,4,5,10.0,At Risk
C00976,2025-07-06,Female,31.0,Hyderabad,Telangana,Social Media,146.0,3.0,10765.0,2,2,2,6.0,Lost
C02748,2024-07-10,Male,24.0,Mysuru,Karnataka,Social Media,35.0,4.0,58611.0,4,3,5,12.0,Loyal Customers
C02048,2025-05-12,Female,20.0,Nagpur,Maharashtra,Social Media,400.0,9.0,16748.0,1,5,3,9.0,At Risk
C02559,2025-03-15,Male,52.0,Noida,Uttar Pradesh,Organic Search,9.0,2.0,23599.0,5,2,4,11.0,Potential Loyalists
C01083,2026-02-25,Male,20.0,Ranchi,Jharkhand,Paid Ads,172.0,3.0,10906.0,2,2,2,6.0,Lost
C00475,2025-03-01,Male,31.0,Patna,Bihar,Referral,20.0,5.0,47191.0,5,4,5,14.0,Champions
C02905,2026-01-26,Male,20.0,Udaipur,Rajasthan,Organic Search,203.0,1.0,3568.0,2,1,1,4.0,Lost
C04844,2025-08-22,Female,20.0,Mumbai,Maharashtra,Paid Ads,267.0,7.0,60246.0,1,4,5,10.0,At Risk
C04118,2026-06-16,Male,32.0,Mysuru,Karnataka,Social Media,8.0,7.0,19201.0,5,4,3,12.0,Loyal Customers
C03386,2026-01-22,Male,37.0,Bhubaneswar,Odisha,Social Media,220.0,1.0,1259.0,1,1,1,3.0,Lost
C04556,2025-12-20,Female,30.0,Coimbatore,Tamil Nadu,Social Media,111.0,10.0,23406.0,3,5,4,12.0,Loyal Customers
C01185,2025-08-27,Female,22.0,Mysuru,Karnataka,Referral,37.0,3.0,7286.0,4,2,2,8.0,Potential Loyalists
C02434,2024-03-13,Other,24.0,Guwahati,Assam,Social Media,54.0,9.0,62077.0,4,5,5,14.0,Champions
C02392,2026-05-22,Male,21.0,Bengaluru,Karnataka,Social Media,25.0,2.0,5246.0,5,2,1,8.0,Potential Loyalists
C00770,2024-03-27,Female,43.0,Ahmedabad,Gujarat,Email,56.0,4.0,52970.0,3,3,5,11.0,Loyal Customers
C01686,2024-11-09,Male,23.0,Patna,Bihar,Paid Ads,480.0,7.0,47685.0,1,4,5,10.0,At Risk
C00131,2025-06-02,Male,26.0,Chandigarh,Chandigarh,Organic Search,42.0,2.0,7817.0,4,2,2,8.0,Potential Loyalists
C02920,2024-02-20,Female,25.0,Jaipur,Rajasthan,Social Media,41.0,6.0,13102.0,4,4,3,11.0,Loyal Customers
C03172,2026-03-04,Female,18.0,Pune,Maharashtra,Email,132.0,6.0,18612.0,2,4,3,9.0,At Risk
C03445,2026-07-18,Male,26.0,Indore,Madhya Pradesh,Social Media,2.0,10.0,28984.0,5,5,4,14.0,Champions
C04427,2025-03-21,Male,32.0,Gurugram,Haryana,Paid Ads,143.0,2.0,14079.0,2,2,3,7.0,Lost
C00467,2025-10-21,Male,23.0,Hyderabad,Telangana,Paid Ads,14.0,1.0,1429.0,5,1,1,7.0,Potential Loyalists
C03093,2025-09-09,Male,20.0,Mumbai,Maharashtra,Organic Search,205.0,11.0,66902.0,2,5,5,12.0,At Risk
C03773,2024-10-13,Female,25.0,Mysuru,Karnataka,Organic Search,49.0,10.0,30361.0,4,5,4,13.0,Champions
C00861,2024-02-29,Female,31.0,Bengaluru,Karnataka,Social Media,21.0,2.0,18080.0,5,2,3,10.0,Potential Loyalists
