customer_id,recency,frequency,monetary,R_score,F_score,M_score,RFM_score,segment
C00002,12,1,9127.0,5,1,2,8,Potential Loyalists
C00003,163,3,13693.0,2,2,3,7,Lost
C00004,142,4,11366.0,2,3,2,7,At Risk
C00005,118,1,7338.0,2,1,2,5,Lost
C00006,32,2,6755.0,4,2,2,8,Potential Loyalists
C00007,18,5,15099.0,5,3,3,11,Loyal Customers
C00008,193,1,588.0,2,1,1,4,Lost
C00009,4,1,5238.0,5,1,1,7,Potential Loyalists
C00010,80,12,51359.0,3,5,5,13,Loyal Customers
C00011,216,6,23711.0,1,4,4,9,At Risk
C00012,346,3,22361.0,1,2,3,6,Lost
C00013,28,1,3719.0,4,1,1,6,Potential Loyalists
C00014,122,4,26697.0,2,3,4,9,At Risk
C00015,121,7,14408.0,2,4,3,9,At Risk
C00016,113,6,33739.0,3,4,4,11,Loyal Customers
C00017,10,4,35783.0,5,3,4,12,Loyal Customers
C00018,100,3,44879.0,3,2,5,10,Lost
C00019,105,3,11184.0,3,2,2,7,Lost
C00020,66,1,9597.0,3,1,2,6,Lost
C00021,460,1,6656.0,1,1,2,4,Lost
C00022,26,2,10405.0,5,2,2,9,Potential Loyalists
C00023,15,11,155788.0,5,5,5,15,Champions
C00024,321,1,6957.0,1,1,2,4,Lost
C00025,277,11,91172.0,1,5,5,11,At Risk
C00026,31,4,11795.0,4,3,2,9,Loyal Customers
C00027,5,3,18322.0,5,2,3,10,Potential Loyalists
C00028,502,13,48127.0,1,5,5,11,At Risk
C00029,22,5,20503.0,5,3,3,11,Loyal Customers
C00030,7,2,5706.0,5,2,1,8,Potential Loyalists
C00031,179,9,75048.0,2,5,5,12,At Risk
C00032,21,3,22819.0,5,2,3,10,Potential Loyalists
C00033,27,1,2358.0,5,1,1,7,Potential Loyalists
C00034,3,10,46975.0,5,5,5,15,Champions
C00035,183,6,43576.0,2,4,5,11,At Risk
C00036,144,3,9476.0,2,2,2,6,Lost
C00037,24,6,56556.0,5,4,5,14,Champions
C00038,36,2,11315.0,4,2,2,8,Potential Loyalists
C00039,171,15,50775.0,2,5,5,12,At Risk
C00040,4,5,25707.0,5,3,4,12,Loyal Customers
C00041,6,2,22836.0,5,2,3,10,Potential Loyalists
C00042,148,6,36033.0,2,4,4,10,At Risk
C00043,187,3,7576.0,2,2,2,6,Lost
C00045,27,3,11406.0,5,2,2,9,Potential Loyalists
C00046,174,12,53819.0,2,5,5,12,At Risk
C00047,34,11,46908.0,4,5,5,14,Champions
C00048,446,4,6694.0,1,3,2,6,At Risk
C00049,73,11,31183.0,3,5,4,12,Loyal Customers
C00050,56,4,59991.0,3,3,5,11,Loyal Customers
C00051,41,5,32861.0,4,3,4,11,Loyal Customers
C00052,48,14,157560.0,4,5,5,14,Champions
C00053,301,1,809.0,1,1,1,3,Lost
C00054,23,2,11604.0,5,2,2,9,Potential Loyalists
C00055,82,8,17699.0,3,4,3,10,Loyal Customers
C00056,91,3,12752.0,3,2,2,7,Lost
C00057,137,8,29655.0,2,4,4,10,At Risk
C00058,384,9,116452.0,1,5,5,11,At Risk
C00059,195,9,50496.0,2,5,5,12,At Risk
C00060,50,1,8677.0,4,1,2,7,Potential Loyalists
C00061,121,11,33899.0,2,5,4,11,At Risk
C00062,185,4,10523.0,2,3,2,7,At Risk
C00063,40,2,3856.0,4,2,1,7,Potential Loyalists
C00064,220,4,29636.0,1,3,4,8,At Risk
C00066,6,1,1619.0,5,1,1,7,Potential Loyalists
C00067,14,4,18083.0,5,3,3,11,Loyal Customers
C00068,35,3,16584.0,4,2,3,9,Potential Loyalists
C00069,159,15,39441.0,2,5,4,11,At Risk
C00070,143,4,29616.0,2,3,4,9,At Risk
C00072,39,4,13642.0,4,3,3,10,Loyal Customers
C00073,227,1,4578.0,1,1,1,3,Lost
C00074,204,4,13502.0,2,3,3,8,At Risk
C00075,29,4,21748.0,4,3,3,10,Loyal Customers
C00076,46,5,71238.0,4,3,5,12,Loyal Customers
C00077,25,4,14181.0,5,3,3,11,Loyal Customers
C00078,287,6,22508.0,1,4,3,8,At Risk
C00079,50,3,7935.0,4,2,2,8,Potential Loyalists
C00081,28,3,18989.0,4,2,3,9,Potential Loyalists
C00082,103,7,20777.0,3,4,3,10,Loyal Customers
C00084,143,1,10875.0,2,1,2,5,Lost
C00085,12,5,55690.0,5,3,5,13,Loyal Customers
C00086,7,14,95810.0,5,5,5,15,Champions
C00087,160,10,32012.0,2,5,4,11,At Risk
C00088,141,1,3527.0,2,1,1,4,Lost
C00089,100,7,31326.0,3,4,4,11,Loyal Customers
C00090,28,1,2088.0,4,1,1,6,Potential Loyalists
C00091,193,3,9325.0,2,2,2,6,Lost
C00092,248,1,7237.0,1,1,2,4,Lost
C00093,6,6,17591.0,5,4,3,12,Loyal Customers
C00094,103,9,36631.0,3,5,4,12,Loyal Customers
C00095,53,3,10394.0,4,2,2,8,Potential Loyalists
C00096,173,1,4378.0,2,1,1,4,Lost
C00097,21,4,13614.0,5,3,3,11,Loyal Customers
C00098,8,3,15090.0,5,2,3,10,Potential Loyalists
C00099,175,8,14748.0,2,4,3,9,At Risk
C00100,26,15,59072.0,5,5,5,15,Champions
C00101,229,2,9893.0,1,2,2,5,Lost
C00102,27,7,83304.0,5,4,5,14,Champions
C00103,4,2,8605.0,5,2,2,9,Potential Loyalists
C00104,332,1,2319.0,1,1,1,3,Lost
C00105,53,2,12214.0,4,2,2,8,Potential Loyalists
C00106,64,6,16428.0,3,4,3,10,Loyal Customers
C00107,4,4,39267.0,5,3,4,12,Loyal Customers
C00108,10,3,36732.0,5,2,4,11,Potential Loyalists
C00109,188,1,1649.0,2,1,1,4,Lost
C00110,13,1,5987.0,5,1,1,7,Potential Loyalists
C00111,23,2,1248.0,5,2,1,8,Potential Loyalists
C00112,336,6,12933.0,1,4,2,7,At Risk
C00113,27,3,4985.0,5,2,1,8,Potential Loyalists
C00115,556,2,16243.0,1,2,3,6,Lost
C00116,57,7,20520.0,3,4,3,10,Loyal Customers
C00117,94,16,99845.0,3,5,5,13,Loyal Customers
C00118,17,6,42898.0,5,4,5,14,Champions
C00119,105,1,8221.0,3,1,2,6,Lost
C00120,10,1,7374.0,5,1,2,8,Potential Loyalists
C00121,82,1,6145.0,3,1,1,5,Lost
C00122,172,5,32365.0,2,3,4,9,At Risk
C00123,24,3,36754.0,5,2,4,11,Potential Loyalists
C00124,27,1,3418.0,5,1,1,7,Potential Loyalists
C00125,5,4,40476.0,5,3,4,12,Loyal Customers
C00126,432,8,22949.0,1,4,4,9,At Risk
C00127,13,8,24508.0,5,4,4,13,Champions
C00128,151,8,35494.0,2,4,4,10,At Risk
C00129,38,11,56006.0,4,5,5,14,Champions
C00130,195,4,9556.0,2,3,2,7,At Risk
C00131,42,2,7817.0,4,2,2,8,Potential Loyalists
C00132,145,8,35902.0,2,4,4,10,At Risk
C00133,95,2,6117.0,3,2,1,6,Lost
C00134,34,2,11081.0,4,2,2,8,Potential Loyalists
C00135,20,7,58153.0,5,4,5,14,Champions
C00136,369,4,27228.0,1,3,4,8,At Risk
C00138,12,5,12601.0,5,3,2,10,Loyal Customers
C00139,61,15,40244.0,3,5,4,12,Loyal Customers
C00140,36,1,5758.0,4,1,1,6,Potential Loyalists
C00141,138,3,7825.0,2,2,2,6,Lost
C00142,96,11,87663.0,3,5,5,13,Loyal Customers
C00143,474,1,7907.0,1,1,2,4,Lost
C00144,124,1,3018.0,2,1,1,4,Lost
C00145,84,5,21086.0,3,3,3,9,Loyal Customers
C00146,381,6,67857.0,1,4,5,10,At Risk
C00147,27,2,6504.0,5,2,1,8,Potential Loyalists
C00148,157,5,19451.0,2,3,3,8,At Risk
C00149,493,3,14912.0,1,2,3,6,Lost
C00150,89,12,37221.0,3,5,4,12,Loyal Customers
C00151,310,2,1478.0,1,2,1,4,Lost
C00152,25,3,10295.0,5,2,2,9,Potential Loyalists
C00153,36,2,4116.0,4,2,1,7,Potential Loyalists
C00154,172,7,22128.0,2,4,3,9,At Risk
C00155,37,4,25239.0,4,3,4,11,Loyal Customers
C00156,66,2,33156.0,3,2,4,9,Lost
C00157,103,1,7267.0,3,1,2,6,Lost
C00158,197,1,2225.0,2,1,1,4,Lost
C00159,104,4,32767.0,3,3,4,10,Loyal Customers
C00160,404,1,4276.0,1,1,1,3,Lost
C00161,67,1,329.0,3,1,1,5,Lost
C00162,397,1,6146.0,1,1,1,3,Lost
C00163,374,6,60502.0,1,4,5,10,At Risk
C00164,61,17,67755.0,3,5,5,13,Loyal Customers
C00165,41,8,33155.0,4,4,4,12,Champions
C00166,39,5,59707.0,4,3,5,12,Loyal Customers
C00167,44,2,19734.0,4,2,3,9,Potential Loyalists
C00168,91,13,147439.0,3,5,5,13,Loyal Customers
C00169,1,9,63972.0,5,5,5,15,Champions
C00170,12,7,25685.0,5,4,4,13,Champions
C00171,53,7,18776.0,4,4,3,11,Loyal Customers
C00172,142,5,14043.0,2,3,3,8,At Risk
C00173,47,1,5807.0,4,1,1,6,Potential Loyalists
C00174,74,4,9474.0,3,3,2,8,Loyal Customers
C00175,18,8,35026.0,5,4,4,13,Champions
C00176,31,1,8926.0,4,1,2,7,Potential Loyalists
C00177,121,2,19871.0,2,2,3,7,Lost
C00178,312,5,15161.0,1,4,3,8,At Risk
C00179,59,4,24360.0,3,3,4,10,Loyal Customers
C00180,42,6,21503.0,4,4,3,11,Loyal Customers
C00181,247,1,4168.0,1,1,1,3,Lost
C00182,412,1,10736.0,1,1,2,4,Lost
C00183,250,2,31593.0,1,2,4,7,Lost
C00184,176,5,32262.0,2,4,4,10,At Risk
C00185,132,10,45464.0,2,5,5,12,At Risk
C00186,185,3,19729.0,2,2,3,7,Lost
C00187,42,3,25039.0,4,2,4,10,Potential Loyalists
C00188,420,1,6616.0,1,1,2,4,Lost
C00189,245,5,18752.0,1,4,3,8,At Risk
C00190,0,7,16200.0,5,4,3,12,Loyal Customers
C00191,33,5,17083.0,4,4,3,11,Loyal Customers
C00192,157,11,72453.0,2,5,5,12,At Risk
C00193,27,8,35634.0,5,4,4,13,Champions
C00194,190,6,33782.0,2,4,4,10,At Risk
C00195,102,12,54078.0,3,5,5,13,Loyal Customers
C00196,157,2,9367.0,2,2,2,6,Lost
C00197,185,3,9166.0,2,2,2,6,Lost
C00198,159,5,31214.0,2,4,4,10,At Risk
C00199,209,4,10712.0,2,3,2,7,At Risk
C00201,363,8,98104.0,1,4,5,10,At Risk
C00202,11,2,8736.0,5,2,2,9,Potential Loyalists
C00203,18,1,7086.0,5,1,2,8,Potential Loyalists
C00204,492,7,34527.0,1,4,4,9,At Risk
C00205,27,7,33354.0,5,4,4,13,Champions
C00206,42,1,8618.0,4,1,2,7,Potential Loyalists
C00207,1,6,20929.0,5,4,3,12,Loyal Customers
C00208,156,3,17932.0,2,2,3,7,Lost
C00209,3,2,22851.0,5,2,3,10,Potential Loyalists
C00210,4,1,3038.0,5,1,1,7,Potential Loyalists
C00211,25,3,11544.0,5,2,2,9,Potential Loyalists
C00212,10,1,1829.0,5,1,1,7,Potential Loyalists
C00213,132,6,42138.0,2,4,5,11,At Risk
C00214,55,8,26128.0,3,4,4,11,Loyal Customers
C00215,27,3,15140.0,5,2,3,10,Potential Loyalists
C00216,164,13,51894.0,2,5,5,12,At Risk
C00217,136,13,104520.0,2,5,5,12,At Risk
C00218,53,11,166817.0,4,5,5,14,Champions
C00219,287,2,6368.0,1,2,1,4,Lost
C00220,5,11,28002.0,5,5,4,14,Champions
C00221,186,2,7955.0,2,2,2,6,Lost
C00222,54,13,37030.0,4,5,4,13,Champions
C00223,359,7,53740.0,1,4,5,10,At Risk
C00224,59,3,11655.0,3,2,2,7,Lost
C00225,265,4,19963.0,1,3,3,7,At Risk
C00226,92,6,23418.0,3,4,4,11,Loyal Customers
C00227,63,2,18029.0,3,2,3,8,Lost
C00228,17,1,7717.0,5,1,2,8,Potential Loyalists
C00229,22,13,141552.0,5,5,5,15,Champions
C00230,42,3,9586.0,4,2,2,8,Potential Loyalists
C00232,16,2,9417.0,5,2,2,9,Potential Loyalists
C00233,304,4,10334.0,1,3,2,6,At Risk
C00234,330,2,29554.0,1,2,4,7,Lost
C00235,162,4,17401.0,2,3,3,8,At Risk
C00236,34,7,84958.0,4,4,5,13,Champions
C00237,311,7,25727.0,1,4,4,9,At Risk
C00238,24,4,16314.0,5,3,3,11,Loyal Customers
C00239,49,3,18411.0,4,2,3,9,Potential Loyalists
C00240,10,3,10953.0,5,2,2,9,Potential Loyalists
C00241,25,17,67007.0,5,5,5,15,Champions
C00242,349,3,14878.0,1,2,3,6,Lost
C00243,17,1,3489.0,5,1,1,7,Potential Loyalists
C00244,255,3,11414.0,1,2,2,5,Lost
C00245,528,4,19133.0,1,3,3,7,At Risk
C00246,175,4,12163.0,2,3,2,7,At Risk
C00247,44,1,5188.0,4,1,1,6,Potential Loyalists
C00248,35,4,13712.0,4,3,3,10,Loyal Customers
C00249,221,7,35263.0,1,4,4,9,At Risk
C00250,4,4,27586.0,5,3,4,12,Loyal Customers
C00251,164,5,12321.0,2,4,2,8,At Risk
C00252,559,4,37634.0,1,3,4,8,At Risk
C00253,60,3,27319.0,3,2,4,9,Lost
C00254,44,8,39505.0,4,4,4,12,Champions
C00255,169,3,17648.0,2,2,3,7,Lost
C00256,151,1,2908.0,2,1,1,4,Lost
C00257,9,11,33403.0,5,5,4,14,Champions
C00258,158,2,11642.0,2,2,2,6,Lost
C00259,151,9,69077.0,2,5,5,12,At Risk
C00260,29,9,103651.0,4,5,5,14,Champions
C00261,123,7,46076.0,2,4,5,11,At Risk
C00262,32,3,25057.0,4,2,4,10,Potential Loyalists
C00263,45,3,11684.0,4,2,2,8,Potential Loyalists
C00264,30,1,6628.0,4,1,2,7,Potential Loyalists
C00265,112,14,47595.0,3,5,5,13,Loyal Customers
C00266,59,16,65072.0,3,5,5,13,Loyal Customers
C00267,73,7,45297.0,3,4,5,12,Loyal Customers
C00269,12,5,17020.0,5,4,3,12,Loyal Customers
C00270,23,1,3389.0,5,1,1,7,Potential Loyalists
C00271,78,1,14072.0,3,1,3,7,Lost
C00272,7,4,12014.0,5,3,2,10,Loyal Customers
C00273,135,1,16981.0,2,1,3,6,Lost
C00274,51,7,41609.0,4,4,4,12,Champions
C00275,515,8,36856.0,1,4,4,9,At Risk
C00276,16,3,11306.0,5,2,2,9,Potential Loyalists
C00277,59,9,70568.0,3,5,5,13,Loyal Customers
C00278,540,1,2458.0,1,1,1,3,Lost
C00279,251,1,7267.0,1,1,2,4,Lost
C00280,514,4,11464.0,1,3,2,6,At Risk
C00281,58,1,2648.0,3,1,1,5,Lost
C00282,8,2,14531.0,5,2,3,10,Potential Loyalists
C00283,181,9,60039.0,2,5,5,12,At Risk
C00284,43,4,4056.0,4,3,1,8,Loyal Customers
C00285,198,1,4907.0,2,1,1,4,Lost
C00286,75,3,9224.0,3,2,2,7,Lost
C00287,81,5,9242.0,3,4,2,9,Loyal Customers
C00288,331,2,10433.0,1,2,2,5,Lost
C00289,88,7,48997.0,3,4,5,12,Loyal Customers
C00290,281,1,8365.0,1,1,2,4,Lost
C00291,132,14,51045.0,2,5,5,12,At Risk
C00292,167,17,39343.0,2,5,4,11,At Risk
C00293,50,2,6318.0,4,2,1,7,Potential Loyalists
C00294,113,2,11145.0,3,2,2,7,Lost
C00295,211,15,49781.0,1,5,5,11,At Risk
C00296,135,2,41606.0,2,2,4,8,Lost
C00297,56,8,40276.0,3,4,4,11,Loyal Customers
C00298,27,5,15392.0,5,4,3,12,Loyal Customers
C00299,188,7,18170.0,2,4,3,9,At Risk
C00300,138,1,719.0,2,1,1,4,Lost
C00301,132,7,32137.0,2,4,4,10,At Risk
C00302,44,14,108517.0,4,5,5,14,Champions
C00303,13,4,5774.0,5,3,1,9,Loyal Customers
C00304,123,12,78549.0,2,5,5,12,At Risk
C00305,39,4,13304.0,4,3,3,10,Loyal Customers
C00306,223,4,23004.0,1,3,4,8,At Risk
C00307,56,1,14325.0,3,1,3,7,Lost
C00308,96,2,8106.0,3,2,2,7,Lost
C00309,17,1,3489.0,5,1,1,7,Potential Loyalists
C00310,28,2,14661.0,4,2,3,9,Potential Loyalists
C00311,75,1,8917.0,3,1,2,6,Lost
C00312,168,9,54959.0,2,5,5,12,At Risk
C00313,21,6,36678.0,5,4,4,13,Champions
C00314,126,11,65639.0,2,5,5,12,At Risk
C00315,20,1,17034.0,5,1,3,9,Potential Loyalists
C00316,58,4,26125.0,3,3,4,10,Loyal Customers
C00317,0,8,23807.0,5,4,4,13,Champions
C00318,148,2,7637.0,2,2,2,6,Lost
C00319,44,3,7705.0,4,2,2,8,Potential Loyalists
C00320,106,3,6794.0,3,2,2,7,Lost
C00321,24,4,11913.0,5,3,2,10,Loyal Customers
C00322,12,4,10323.0,5,3,2,10,Loyal Customers
C00323,357,2,5335.0,1,2,1,4,Lost
C00324,1,1,6536.0,5,1,2,8,Potential Loyalists
C00325,188,2,28520.0,2,2,4,8,Lost
C00326,67,5,35331.0,3,4,4,11,Loyal Customers
C00327,433,2,15085.0,1,2,3,6,Lost
C00328,115,10,34410.0,3,5,4,12,Loyal Customers
C00329,54,3,12294.0,4,2,2,8,Potential Loyalists
C00330,160,2,16363.0,2,2,3,7,Lost
C00331,166,8,56995.0,2,4,5,11,At Risk
C00332,413,13,188554.0,1,5,5,11,At Risk
C00333,44,7,20938.0,4,4,3,11,Loyal Customers
C00334,37,4,10982.0,4,3,2,9,Loyal Customers
C00335,11,4,37304.0,5,3,4,12,Loyal Customers
C00336,7,8,42963.0,5,4,5,14,Champions
C00337,1,12,52697.0,5,5,5,15,Champions
C00338,177,2,21049.0,2,2,3,7,Lost
C00339,426,6,46504.0,1,4,5,10,At Risk
C00340,99,6,15061.0,3,4,3,10,Loyal Customers
C00341,127,2,13945.0,2,2,3,7,Lost
C00342,54,15,104829.0,4,5,5,14,Champions
C00343,83,4,10851.0,3,3,2,8,Loyal Customers
C00344,402,5,26781.0,1,4,4,9,At Risk
C00345,436,6,24457.0,1,4,4,9,At Risk
C00346,162,9,24905.0,2,5,4,11,At Risk
C00347,183,8,31746.0,2,4,4,10,At Risk
C00348,164,3,12531.0,2,2,2,6,Lost
C00349,100,1,16743.0,3,1,3,7,Lost
C00350,9,3,11553.0,5,2,2,9,Potential Loyalists
C00351,16,4,64278.0,5,3,5,13,Loyal Customers
C00352,52,1,1249.0,4,1,1,6,Potential Loyalists
C00353,175,3,24339.0,2,2,4,8,Lost
C00354,193,2,15681.0,2,2,3,7,Lost
C00355,312,4,14114.0,1,3,3,7,At Risk
C00356,2,4,28744.0,5,3,4,12,Loyal Customers
C00357,51,16,50631.0,4,5,5,14,Champions
C00358,77,15,37455.0,3,5,4,12,Loyal Customers
C00359,91,14,44343.0,3,5,5,13,Loyal Customers
C00360,272,6,55965.0,1,4,5,10,At Risk
C00362,51,2,15802.0,4,2,3,9,Potential Loyalists
C00363,45,7,19790.0,4,4,3,11,Loyal Customers
C00364,111,4,16734.0,3,3,3,9,Loyal Customers
C00365,417,17,57276.0,1,5,5,11,At Risk
C00366,44,1,2838.0,4,1,1,6,Potential Loyalists
C00367,49,4,14662.0,4,3,3,10,Loyal Customers
C00368,154,5,10233.0,2,4,2,8,At Risk
C00369,37,2,12511.0,4,2,2,8,Potential Loyalists
C00370,86,11,42552.0,3,5,5,13,Loyal Customers
C00371,259,8,81483.0,1,4,5,10,At Risk
C00372,16,8,36413.0,5,4,4,13,Champions
C00373,458,1,8786.0,1,1,2,4,Lost
C00374,409,1,4367.0,1,1,1,3,Lost
C00375,290,1,22880.0,1,1,4,6,Lost
C00376,10,2,5048.0,5,2,1,8,Potential Loyalists
C00377,252,8,43070.0,1,4,5,10,At Risk
C00378,55,2,9205.0,3,2,2,7,Lost
C00379,134,1,8436.0,2,1,2,5,Lost
C00380,44,3,9115.0,4,2,2,8,Potential Loyalists
C00381,46,3,17751.0,4,2,3,9,Potential Loyalists
C00382,178,2,6606.0,2,2,2,6,Lost
C00383,103,3,24449.0,3,2,4,9,Lost
C00384,10,7,63299.0,5,4,5,14,Champions
C00385,159,16,148699.0,2,5,5,12,At Risk
C00386,232,5,24235.0,1,4,4,9,At Risk
C00387,16,10,41178.0,5,5,4,14,Champions
C00388,53,3,44851.0,4,2,5,11,Potential Loyalists
C00389,99,3,11056.0,3,2,2,7,Lost
C00390,3,1,838.0,5,1,1,7,Potential Loyalists
C00391,410,1,2858.0,1,1,1,3,Lost
C00392,117,1,5767.0,2,1,1,4,Lost
C00393,136,2,2078.0,2,2,1,5,Lost
C00394,14,12,49784.0,5,5,5,15,Champions
C00395,56,4,11344.0,3,3,2,8,Loyal Customers
C00396,31,12,143567.0,4,5,5,14,Champions
C00397,155,3,14114.0,2,2,3,7,Lost
C00398,369,10,171712.0,1,5,5,11,At Risk
C00399,59,4,12095.0,3,3,2,8,Loyal Customers
C00400,59,5,20201.0,3,4,3,10,Loyal Customers
C00401,52,5,22229.0,4,4,3,11,Loyal Customers
C00403,452,2,6612.0,1,2,2,5,Lost
C00404,215,1,12845.0,1,1,2,4,Lost
C00405,15,9,38305.0,5,5,4,14,Champions
C00406,12,3,10314.0,5,2,2,9,Potential Loyalists
C00407,44,13,46268.0,4,5,5,14,Champions
C00408,69,6,16721.0,3,4,3,10,Loyal Customers
C00409,280,1,5687.0,1,1,1,3,Lost
C00410,74,1,2439.0,3,1,1,5,Lost
C00411,113,1,1109.0,3,1,1,5,Lost
C00412,7,4,7155.0,5,3,2,10,Loyal Customers
C00413,130,2,22696.0,2,2,3,7,Lost
C00414,71,10,31885.0,3,5,4,12,Loyal Customers
C00415,268,1,5868.0,1,1,1,3,Lost
C00416,29,5,28177.0,4,4,4,12,Champions
C00417,8,13,28781.0,5,5,4,14,Champions
C00418,67,1,659.0,3,1,1,5,Lost
C00419,521,1,1958.0,1,1,1,3,Lost
C00421,51,14,55342.0,4,5,5,14,Champions
C00422,68,1,2268.0,3,1,1,5,Lost
C00423,7,1,1556.0,5,1,1,7,Potential Loyalists
C00424,17,6,36273.0,5,4,4,13,Champions
C00425,303,6,20579.0,1,4,3,8,At Risk
C00426,161,6,16051.0,2,4,3,9,At Risk
C00427,67,7,9159.0,3,4,2,9,Loyal Customers
C00428,101,1,6926.0,3,1,2,6,Lost
C00429,131,1,2578.0,2,1,1,4,Lost
C00430,70,4,74402.0,3,3,5,11,Loyal Customers
C00431,65,12,96321.0,3,5,5,13,Loyal Customers
C00432,28,12,146067.0,4,5,5,14,Champions
C00433,11,4,10883.0,5,3,2,10,Loyal Customers
C00434,40,3,8016.0,4,2,2,8,Potential Loyalists
C00435,75,3,23351.0,3,2,4,9,Lost
C00436,225,2,16993.0,1,2,3,6,Lost
C00437,158,5,62907.0,2,4,5,11,At Risk
C00438,119,6,15901.0,2,4,3,9,At Risk
C00439,5,5,9504.0,5,4,2,11,Loyal Customers
C00440,99,12,81675.0,3,5,5,13,Loyal Customers
C00441,58,6,17470.0,3,4,3,10,Loyal Customers
C00442,210,6,14600.0,2,4,3,9,At Risk
C00443,14,1,9694.0,5,1,2,8,Potential Loyalists
C00444,122,6,26035.0,2,4,4,10,At Risk
C00445,52,3,38909.0,4,2,4,10,Potential Loyalists
C00446,54,1,2777.0,4,1,1,6,Potential Loyalists
C00447,211,6,20310.0,1,4,3,8,At Risk
C00448,81,4,16723.0,3,3,3,9,Loyal Customers
C00449,74,2,7822.0,3,2,2,7,Lost
C00450,243,2,8427.0,1,2,2,5,Lost
C00451,106,1,20294.0,3,1,3,7,Lost
C00452,91,2,10865.0,3,2,2,7,Lost
C00453,79,13,41199.0,3,5,4,12,Loyal Customers
C00454,261,9,53411.0,1,5,5,11,At Risk
C00455,168,1,6978.0,2,1,2,5,Lost
C00456,2,3,31914.0,5,2,4,11,Potential Loyalists
C00457,23,3,11453.0,5,2,2,9,Potential Loyalists
C00458,69,1,1259.0,3,1,1,5,Lost
C00459,9,16,49813.0,5,5,5,15,Champions
C00460,116,7,60078.0,3,4,5,12,Loyal Customers
C00461,27,1,8767.0,5,1,2,8,Potential Loyalists
C00462,189,7,27317.0,2,4,4,10,At Risk
C00463,376,5,22414.0,1,4,3,8,At Risk
C00464,362,5,49314.0,1,4,5,10,At Risk
C00465,75,1,7237.0,3,1,2,6,Lost
C00466,213,4,13583.0,1,3,3,7,At Risk
C00467,14,1,1429.0,5,1,1,7,Potential Loyalists
C00468,69,1,21660.0,3,1,3,7,Lost
C00469,247,8,21446.0,1,4,3,8,At Risk
C00470,286,8,21778.0,1,4,3,8,At Risk
C00471,53,8,95833.0,4,4,5,13,Champions
C00473,160,4,7574.0,2,3,2,7,At Risk
C00474,217,2,16413.0,1,2,3,6,Lost
C00475,20,5,47191.0,5,4,5,14,Champions
C00476,122,4,25395.0,2,3,4,9,At Risk
C00477,164,5,17603.0,2,4,3,9,At Risk
C00478,12,10,45291.0,5,5,5,15,Champions
C00479,103,9,31564.0,3,5,4,12,Loyal Customers
C00480,51,4,32654.0,4,3,4,11,Loyal Customers
C00481,226,2,13402.0,1,2,3,6,Lost
C00482,172,4,46361.0,2,3,5,10,At Risk
C00483,310,14,49979.0,1,5,5,11,At Risk
C00484,44,8,18396.0,4,4,3,11,Loyal Customers
C00485,97,16,104596.0,3,5,5,13,Loyal Customers
C00486,43,4,13972.0,4,3,3,10,Loyal Customers
C00487,349,7,26899.0,1,4,4,9,At Risk
C00488,260,8,109640.0,1,4,5,10,At Risk
C00489,49,5,26186.0,4,4,4,12,Champions
C00490,113,1,2258.0,3,1,1,5,Lost
C00491,26,7,16829.0,5,4,3,12,Loyal Customers
C00492,72,10,78108.0,3,5,5,13,Loyal Customers
C00493,105,3,6317.0,3,2,1,6,Lost
C00494,18,11,39630.0,5,5,4,14,Champions
C00495,85,1,279.0,3,1,1,5,Lost
C00496,184,1,1528.0,2,1,1,4,Lost
C00497,544,2,15442.0,1,2,3,6,Lost
C00498,11,1,1377.0,5,1,1,7,Potential Loyalists
C00499,48,10,130273.0,4,5,5,14,Champions
C00500,129,4,20653.0,2,3,3,8,At Risk
C00501,247,3,19590.0,1,2,3,6,Lost
C00502,36,4,50527.0,4,3,5,12,Loyal Customers
C00503,373,7,35890.0,1,4,4,9,At Risk
C00504,48,8,21528.0,4,4,3,11,Loyal Customers
C00505,116,1,5627.0,3,1,1,5,Lost
C00506,204,4,7645.0,2,3,2,7,At Risk
C00507,213,2,12902.0,1,2,2,5,Lost
C00508,183,1,5817.0,2,1,1,4,Lost
C00509,139,1,6016.0,2,1,1,4,Lost
C00510,8,4,52585.0,5,3,5,13,Loyal Customers
C00511,50,4,9646.0,4,3,2,9,Loyal Customers
C00512,294,7,103276.0,1,4,5,10,At Risk
C00513,25,16,61952.0,5,5,5,15,Champions
C00514,38,9,26782.0,4,5,4,13,Champions
C00515,480,1,1128.0,1,1,1,3,Lost
C00516,289,12,131939.0,1,5,5,11,At Risk
C00517,151,10,42460.0,2,5,5,12,At Risk
C00518,46,10,49709.0,4,5,5,14,Champions
C00519,56,1,4317.0,3,1,1,5,Lost
C00520,220,4,18102.0,1,3,3,7,At Risk
C00521,34,11,36510.0,4,5,4,13,Champions
C00522,26,5,36762.0,5,4,4,13,Champions
C00523,78,6,14120.0,3,4,3,10,Loyal Customers
C00524,28,4,13033.0,4,3,3,10,Loyal Customers
C00525,51,11,85945.0,4,5,5,14,Champions
C00526,427,3,11685.0,1,2,2,5,Lost
C00527,150,4,8394.0,2,3,2,7,At Risk
C00528,19,1,2498.0,5,1,1,7,Potential Loyalists
C00529,254,4,21484.0,1,3,3,7,At Risk
C00530,1,1,549.0,5,1,1,7,Potential Loyalists
C00531,42,7,22256.0,4,4,3,11,Loyal Customers
C00532,3,8,23335.0,5,4,4,13,Champions
C00533,6,6,12861.0,5,4,2,11,Loyal Customers
C00534,160,1,5038.0,2,1,1,4,Lost
C00535,3,1,7208.0,5,1,2,8,Potential Loyalists
C00536,95,12,80070.0,3,5,5,13,Loyal Customers
C00537,10,1,3427.0,5,1,1,7,Potential Loyalists
C00538,38,1,1099.0,4,1,1,6,Potential Loyalists
C00539,30,10,19997.0,4,5,3,12,Loyal Customers
C00540,59,15,83748.0,3,5,5,13,Loyal Customers
C00541,427,3,11334.0,1,2,2,5,Lost
C00542,53,3,14373.0,4,2,3,9,Potential Loyalists
C00543,78,3,12434.0,3,2,2,7,Lost
C00544,41,1,339.0,4,1,1,6,Potential Loyalists
C00545,21,18,122985.0,5,5,5,15,Champions
C00546,406,3,8645.0,1,2,2,5,Lost
C00547,14,3,20862.0,5,2,3,10,Potential Loyalists
C00548,68,10,126369.0,3,5,5,13,Loyal Customers
C00549,49,13,52950.0,4,5,5,14,Champions
C00550,293,3,14105.0,1,2,3,6,Lost
C00551,11,1,6607.0,5,1,2,8,Potential Loyalists
C00552,280,1,4868.0,1,1,1,3,Lost
C00553,14,4,25679.0,5,3,4,12,Loyal Customers
C00554,144,12,50714.0,2,5,5,12,At Risk
C00555,351,6,11822.0,1,4,2,7,At Risk
C00556,38,1,4896.0,4,1,1,6,Potential Loyalists
C00557,515,7,36920.0,1,4,4,9,At Risk
C00558,222,1,9804.0,1,1,2,4,Lost
C00559,33,7,21358.0,4,4,3,11,Loyal Customers
C00560,581,2,5476.0,1,2,1,4,Lost
C00561,243,14,100982.0,1,5,5,11,At Risk
C00562,151,4,22127.0,2,3,3,8,At Risk
C00563,55,15,179232.0,3,5,5,13,Loyal Customers
C00564,16,1,20241.0,5,1,3,9,Potential Loyalists
C00565,42,6,20649.0,4,4,3,11,Loyal Customers
C00566,30,7,31474.0,4,4,4,12,Champions
C00567,19,15,51943.0,5,5,5,15,Champions
C00568,39,8,32254.0,4,4,4,12,Champions
C00569,130,3,9552.0,2,2,2,6,Lost
C00570,181,1,658.0,2,1,1,4,Lost
C00571,36,3,10762.0,4,2,2,8,Potential Loyalists
C00572,25,5,19610.0,5,4,3,12,Loyal Customers
C00573,126,6,26251.0,2,4,4,10,At Risk
C00574,49,1,10935.0,4,1,2,7,Potential Loyalists
C00575,13,3,11794.0,5,2,2,9,Potential Loyalists
C00576,393,8,20326.0,1,4,3,8,At Risk
C00577,308,14,77207.0,1,5,5,11,At Risk
C00578,71,3,15592.0,3,2,3,8,Lost
C00579,82,6,26126.0,3,4,4,11,Loyal Customers
C00580,299,7,47663.0,1,4,5,10,At Risk
C00581,56,1,339.0,3,1,1,5,Lost
C00582,345,3,13080.0,1,2,3,6,Lost
C00583,100,4,10935.0,3,3,2,8,Loyal Customers
C00584,26,4,17813.0,5,3,3,11,Loyal Customers
C00585,208,2,6177.0,2,2,1,5,Lost
C00586,10,3,19299.0,5,2,3,10,Potential Loyalists
C00587,56,2,13553.0,3,2,3,8,Lost
C00588,29,5,20741.0,4,4,3,11,Loyal Customers
C00589,137,5,37333.0,2,4,4,10,At Risk
C00590,144,8,57115.0,2,4,5,11,At Risk
C00591,373,3,8425.0,1,2,2,5,Lost
C00592,5,3,12303.0,5,2,2,9,Potential Loyalists
C00593,50,8,29167.0,4,4,4,12,Champions
C00594,217,1,7137.0,1,1,2,4,Lost
C00595,53,1,18684.0,4,1,3,8,Potential Loyalists
C00596,257,3,22200.0,1,2,3,6,Lost
C00597,180,2,3688.0,2,2,1,5,Lost
C00598,9,3,29614.0,5,2,4,11,Potential Loyalists
C00599,280,3,12974.0,1,2,2,5,Lost
C00600,267,1,4309.0,1,1,1,3,Lost
C00601,73,3,6365.0,3,2,1,6,Lost
C00602,29,11,79522.0,4,5,5,14,Champions
C00603,136,3,15035.0,2,2,3,7,Lost
C00605,51,7,38365.0,4,4,4,12,Champions
C00606,71,17,98029.0,3,5,5,13,Loyal Customers
C00607,458,9,106050.0,1,5,5,11,At Risk
C00608,17,7,45416.0,5,4,5,14,Champions
C00609,27,5,13952.0,5,4,3,12,Loyal Customers
C00610,53,6,31401.0,4,4,4,12,Champions
C00611,144,1,339.0,2,1,1,4,Lost
C00612,64,5,72074.0,3,4,5,12,Loyal Customers
C00613,69,2,7895.0,3,2,2,7,Lost
C00614,70,2,7208.0,3,2,2,7,Lost
C00615,23,5,60009.0,5,4,5,14,Champions
C00616,67,4,13165.0,3,3,3,9,Loyal Customers
C00617,276,4,12453.0,1,3,2,6,At Risk
C00620,132,1,3448.0,2,1,1,4,Lost
C00621,137,1,8097.0,2,1,2,5,Lost
C00622,27,2,11565.0,5,2,2,9,Potential Loyalists
C00623,71,3,11522.0,3,2,2,7,Lost
C00624,57,1,2449.0,3,1,1,5,Lost
C00625,204,4,13572.0,2,3,3,8,At Risk
C00626,57,4,15791.0,3,3,3,9,Loyal Customers
C00627,54,3,38748.0,4,2,4,10,Potential Loyalists
C00628,107,4,8954.0,3,3,2,8,Loyal Customers
C00629,182,6,24448.0,2,4,4,10,At Risk
C00630,12,1,1448.0,5,1,1,7,Potential Loyalists
C00631,6,7,91756.0,5,4,5,14,Champions
C00632,17,8,25946.0,5,4,4,13,Champions
C00633,261,5,23559.0,1,4,4,9,At Risk
C00634,160,13,53915.0,2,5,5,12,At Risk
C00635,15,1,9537.0,5,1,2,8,Potential Loyalists
C00636,14,2,7747.0,5,2,2,9,Potential Loyalists
C00637,79,1,5578.0,3,1,1,5,Lost
C00638,21,4,26846.0,5,3,4,12,Loyal Customers
C00639,119,4,33645.0,2,3,4,9,At Risk
C00640,122,6,21428.0,2,4,3,9,At Risk
C00641,233,6,19751.0,1,4,3,8,At Risk
C00642,88,3,11975.0,3,2,2,7,Lost
C00643,145,4,14293.0,2,3,3,8,At Risk
C00644,38,3,20182.0,4,2,3,9,Potential Loyalists
C00645,101,1,10676.0,3,1,2,6,Lost
C00646,46,1,2637.0,4,1,1,6,Potential Loyalists
C00647,71,4,11044.0,3,3,2,8,Loyal Customers
C00648,47,2,29042.0,4,2,4,10,Potential Loyalists
C00649,140,2,5505.0,2,2,1,5,Lost
C00650,60,6,36142.0,3,4,4,11,Loyal Customers
C00651,299,4,7314.0,1,3,2,6,At Risk
C00652,15,1,12885.0,5,1,2,8,Potential Loyalists
C00653,159,12,75343.0,2,5,5,12,At Risk
C00654,44,1,2948.0,4,1,1,6,Potential Loyalists
C00655,58,15,106728.0,3,5,5,13,Loyal Customers
C00656,158,3,7976.0,2,2,2,6,Lost
C00657,476,1,3657.0,1,1,1,3,Lost
C00658,19,1,12944.0,5,1,2,8,Potential Loyalists
C00659,47,12,47409.0,4,5,5,14,Champions
C00660,146,2,6786.0,2,2,2,6,Lost
C00661,13,4,14032.0,5,3,3,11,Loyal Customers
C00662,191,1,1109.0,2,1,1,4,Lost
C00663,137,16,104468.0,2,5,5,12,At Risk
C00664,321,5,77909.0,1,4,5,10,At Risk
C00665,71,3,8185.0,3,2,2,7,Lost
C00666,249,8,27295.0,1,4,4,9,At Risk
C00667,219,8,21997.0,1,4,3,8,At Risk
C00668,185,6,34897.0,2,4,4,10,At Risk
C00669,89,3,9176.0,3,2,2,7,Lost
C00670,74,4,14044.0,3,3,3,9,Loyal Customers
C00671,31,5,18632.0,4,4,3,11,Loyal Customers
C00672,39,1,3097.0,4,1,1,6,Potential Loyalists
C00673,269,1,5126.0,1,1,1,3,Lost
C00674,30,2,9936.0,4,2,2,8,Potential Loyalists
C00675,23,4,37702.0,5,3,4,12,Loyal Customers
C00676,214,1,2359.0,1,1,1,3,Lost
C00677,130,10,132699.0,2,5,5,12,At Risk
C00678,206,2,5607.0,2,2,1,5,Lost
C00679,68,2,11864.0,3,2,2,7,Lost
C00680,74,4,9914.0,3,3,2,8,Loyal Customers
C00681,40,4,45072.0,4,3,5,12,Loyal Customers
C00682,289,2,13635.0,1,2,3,6,Lost
C00683,29,4,20350.0,4,3,3,10,Loyal Customers
C00684,34,3,12494.0,4,2,2,8,Potential Loyalists
C00685,58,14,212703.0,3,5,5,13,Loyal Customers
C00686,26,1,1668.0,5,1,1,7,Potential Loyalists
C00687,24,4,13953.0,5,3,3,11,Loyal Customers
C00688,145,1,719.0,2,1,1,4,Lost
C00689,34,4,23235.0,4,3,4,11,Loyal Customers
C00690,5,7,82179.0,5,4,5,14,Champions
C00691,167,15,50656.0,2,5,5,12,At Risk
C00693,11,11,75523.0,5,5,5,15,Champions
C00694,27,1,1309.0,5,1,1,7,Potential Loyalists
C00695,439,1,1778.0,1,1,1,3,Lost
C00696,99,4,10025.0,3,3,2,8,Loyal Customers
C00697,123,6,70747.0,2,4,5,11,At Risk
C00698,56,12,77409.0,3,5,5,13,Loyal Customers
C00699,71,12,147602.0,3,5,5,13,Loyal Customers
C00700,3,3,6165.0,5,2,1,8,Potential Loyalists
C00702,265,3,11612.0,1,2,2,5,Lost
C00703,86,1,2128.0,3,1,1,5,Lost
C00704,160,2,3677.0,2,2,1,5,Lost
C00705,49,2,1368.0,4,2,1,7,Potential Loyalists
C00706,314,4,33377.0,1,3,4,8,At Risk
C00707,2,4,14353.0,5,3,3,11,Loyal Customers
C00708,87,8,59671.0,3,4,5,12,Loyal Customers
C00709,579,1,2678.0,1,1,1,3,Lost
C00710,349,5,57845.0,1,4,5,10,At Risk
C00711,88,6,66520.0,3,4,5,12,Loyal Customers
C00712,5,9,23466.0,5,5,4,14,Champions
C00713,116,1,15105.0,3,1,3,7,Lost
C00714,49,8,55934.0,4,4,5,13,Champions
C00715,54,1,5076.0,4,1,1,6,Potential Loyalists
C00716,53,2,11876.0,4,2,2,8,Potential Loyalists
C00717,22,1,3328.0,5,1,1,7,Potential Loyalists
C00718,76,8,37964.0,3,4,4,11,Loyal Customers
C00719,280,2,3955.0,1,2,1,4,Lost
C00720,326,1,359.0,1,1,1,3,Lost
C00721,594,4,18474.0,1,3,3,7,At Risk
C00722,75,6,14389.0,3,4,3,10,Loyal Customers
C00724,21,3,34563.0,5,2,4,11,Potential Loyalists
C00725,50,4,9544.0,4,3,2,9,Loyal Customers
C00726,100,17,200853.0,3,5,5,13,Loyal Customers
C00727,141,1,469.0,2,1,1,4,Lost
C00728,24,8,45377.0,5,4,5,14,Champions
C00730,334,1,4536.0,1,1,1,3,Lost
C00731,11,3,22869.0,5,2,4,11,Potential Loyalists
C00732,152,8,35397.0,2,4,4,10,At Risk
C00733,50,1,2139.0,4,1,1,6,Potential Loyalists
C00734,325,4,16943.0,1,3,3,7,At Risk
C00735,13,4,11364.0,5,3,2,10,Loyal Customers
C00736,362,10,70943.0,1,5,5,11,At Risk
C00737,197,8,33896.0,2,4,4,10,At Risk
C00738,9,4,13713.0,5,3,3,11,Loyal Customers
C00739,21,3,6966.0,5,2,2,9,Potential Loyalists
C00740,17,14,99807.0,5,5,5,15,Champions
C00741,214,7,44122.0,1,4,5,10,At Risk
C00742,41,2,6426.0,4,2,1,7,Potential Loyalists
C00743,36,1,678.0,4,1,1,6,Potential Loyalists
C00744,555,5,34692.0,1,4,4,9,At Risk
C00745,54,1,4318.0,4,1,1,6,Potential Loyalists
C00746,154,3,13282.0,2,2,3,7,Lost
C00747,76,8,24681.0,3,4,4,11,Loyal Customers
C00748,63,7,52283.0,3,4,5,12,Loyal Customers
C00750,65,1,6846.0,3,1,2,6,Lost
C00751,102,13,162962.0,3,5,5,13,Loyal Customers
C00752,187,9,26254.0,2,5,4,11,At Risk
C00753,35,4,26820.0,4,3,4,11,Loyal Customers
C00754,23,15,66497.0,5,5,5,15,Champions
C00755,20,7,40488.0,5,4,4,13,Champions
C00756,149,2,10083.0,2,2,2,6,Lost
C00757,9,15,50134.0,5,5,5,15,Champions
C00758,132,4,5315.0,2,3,1,6,At Risk
C00759,541,2,2817.0,1,2,1,4,Lost
C00760,77,6,41905.0,3,4,5,12,Loyal Customers
C00761,34,7,49178.0,4,4,5,13,Champions
C00762,52,3,17879.0,4,2,3,9,Potential Loyalists
C00763,234,2,21228.0,1,2,3,6,Lost
C00764,49,1,10044.0,4,1,2,7,Potential Loyalists
C00765,31,2,26825.0,4,2,4,10,Potential Loyalists
C00766,40,4,50104.0,4,3,5,12,Loyal Customers
C00767,5,1,6757.0,5,1,2,8,Potential Loyalists
C00768,87,8,30356.0,3,4,4,11,Loyal Customers
C00769,145,9,58781.0,2,5,5,12,At Risk
C00770,56,4,52970.0,3,3,5,11,Loyal Customers
C00771,51,1,4336.0,4,1,1,6,Potential Loyalists
C00772,8,1,7108.0,5,1,2,8,Potential Loyalists
C00773,38,1,4908.0,4,1,1,6,Potential Loyalists
C00774,168,8,45379.0,2,4,5,11,At Risk
C00775,198,1,1498.0,2,1,1,4,Lost
C00776,87,1,5828.0,3,1,1,5,Lost
C00777,411,5,16896.0,1,4,3,8,At Risk
C00778,253,1,3937.0,1,1,1,3,Lost
C00779,75,3,17221.0,3,2,3,8,Lost
C00780,27,15,96678.0,5,5,5,15,Champions
C00781,184,7,16407.0,2,4,3,9,At Risk
C00782,222,2,7616.0,1,2,2,5,Lost
C00783,23,2,29950.0,5,2,4,11,Potential Loyalists
C00784,7,4,16871.0,5,3,3,11,Loyal Customers
C00785,177,2,6547.0,2,2,2,6,Lost
C00786,181,11,116703.0,2,5,5,12,At Risk
C00787,48,3,7566.0,4,2,2,8,Potential Loyalists
C00788,24,1,8845.0,5,1,2,8,Potential Loyalists
C00789,34,6,21439.0,4,4,3,11,Loyal Customers
C00790,239,4,60810.0,1,3,5,9,At Risk
C00791,44,7,20449.0,4,4,3,11,Loyal Customers
C00792,193,5,22826.0,2,4,3,9,At Risk
C00793,23,1,2998.0,5,1,1,7,Potential Loyalists
C00794,236,17,239852.0,1,5,5,11,At Risk
C00795,23,15,101711.0,5,5,5,15,Champions
C00796,20,2,7925.0,5,2,2,9,Potential Loyalists
C00797,454,8,27366.0,1,5,4,10,At Risk
C00798,142,4,18572.0,2,3,3,8,At Risk
C00799,173,8,32205.0,2,5,4,11,At Risk
C00800,67,2,22833.0,3,2,3,8,Lost
C00801,127,1,8276.0,2,1,2,5,Lost
C00802,507,4,21998.0,1,3,3,7,At Risk
C00803,78,6,11840.0,3,4,2,9,Loyal Customers
C00804,22,1,3788.0,5,1,1,7,Potential Loyalists
C00805,27,7,41167.0,5,4,4,13,Champions
C00806,36,3,22099.0,4,2,3,9,Potential Loyalists
C00807,235,1,4168.0,1,1,1,3,Lost
C00808,6,1,2488.0,5,1,1,7,Potential Loyalists
C00809,22,10,29052.0,5,5,4,14,Champions
C00810,234,1,1109.0,1,1,1,3,Lost
C00811,137,10,69202.0,2,5,5,12,At Risk
C00812,13,2,10153.0,5,2,2,9,Potential Loyalists
C00813,18,4,25887.0,5,3,4,12,Loyal Customers
C00814,189,6,57136.0,2,4,5,11,At Risk
C00815,253,7,11161.0,1,4,2,7,At Risk
C00816,292,4,31934.0,1,3,4,8,At Risk
C00817,17,2,6488.0,5,2,1,8,Potential Loyalists
C00819,362,4,36437.0,1,3,4,8,At Risk
C00820,104,5,23365.0,3,4,4,11,Loyal Customers
C00821,27,13,29219.0,5,5,4,14,Champions
C00822,56,6,37211.0,3,4,4,11,Loyal Customers
C00823,301,2,5338.0,1,2,1,4,Lost
C00824,2,17,131887.0,5,5,5,15,Champions
C00825,236,2,14493.0,1,2,3,6,Lost
C00826,110,1,1679.0,3,1,1,5,Lost
C00827,48,1,7727.0,4,1,2,7,Potential Loyalists
C00828,0,1,10953.0,5,1,2,8,Potential Loyalists
C00829,27,1,6808.0,5,1,2,8,Potential Loyalists
C00830,350,1,1249.0,1,1,1,3,Lost
C00831,261,1,4148.0,1,1,1,3,Lost
C00832,260,5,36588.0,1,4,4,9,At Risk
C00833,54,8,28830.0,4,5,4,13,Champions
C00834,43,3,6846.0,4,2,2,8,Potential Loyalists
C00835,58,17,182923.0,3,5,5,13,Loyal Customers
C00836,435,5,14982.0,1,4,3,8,At Risk
C00837,207,9,51674.0,2,5,5,12,At Risk
C00838,71,7,27596.0,3,4,4,11,Loyal Customers
C00839,9,6,61950.0,5,4,5,14,Champions
C00840,271,5,35961.0,1,4,4,9,At Risk
C00841,37,1,12651.0,4,1,2,7,Potential Loyalists
C00842,109,1,6178.0,3,1,1,5,Lost
C00843,1,1,26340.0,5,1,4,10,Potential Loyalists
C00844,53,1,5106.0,4,1,1,6,Potential Loyalists
C00845,391,3,21550.0,1,2,3,6,Lost
C00847,202,3,9875.0,2,2,2,6,Lost
C00848,200,2,10323.0,2,2,2,6,Lost
C00849,57,1,3129.0,3,1,1,5,Lost
C00850,56,11,70773.0,3,5,5,13,Loyal Customers
C00851,60,6,43028.0,3,4,5,12,Loyal Customers
C00852,143,13,48263.0,2,5,5,12,At Risk
C00853,55,3,5645.0,3,2,1,6,Lost
C00854,54,8,51362.0,4,5,5,14,Champions
C00855,12,4,9434.0,5,3,2,10,Loyal Customers
C00856,27,4,26297.0,5,3,4,12,Loyal Customers
C00857,238,4,28314.0,1,3,4,8,At Risk
C00858,71,2,8355.0,3,2,2,7,Lost
C00860,124,11,36453.0,2,5,4,11,At Risk
C00861,21,2,18080.0,5,2,3,10,Potential Loyalists
C00862,161,1,2528.0,2,1,1,4,Lost
C00863,26,7,22617.0,5,4,3,12,Loyal Customers
C00864,98,8,22774.0,3,5,3,11,Loyal Customers
C00865,101,4,19893.0,3,3,3,9,Loyal Customers
C00867,59,2,10536.0,3,2,2,7,Lost
C00868,171,2,8446.0,2,2,2,6,Lost
C00869,13,14,38664.0,5,5,4,14,Champions
C00870,15,2,23668.0,5,2,4,11,Potential Loyalists
C00871,50,1,4968.0,4,1,1,6,Potential Loyalists
C00872,58,2,18739.0,3,2,3,8,Lost
C00873,22,5,11043.0,5,4,2,11,Loyal Customers
C00874,52,4,15843.0,4,3,3,10,Loyal Customers
C00875,128,2,8615.0,2,2,2,6,Lost
C00876,25,3,4506.0,5,2,1,8,Potential Loyalists
C00877,77,4,19131.0,3,3,3,9,Loyal Customers
C00878,156,9,39476.0,2,5,4,11,At Risk
C00879,37,11,28664.0,4,5,4,13,Champions
C00880,16,13,54796.0,5,5,5,15,Champions
C00881,15,1,3189.0,5,1,1,7,Potential Loyalists
C00882,417,15,60531.0,1,5,5,11,At Risk
C00883,16,5,60716.0,5,4,5,14,Champions
C00884,8,2,27204.0,5,2,4,11,Potential Loyalists
C00885,163,2,18972.0,2,2,3,7,Lost
C00886,39,11,82335.0,4,5,5,14,Champions
C00887,110,4,7102.0,3,3,2,8,Loyal Customers
C00888,46,7,27508.0,4,4,4,12,Champions
C00889,34,2,27397.0,4,2,4,10,Potential Loyalists
C00890,184,12,97337.0,2,5,5,12,At Risk
C00891,455,1,4309.0,1,1,1,3,Lost
C00892,22,13,101099.0,5,5,5,15,Champions
C00893,192,16,50344.0,2,5,5,12,At Risk
C00894,9,8,27895.0,5,5,4,14,Champions
C00895,71,4,27457.0,3,3,4,10,Loyal Customers
C00896,58,1,3329.0,3,1,1,5,Lost
C00897,52,10,132738.0,4,5,5,14,Champions
C00898,530,3,4265.0,1,2,1,4,Lost
C00899,20,9,35763.0,5,5,4,14,Champions
C00900,57,4,14233.0,3,3,3,9,Loyal Customers
C00901,200,2,11734.0,2,2,2,6,Lost
C00902,227,5,21009.0,1,4,3,8,At Risk
C00903,159,7,26635.0,2,4,4,10,At Risk
C00904,156,7,26395.0,2,4,4,10,At Risk
C00905,59,2,10096.0,3,2,2,7,Lost
C00906,57,10,59337.0,3,5,5,13,Loyal Customers
C00907,160,9,27544.0,2,5,4,11,At Risk
C00908,13,2,11305.0,5,2,2,9,Potential Loyalists
C00909,106,2,22096.0,3,2,3,8,Lost
C00910,2,7,29972.0,5,4,4,13,Champions
C00911,46,4,53503.0,4,3,5,12,Loyal Customers
C00912,14,1,957.0,5,1,1,7,Potential Loyalists
C00913,201,1,1137.0,2,1,1,4,Lost
C00914,8,1,10376.0,5,1,2,8,Potential Loyalists
C00915,408,3,25490.0,1,2,4,7,Lost
C00916,483,4,32755.0,1,3,4,8,At Risk
C00917,279,1,3867.0,1,1,1,3,Lost
C00918,99,5,19002.0,3,4,3,10,Loyal Customers
C00919,187,2,2407.0,2,2,1,5,Lost
C00920,10,5,44521.0,5,4,5,14,Champions
C00921,7,2,17542.0,5,2,3,10,Potential Loyalists
C00922,54,17,122776.0,4,5,5,14,Champions
C00923,70,4,45448.0,3,3,5,11,Loyal Customers
C00924,57,2,19712.0,3,2,3,8,Lost
C00925,155,1,1799.0,2,1,1,4,Lost
C00926,103,3,42441.0,3,2,5,10,Lost
C00927,240,13,70393.0,1,5,5,11,At Risk
C00928,181,3,12706.0,2,2,2,6,Lost
C00929,5,1,11157.0,5,1,2,8,Potential Loyalists
C00930,55,4,17924.0,3,3,3,9,Loyal Customers
C00931,136,4,12893.0,2,3,2,7,At Risk
C00932,233,2,2547.0,1,2,1,4,Lost
C00933,176,7,24466.0,2,4,4,10,At Risk
C00934,559,1,10286.0,1,1,2,4,Lost
C00935,190,8,23217.0,2,5,4,11,At Risk
C00936,295,3,12939.0,1,2,2,5,Lost
C00937,459,7,48785.0,1,4,5,10,At Risk
C00938,47,3,38710.0,4,2,4,10,Potential Loyalists
C00940,25,4,33476.0,5,3,4,12,Loyal Customers
C00941,135,4,7405.0,2,3,2,7,At Risk
C00943,372,1,1438.0,1,1,1,3,Lost
C00944,323,5,24051.0,1,4,4,9,At Risk
C00945,95,6,15407.0,3,4,3,10,Loyal Customers
C00946,95,5,28723.0,3,4,4,11,Loyal Customers
C00947,590,4,13162.0,1,3,3,7,At Risk
C00948,7,8,52122.0,5,5,5,15,Champions
C00949,386,1,1578.0,1,1,1,3,Lost
C00950,5,4,18962.0,5,3,3,11,Loyal Customers
C00951,16,6,14899.0,5,4,3,12,Loyal Customers
C00952,56,11,66425.0,3,5,5,13,Loyal Customers
C00953,76,4,14464.0,3,3,3,9,Loyal Customers
C00954,28,5,23421.0,4,4,4,12,Champions
C00955,479,1,2198.0,1,1,1,3,Lost
C00956,44,1,3518.0,4,1,1,6,Potential Loyalists
C00957,31,7,24820.0,4,4,4,12,Champions
C00958,592,11,56204.0,1,5,5,11,At Risk
C00959,3,12,91809.0,5,5,5,15,Champions
C00960,59,2,15211.0,3,2,3,8,Lost
C00961,374,1,11366.0,1,1,2,4,Lost
C00962,60,9,64568.0,3,5,5,13,Loyal Customers
C00963,43,3,28309.0,4,2,4,10,Potential Loyalists
C00964,275,3,10596.0,1,2,2,5,Lost
C00965,39,2,11684.0,4,2,2,8,Potential Loyalists
C00966,15,5,17041.0,5,4,3,12,Loyal Customers
C00967,189,6,20868.0,2,4,3,9,At Risk
C00968,25,3,15193.0,5,2,3,10,Potential Loyalists
C00969,47,10,34761.0,4,5,4,13,Champions
C00970,25,1,2369.0,5,1,1,7,Potential Loyalists
C00972,115,4,36645.0,3,3,4,10,Loyal Customers
C00973,5,1,4118.0,5,1,1,7,Potential Loyalists
C00974,32,1,2838.0,4,1,1,6,Potential Loyalists
C00975,35,14,43648.0,4,5,5,14,Champions
C00976,146,3,10765.0,2,2,2,6,Lost
C00977,15,3,17199.0,5,2,3,10,Potential Loyalists
C00978,168,6,36428.0,2,4,4,10,At Risk
C00979,11,1,4407.0,5,1,1,7,Potential Loyalists
C00980,47,4,21717.0,4,3,3,10,Loyal Customers
C00981,513,1,1286.0,1,1,1,3,Lost
C00982,70,13,141945.0,3,5,5,13,Loyal Customers
C00983,19,4,34132.0,5,3,4,12,Loyal Customers
C00984,30,3,18624.0,4,2,3,9,Potential Loyalists
C00985,87,6,36991.0,3,4,4,11,Loyal Customers
C00987,82,12,29662.0,3,5,4,12,Loyal Customers
C00988,122,3,16332.0,2,2,3,7,Lost
C00989,202,2,12564.0,2,2,2,6,Lost
C00990,450,7,22607.0,1,4,3,8,At Risk
C00991,108,4,12864.0,3,3,2,8,Loyal Customers
C00992,11,9,64101.0,5,5,5,15,Champions
C00993,121,7,32245.0,2,4,4,10,At Risk
C00994,226,1,5867.0,1,1,1,3,Lost
C00995,106,5,27461.0,3,4,4,11,Loyal Customers
C00996,155,6,97612.0,2,4,5,11,At Risk
C00997,45,1,3928.0,4,1,1,6,Potential Loyalists
C00998,9,5,17530.0,5,4,3,12,Loyal Customers
C00999,7,7,25960.0,5,4,4,13,Champions
C01000,2,8,24408.0,5,5,4,14,Champions
C01001,332,9,30026.0,1,5,4,10,At Risk
C01002,217,3,4876.0,1,2,1,4,Lost
C01003,9,7,80149.0,5,4,5,14,Champions
C01004,297,1,2778.0,1,1,1,3,Lost
C01005,52,8,21296.0,4,5,3,12,Loyal Customers
C01007,299,6,15161.0,1,4,3,8,At Risk
C01008,28,9,28395.0,4,5,4,13,Champions
C01009,125,1,1907.0,2,1,1,4,Lost
C01010,100,1,2638.0,3,1,1,5,Lost
C01011,49,8,32626.0,4,5,4,13,Champions
C01012,70,1,8876.0,3,1,2,6,Lost
C01013,25,3,8136.0,5,2,2,9,Potential Loyalists
C01015,57,1,5688.0,3,1,1,5,Lost
C01016,106,1,2136.0,3,1,1,5,Lost
C01017,13,6,30143.0,5,4,4,13,Champions
C01018,56,5,27555.0,3,4,4,11,Loyal Customers
C01019,49,14,49608.0,4,5,5,14,Champions
C01020,139,3,7537.0,2,2,2,6,Lost
C01021,264,4,15052.0,1,3,3,7,At Risk
C01022,106,1,3558.0,3,1,1,5,Lost
C01023,26,1,1249.0,5,1,1,7,Potential Loyalists
C01024,232,1,9633.0,1,1,2,4,Lost
C01025,1,1,5328.0,5,1,1,7,Potential Loyalists
C01026,12,8,18915.0,5,5,3,13,Loyal Customers
C01027,115,10,59520.0,3,5,5,13,Loyal Customers
C01028,59,6,40038.0,3,4,4,11,Loyal Customers
C01029,137,3,5156.0,2,2,1,5,Lost
C01030,12,6,55424.0,5,4,5,14,Champions
C01031,12,14,46046.0,5,5,5,15,Champions
C01032,334,1,15721.0,1,1,3,5,Lost
C01033,19,4,13204.0,5,3,3,11,Loyal Customers
C01035,173,10,38940.0,2,5,4,11,At Risk
C01036,59,6,23958.0,3,4,4,11,Loyal Customers
C01037,470,4,10283.0,1,3,2,6,At Risk
C01038,15,1,2728.0,5,1,1,7,Potential Loyalists
C01039,152,5,11181.0,2,4,2,8,At Risk
C01040,25,2,4298.0,5,2,1,8,Potential Loyalists
C01041,106,2,9045.0,3,2,2,7,Lost
C01042,393,8,27717.0,1,5,4,10,At Risk
C01043,59,4,19729.0,3,3,3,9,Loyal Customers
C01044,313,2,11225.0,1,2,2,5,Lost
C01045,21,5,20809.0,5,4,3,12,Loyal Customers
C01046,76,5,10664.0,3,4,2,9,Loyal Customers
C01047,117,4,15393.0,2,3,3,8,At Risk
C01048,60,11,23703.0,3,5,4,12,Loyal Customers
C01049,50,5,29519.0,4,4,4,12,Champions
C01051,43,10,34754.0,4,5,4,13,Champions
C01052,360,12,67744.0,1,5,5,11,At Risk
C01054,15,3,13905.0,5,2,3,10,Potential Loyalists
C01055,310,11,37069.0,1,5,4,10,At Risk
C01056,535,11,50848.0,1,5,5,11,At Risk
C01057,74,5,40105.0,3,4,4,11,Loyal Customers
C01058,45,1,1649.0,4,1,1,6,Potential Loyalists
C01059,46,2,8037.0,4,2,2,8,Potential Loyalists
C01060,46,9,20967.0,4,5,3,12,Loyal Customers
C01061,52,8,25887.0,4,5,4,13,Champions
C01062,16,12,26033.0,5,5,4,14,Champions
C01063,16,7,99999.0,5,4,5,14,Champions
C01064,127,7,50246.0,2,4,5,11,At Risk
C01065,178,15,52942.0,2,5,5,12,At Risk
C01066,57,5,18350.0,3,4,3,10,Loyal Customers
C01067,163,4,54733.0,2,3,5,10,At Risk
C01068,282,1,6707.0,1,1,2,4,Lost
C01069,32,7,24198.0,4,4,4,12,Champions
C01070,16,14,39325.0,5,5,4,14,Champions
C01071,25,8,19027.0,5,5,3,13,Loyal Customers
C01072,12,3,7033.0,5,2,2,9,Potential Loyalists
C01073,51,5,26369.0,4,4,4,12,Champions
C01074,59,10,32671.0,3,5,4,12,Loyal Customers
C01075,28,2,14455.0,4,2,3,9,Potential Loyalists
C01076,461,1,4378.0,1,1,1,3,Lost
C01077,49,7,16559.0,4,4,3,11,Loyal Customers
C01078,21,5,16901.0,5,4,3,12,Loyal Customers
C01079,45,6,26448.0,4,4,4,12,Champions
C01080,311,14,103839.0,1,5,5,11,At Risk
C01081,56,13,82237.0,3,5,5,13,Loyal Customers
C01082,179,1,7675.0,2,1,2,5,Lost
C01083,172,3,10906.0,2,2,2,6,Lost
C01084,98,1,6617.0,3,1,2,6,Lost
C01085,45,1,1259.0,4,1,1,6,Potential Loyalists
C01086,171,8,25627.0,2,5,4,11,At Risk
C01087,236,1,2519.0,1,1,1,3,Lost
C01088,53,7,80705.0,4,4,5,13,Champions
C01089,358,3,42151.0,1,2,5,8,Lost
C01090,205,2,4627.0,2,2,1,5,Lost
C01091,59,3,14621.0,3,2,3,8,Lost
C01092,160,8,22235.0,2,5,3,10,At Risk
C01093,129,12,161030.0,2,5,5,12,At Risk
C01094,459,13,31841.0,1,5,4,10,At Risk
C01095,195,9,85759.0,2,5,5,12,At Risk
C01096,38,5,12185.0,4,4,2,10,Loyal Customers
C01097,117,6,21578.0,2,4,3,9,At Risk
C01098,152,4,36466.0,2,3,4,9,At Risk
C01099,52,1,18182.0,4,1,3,8,Potential Loyalists
C01100,25,5,46511.0,5,4,5,14,Champions
C01101,143,2,5536.0,2,2,1,5,Lost
C01102,61,7,24277.0,3,4,4,11,Loyal Customers
C01103,18,6,17022.0,5,4,3,12,Loyal Customers
C01104,553,5,11303.0,1,4,2,7,At Risk
C01105,193,10,48379.0,2,5,5,12,At Risk
C01106,3,3,3355.0,5,2,1,8,Potential Loyalists
C01107,285,1,3167.0,1,1,1,3,Lost
C01108,125,3,7695.0,2,2,2,6,Lost
C01110,57,14,45125.0,3,5,5,13,Loyal Customers
C01111,5,2,15304.0,5,2,3,10,Potential Loyalists
C01112,185,13,52952.0,2,5,5,12,At Risk
C01113,81,3,6666.0,3,2,2,7,Lost
C01114,209,7,53894.0,2,4,5,11,At Risk
C01115,110,9,62238.0,3,5,5,13,Loyal Customers
C01116,5,6,25350.0,5,4,4,13,Champions
C01117,11,9,31743.0,5,5,4,14,Champions
C01118,60,2,4416.0,3,2,1,6,Lost
C01119,34,5,46692.0,4,4,5,13,Champions
C01120,169,6,18030.0,2,4,3,9,At Risk
C01121,93,7,20590.0,3,4,3,10,Loyal Customers
C01122,109,7,25750.0,3,4,4,11,Loyal Customers
C01123,28,1,3818.0,4,1,1,6,Potential Loyalists
C01124,42,6,42150.0,4,4,5,13,Champions
C01125,118,16,116689.0,2,5,5,12,At Risk
C01126,46,4,47178.0,4,3,5,12,Loyal Customers
C01127,20,15,174701.0,5,5,5,15,Champions
C01128,46,2,17310.0,4,2,3,9,Potential Loyalists
C01129,400,1,3328.0,1,1,1,3,Lost
C01130,348,6,15140.0,1,4,3,8,At Risk
C01131,34,1,1799.0,4,1,1,6,Potential Loyalists
C01132,333,5,32092.0,1,4,4,9,At Risk
C01133,49,1,7906.0,4,1,2,7,Potential Loyalists
C01134,36,1,14295.0,4,1,3,8,Potential Loyalists
C01135,288,1,5867.0,1,1,1,3,Lost
C01137,38,18,93766.0,4,5,5,14,Champions
C01138,129,3,6176.0,2,2,1,5,Lost
C01139,265,4,17621.0,1,3,3,7,At Risk
C01140,435,1,3808.0,1,1,1,3,Lost
C01141,84,6,22067.0,3,4,3,10,Loyal Customers
C01142,13,3,12794.0,5,2,2,9,Potential Loyalists
C01143,70,6,16269.0,3,4,3,10,Loyal Customers
C01144,21,2,10580.0,5,2,2,9,Potential Loyalists
C01145,27,12,32720.0,5,5,4,14,Champions
C01146,439,2,10972.0,1,2,2,5,Lost
C01147,156,2,15320.0,2,2,3,7,Lost
C01148,169,2,7795.0,2,2,2,6,Lost
C01149,127,3,29717.0,2,2,4,8,Lost
C01150,102,2,12794.0,3,2,2,7,Lost
C01151,52,7,40055.0,4,4,4,12,Champions
C01152,119,1,1148.0,2,1,1,4,Lost
C01153,88,12,80622.0,3,5,5,13,Loyal Customers
C01154,292,10,47843.0,1,5,5,11,At Risk
C01155,139,1,7747.0,2,1,2,5,Lost
C01156,366,13,178896.0,1,5,5,11,At Risk
C01157,301,3,8986.0,1,2,2,5,Lost
C01158,43,4,9505.0,4,3,2,9,Loyal Customers
C01159,27,4,9774.0,5,3,2,10,Loyal Customers
C01160,51,1,22400.0,4,1,3,8,Potential Loyalists
C01161,406,5,99646.0,1,4,5,10,At Risk
C01162,238,1,1578.0,1,1,1,3,Lost
C01163,586,7,36974.0,1,4,4,9,At Risk
C01164,69,5,12902.0,3,4,2,9,Loyal Customers
C01165,83,1,3568.0,3,1,1,5,Lost
C01166,103,4,15371.0,3,3,3,9,Loyal Customers
C01167,111,8,33314.0,3,5,4,12,Loyal Customers
C01168,40,1,7607.0,4,1,2,7,Potential Loyalists
C01169,51,7,41058.0,4,4,4,12,Champions
C01170,36,9,107911.0,4,5,5,14,Champions
C01171,108,2,33893.0,3,2,4,9,Lost
C01172,197,3,84762.0,2,2,5,9,Lost
C01173,60,4,5864.0,3,3,1,7,Loyal Customers
C01174,13,14,188190.0,5,5,5,15,Champions
C01175,234,6,56919.0,1,4,5,10,At Risk
C01176,207,6,16010.0,2,4,3,9,At Risk
C01177,156,2,2477.0,2,2,1,5,Lost
C01178,56,4,43528.0,3,3,5,11,Loyal Customers
C01179,283,2,8166.0,1,2,2,5,Lost
C01180,302,4,6996.0,1,3,2,6,At Risk
C01181,236,9,31435.0,1,5,4,10,At Risk
C01182,117,1,1649.0,2,1,1,4,Lost
C01183,48,2,9204.0,4,2,2,8,Potential Loyalists
C01184,107,8,64680.0,3,5,5,13,Loyal Customers
C01185,37,3,7286.0,4,2,2,8,Potential Loyalists
C01186,21,4,33907.0,5,3,4,12,Loyal Customers
C01187,54,5,23209.0,4,4,4,12,Champions
C01188,217,12,38888.0,1,5,4,10,At Risk
C01189,85,5,68981.0,3,4,5,12,Loyal Customers
C01190,457,8,21899.0,1,5,3,9,At Risk
C01191,20,6,87416.0,5,4,5,14,Champions
C01192,15,4,4662.0,5,3,1,9,Loyal Customers
C01193,25,7,23297.0,5,4,4,13,Champions
C01194,10,1,4747.0,5,1,1,7,Potential Loyalists
C01195,504,14,44117.0,1,5,5,11,At Risk
C01196,126,6,38150.0,2,4,4,10,At Risk
C01197,221,10,33783.0,1,5,4,10,At Risk
C01198,132,3,7596.0,2,2,2,6,Lost
C01199,37,4,25128.0,4,3,4,11,Loyal Customers
C01200,10,1,4487.0,5,1,1,7,Potential Loyalists
C01201,71,1,329.0,3,1,1,5,Lost
C01202,95,1,3678.0,3,1,1,5,Lost
C01203,41,8,40704.0,4,5,4,13,Champions
C01204,37,3,19855.0,4,2,3,9,Potential Loyalists
C01205,86,1,1169.0,3,1,1,5,Lost
C01206,86,1,5336.0,3,1,1,5,Lost
C01207,15,11,74607.0,5,5,5,15,Champions
C01208,12,3,8316.0,5,2,2,9,Potential Loyalists
C01209,148,5,25157.0,2,4,4,10,At Risk
C01210,271,6,28758.0,1,4,4,9,At Risk
C01211,63,1,3628.0,3,1,1,5,Lost
C01212,22,5,21871.0,5,4,3,12,Loyal Customers
C01213,171,1,6118.0,2,1,1,4,Lost
C01214,369,2,10233.0,1,2,2,5,Lost
C01215,18,2,17080.0,5,2,3,10,Potential Loyalists
C01216,11,5,59261.0,5,4,5,14,Champions
C01217,38,3,31450.0,4,2,4,10,Potential Loyalists
C01218,353,1,6628.0,1,1,2,4,Lost
C01219,154,7,27525.0,2,4,4,10,At Risk
C01220,9,3,11684.0,5,2,2,9,Potential Loyalists
C01221,218,1,10575.0,1,1,2,4,Lost
C01222,27,5,14122.0,5,4,3,12,Loyal Customers
C01223,240,14,39633.0,1,5,4,10,At Risk
C01224,15,16,196674.0,5,5,5,15,Champions
C01225,7,8,28187.0,5,5,4,14,Champions
C01226,6,3,8735.0,5,2,2,9,Potential Loyalists
C01227,57,3,7676.0,3,2,2,7,Lost
C01228,32,1,2508.0,4,1,1,6,Potential Loyalists
C01229,134,5,27399.0,2,4,4,10,At Risk
C01231,21,4,17141.0,5,3,3,11,Loyal Customers
C01232,139,1,2309.0,2,1,1,4,Lost
C01233,53,6,16441.0,4,4,3,11,Loyal Customers
C01234,102,10,34762.0,3,5,4,12,Loyal Customers
C01235,95,2,15450.0,3,2,3,8,Lost
C01236,93,4,45497.0,3,3,5,11,Loyal Customers
C01237,29,5,53898.0,4,4,5,13,Champions
C01238,3,3,9797.0,5,2,2,9,Potential Loyalists
C01239,352,5,18911.0,1,4,3,8,At Risk
C01240,79,11,30198.0,3,5,4,12,Loyal Customers
C01241,107,1,9536.0,3,1,2,6,Lost
C01242,88,3,14055.0,3,2,3,8,Lost
C01243,57,2,6635.0,3,2,2,7,Lost
C01244,35,3,4247.0,4,2,1,7,Potential Loyalists
C01245,213,11,37248.0,1,5,4,10,At Risk
C01246,132,6,50390.0,2,4,5,11,At Risk
C01247,27,6,12699.0,5,4,2,11,Loyal Customers
C01248,135,4,21828.0,2,3,3,8,At Risk
C01249,4,3,12005.0,5,2,2,9,Potential Loyalists
C01250,424,1,3908.0,1,1,1,3,Lost
C01251,22,1,11976.0,5,1,2,8,Potential Loyalists
C01252,7,1,7298.0,5,1,2,8,Potential Loyalists
C01253,152,14,49946.0,2,5,5,12,At Risk
C01254,327,9,26396.0,1,5,4,10,At Risk
C01255,85,3,7745.0,3,2,2,7,Lost
C01256,287,4,48794.0,1,3,5,9,At Risk
C01257,104,2,8416.0,3,2,2,7,Lost
C01258,138,2,6444.0,2,2,1,5,Lost
C01259,14,1,7438.0,5,1,2,8,Potential Loyalists
C01260,15,2,11814.0,5,2,2,9,Potential Loyalists
C01261,175,1,2498.0,2,1,1,4,Lost
C01262,173,3,7875.0,2,2,2,6,Lost
C01263,18,2,11003.0,5,2,2,9,Potential Loyalists
C01264,362,3,24360.0,1,2,4,7,Lost
C01265,133,2,9273.0,2,2,2,6,Lost
C01266,85,15,48905.0,3,5,5,13,Loyal Customers
C01267,83,2,8575.0,3,2,2,7,Lost
C01268,208,3,14274.0,2,2,3,7,Lost
C01269,207,7,15010.0,2,4,3,9,At Risk
C01270,55,7,22127.0,3,4,3,10,Loyal Customers
C01271,368,8,26518.0,1,5,4,10,At Risk
C01272,41,1,9523.0,4,1,2,7,Potential Loyalists
C01273,14,7,18997.0,5,4,3,12,Loyal Customers
C01274,299,1,4147.0,1,1,1,3,Lost
C01275,147,1,7108.0,2,1,2,5,Lost
C01276,55,12,93746.0,3,5,5,13,Loyal Customers
C01277,438,5,15130.0,1,4,3,8,At Risk
C01278,25,2,6397.0,5,2,1,8,Potential Loyalists
C01279,152,3,55167.0,2,2,5,9,Lost
C01280,305,10,31994.0,1,5,4,10,At Risk
C01281,16,1,12624.0,5,1,2,8,Potential Loyalists
C01282,214,1,819.0,1,1,1,3,Lost
C01283,595,3,5953.0,1,2,1,4,Lost
C01284,48,4,11604.0,4,3,2,9,Loyal Customers
C01285,496,11,31954.0,1,5,4,10,At Risk
C01286,138,2,12943.0,2,2,2,6,Lost
C01287,104,8,46104.0,3,5,5,13,Loyal Customers
C01288,153,4,26093.0,2,3,4,9,At Risk
C01289,17,2,8023.0,5,2,2,9,Potential Loyalists
C01290,12,15,46137.0,5,5,5,15,Champions
C01291,44,8,34095.0,4,5,4,13,Champions
C01292,3,1,12576.0,5,1,2,8,Potential Loyalists
C01293,41,5,17421.0,4,4,3,11,Loyal Customers
C01294,14,2,5357.0,5,2,1,8,Potential Loyalists
C01295,4,1,3189.0,5,1,1,7,Potential Loyalists
C01296,6,9,58897.0,5,5,5,15,Champions
C01297,58,8,96160.0,3,5,5,13,Loyal Customers
C01298,67,2,6786.0,3,2,2,7,Lost
C01299,73,5,16392.0,3,4,3,10,Loyal Customers
C01300,7,6,20180.0,5,4,3,12,Loyal Customers
C01301,163,7,15279.0,2,4,3,9,At Risk
C01302,194,4,23890.0,2,3,4,9,At Risk
C01303,43,4,32414.0,4,3,4,11,Loyal Customers
C01304,64,1,2678.0,3,1,1,5,Lost
C01305,31,2,10945.0,4,2,2,8,Potential Loyalists
C01306,245,1,3599.0,1,1,1,3,Lost
C01307,104,1,5138.0,3,1,1,5,Lost
C01308,185,7,43114.0,2,4,5,11,At Risk
C01309,70,1,2128.0,3,1,1,5,Lost
C01312,24,1,4628.0,5,1,1,7,Potential Loyalists
C01313,55,2,8065.0,3,2,2,7,Lost
C01314,19,5,24253.0,5,4,4,13,Champions
C01315,142,2,29140.0,2,2,4,8,Lost
C01316,20,6,40010.0,5,4,4,13,Champions
C01317,171,2,10245.0,2,2,2,6,Lost
C01318,263,8,25278.0,1,5,4,10,At Risk
C01319,251,6,16749.0,1,4,3,8,At Risk
C01320,185,6,12970.0,2,4,2,8,At Risk
C01321,44,2,12284.0,4,2,2,8,Potential Loyalists
C01322,473,8,20187.0,1,5,3,9,At Risk
C01323,82,4,25740.0,3,3,4,10,Loyal Customers
C01324,7,13,64230.0,5,5,5,15,Champions
C01325,40,3,23848.0,4,2,4,10,Potential Loyalists
C01326,9,3,13065.0,5,2,3,10,Potential Loyalists
C01327,34,3,9825.0,4,2,2,8,Potential Loyalists
C01328,170,2,28075.0,2,2,4,8,Lost
C01329,148,4,26799.0,2,3,4,9,At Risk
C01330,1,7,53407.0,5,4,5,14,Champions
C01331,120,2,8334.0,2,2,2,6,Lost
C01332,10,1,5418.0,5,1,1,7,Potential Loyalists
C01333,40,15,64378.0,4,5,5,14,Champions
C01334,0,2,19717.0,5,2,3,10,Potential Loyalists
C01335,160,1,5128.0,2,1,1,4,Lost
C01336,72,13,47586.0,3,5,5,13,Loyal Customers
C01337,451,6,22938.0,1,4,4,9,At Risk
C01338,133,9,20176.0,2,5,3,10,At Risk
C01339,389,2,17500.0,1,2,3,6,Lost
C01340,42,9,35383.0,4,5,4,13,Champions
C01341,74,2,9776.0,3,2,2,7,Lost
C01343,37,8,36535.0,4,5,4,13,Champions
C01344,56,2,9706.0,3,2,2,7,Lost
C01345,49,12,150516.0,4,5,5,14,Champions
C01346,191,8,57152.0,2,5,5,12,At Risk
C01347,177,1,15213.0,2,1,3,6,Lost
C01348,17,2,4566.0,5,2,1,8,Potential Loyalists
C01349,560,2,6407.0,1,2,1,4,Lost
C01350,164,1,6027.0,2,1,1,4,Lost
C01351,80,14,42284.0,3,5,5,13,Loyal Customers
C01352,91,12,77140.0,3,5,5,13,Loyal Customers
C01353,5,16,58069.0,5,5,5,15,Champions
C01354,151,3,15382.0,2,2,3,7,Lost
C01355,34,14,77903.0,4,5,5,14,Champions
C01356,7,4,30516.0,5,3,4,12,Loyal Customers
C01357,41,7,21977.0,4,4,3,11,Loyal Customers
C01358,69,13,46557.0,3,5,5,13,Loyal Customers
C01359,280,3,26127.0,1,2,4,7,Lost
C01360,54,3,10175.0,4,2,2,8,Potential Loyalists
C01361,48,3,9915.0,4,2,2,8,Potential Loyalists
C01362,22,2,9785.0,5,2,2,9,Potential Loyalists
C01363,39,7,43119.0,4,4,5,13,Champions
C01364,60,9,39223.0,3,5,4,12,Loyal Customers
C01365,160,4,28605.0,2,3,4,9,At Risk
C01366,192,8,56151.0,2,5,5,12,At Risk
C01367,20,2,10287.0,5,2,2,9,Potential Loyalists
C01368,511,1,4798.0,1,1,1,3,Lost
C01369,236,12,93239.0,1,5,5,11,At Risk
C01370,39,9,60121.0,4,5,5,14,Champions
C01371,75,3,37312.0,3,2,4,9,Lost
C01372,49,6,28438.0,4,4,4,12,Champions
C01373,448,2,15145.0,1,2,3,6,Lost
C01374,202,8,219959.0,2,5,5,12,At Risk
C01375,209,4,25827.0,2,3,4,9,At Risk
C01376,51,7,59867.0,4,4,5,13,Champions
C01377,4,1,5527.0,5,1,1,7,Potential Loyalists
C01378,378,4,30927.0,1,3,4,8,At Risk
C01379,8,4,11231.0,5,3,2,10,Loyal Customers
C01380,309,15,43773.0,1,5,5,11,At Risk
C01381,87,11,32581.0,3,5,4,12,Loyal Customers
C01382,24,1,5187.0,5,1,1,7,Potential Loyalists
C01383,59,3,10945.0,3,2,2,7,Lost
C01384,36,1,10689.0,4,1,2,7,Potential Loyalists
C01385,107,5,36683.0,3,4,4,11,Loyal Customers
C01386,205,4,45915.0,2,3,5,10,At Risk
C01387,54,2,8716.0,4,2,2,8,Potential Loyalists
C01388,6,6,46543.0,5,4,5,14,Champions
C01389,30,3,41768.0,4,2,5,11,Potential Loyalists
C01390,103,7,23539.0,3,4,4,11,Loyal Customers
C01391,37,8,34495.0,4,5,4,13,Champions
C01392,6,1,3089.0,5,1,1,7,Potential Loyalists
C01393,69,2,2937.0,3,2,1,6,Lost
C01394,266,1,6937.0,1,1,2,4,Lost
C01395,51,6,23968.0,4,4,4,12,Champions
C01396,55,2,4317.0,3,2,1,6,Lost
C01397,92,2,7346.0,3,2,2,7,Lost
C01398,10,6,22511.0,5,4,3,12,Loyal Customers
C01399,260,3,7127.0,1,2,2,5,Lost
C01400,45,1,4268.0,4,1,1,6,Potential Loyalists
C01401,301,1,1908.0,1,1,1,3,Lost
C01402,0,4,11812.0,5,3,2,10,Loyal Customers
C01403,19,10,35495.0,5,5,4,14,Champions
C01404,22,1,2919.0,5,1,1,7,Potential Loyalists
C01406,7,3,8755.0,5,2,2,9,Potential Loyalists
C01407,206,6,43000.0,2,4,5,11,At Risk
C01408,15,4,12642.0,5,3,2,10,Loyal Customers
C01409,1,1,7626.0,5,1,2,8,Potential Loyalists
C01410,24,2,10736.0,5,2,2,9,Potential Loyalists
C01411,113,6,33032.0,3,4,4,11,Loyal Customers
C01412,123,13,173785.0,2,5,5,12,At Risk
C01413,16,1,7908.0,5,1,2,8,Potential Loyalists
C01414,6,2,6806.0,5,2,2,9,Potential Loyalists
C01416,110,11,26511.0,3,5,4,12,Loyal Customers
C01417,36,1,5488.0,4,1,1,6,Potential Loyalists
C01418,184,4,21217.0,2,3,3,8,At Risk
C01419,33,1,8656.0,4,1,2,7,Potential Loyalists
C01420,193,11,74189.0,2,5,5,12,At Risk
C01421,52,1,2047.0,4,1,1,6,Potential Loyalists
C01422,87,7,41518.0,3,4,4,11,Loyal Customers
C01423,17,1,8706.0,5,1,2,8,Potential Loyalists
C01424,41,8,29533.0,4,5,4,13,Champions
C01425,134,4,30074.0,2,3,4,9,At Risk
C01426,203,2,4877.0,2,2,1,5,Lost
C01427,97,4,7475.0,3,3,2,8,Loyal Customers
C01428,205,5,32993.0,2,4,4,10,At Risk
C01429,117,3,7565.0,2,2,2,6,Lost
C01430,59,3,8944.0,3,2,2,7,Lost
C01431,577,10,75521.0,1,5,5,11,At Risk
C01432,22,1,1309.0,5,1,1,7,Potential Loyalists
C01433,49,1,6586.0,4,1,2,7,Potential Loyalists
C01434,113,2,15023.0,3,2,3,8,Lost
C01435,53,4,32640.0,4,3,4,11,Loyal Customers
C01436,137,1,2179.0,2,1,1,4,Lost
C01437,403,4,26958.0,1,3,4,8,At Risk
C01438,177,2,14313.0,2,2,3,7,Lost
C01439,234,3,13094.0,1,2,3,6,Lost
C01440,29,11,91970.0,4,5,5,14,Champions
C01441,43,4,8893.0,4,3,2,9,Loyal Customers
C01442,88,2,12235.0,3,2,2,7,Lost
C01443,187,1,4408.0,2,1,1,4,Lost
C01444,155,3,7006.0,2,2,2,6,Lost
C01445,125,3,7995.0,2,2,2,6,Lost
C01446,116,1,2657.0,3,1,1,5,Lost
C01447,117,13,40486.0,2,5,4,11,At Risk
C01448,283,3,14014.0,1,2,3,6,Lost
C01449,391,4,11063.0,1,3,2,6,At Risk
C01450,205,17,65756.0,2,5,5,12,At Risk
C01451,522,2,25085.0,1,2,4,7,Lost
C01452,200,8,63892.0,2,5,5,12,At Risk
C01453,390,6,77294.0,1,4,5,10,At Risk
C01454,51,10,51900.0,4,5,5,14,Champions
C01455,28,15,60671.0,4,5,5,14,Champions
C01456,33,3,20270.0,4,2,3,9,Potential Loyalists
C01457,438,1,10467.0,1,1,2,4,Lost
C01458,100,1,688.0,3,1,1,5,Lost
C01459,67,15,49048.0,3,5,5,13,Loyal Customers
C01460,5,1,3488.0,5,1,1,7,Potential Loyalists
C01461,10,1,8256.0,5,1,2,8,Potential Loyalists
C01462,36,7,31466.0,4,4,4,12,Champions
C01463,528,11,78420.0,1,5,5,11,At Risk
C01464,53,9,22607.0,4,5,3,12,Loyal Customers
C01465,54,1,10306.0,4,1,2,7,Potential Loyalists
C01466,229,7,17409.0,1,4,3,8,At Risk
C01467,3,3,16199.0,5,2,3,10,Potential Loyalists
C01468,510,4,10724.0,1,3,2,6,At Risk
C01469,91,2,10494.0,3,2,2,7,Lost
C01470,50,6,15813.0,4,4,3,11,Loyal Customers
C01472,204,1,1109.0,2,1,1,4,Lost
C01473,58,7,21840.0,3,4,3,10,Loyal Customers
C01474,70,6,18290.0,3,4,3,10,Loyal Customers
C01475,144,3,7895.0,2,2,2,6,Lost
C01476,5,2,8937.0,5,2,2,9,Potential Loyalists
C01477,238,2,5427.0,1,2,1,4,Lost
C01478,0,15,44887.0,5,5,5,15,Champions
C01479,51,3,27083.0,4,2,4,10,Potential Loyalists
C01480,51,4,39303.0,4,3,4,11,Loyal Customers
C01481,11,7,95578.0,5,4,5,14,Champions
C01482,233,14,96163.0,1,5,5,11,At Risk
C01483,14,1,1649.0,5,1,1,7,Potential Loyalists
C01484,64,10,139434.0,3,5,5,13,Loyal Customers
C01485,38,2,5246.0,4,2,1,7,Potential Loyalists
C01486,15,12,92110.0,5,5,5,15,Champions
C01487,3,3,2954.0,5,2,1,8,Potential Loyalists
C01488,36,11,22646.0,4,5,3,12,Loyal Customers
C01489,30,2,17137.0,4,2,3,9,Potential Loyalists
C01490,314,1,3189.0,1,1,1,3,Lost
C01491,77,4,4094.0,3,3,1,7,Loyal Customers
C01494,180,4,14544.0,2,3,3,8,At Risk
C01495,489,1,6427.0,1,1,1,3,Lost
C01496,241,1,3647.0,1,1,1,3,Lost
C01497,124,1,3808.0,2,1,1,4,Lost
C01498,156,1,12195.0,2,1,2,5,Lost
C01499,297,1,469.0,1,1,1,3,Lost
C01500,58,2,11112.0,3,2,2,7,Lost
C01501,111,4,17164.0,3,3,3,9,Loyal Customers
C01502,379,1,5298.0,1,1,1,3,Lost
C01503,123,2,13264.0,2,2,3,7,Lost
C01504,45,15,45486.0,4,5,5,14,Champions
C01505,13,7,21640.0,5,4,3,12,Loyal Customers
C01506,45,7,22909.0,4,4,4,12,Champions
C01507,337,13,40287.0,1,5,4,10,At Risk
C01508,7,1,4668.0,5,1,1,7,Potential Loyalists
C01509,248,8,46413.0,1,5,5,11,At Risk
C01510,60,14,65299.0,3,5,5,13,Loyal Customers
C01512,212,1,2118.0,1,1,1,3,Lost
C01513,12,3,13192.0,5,2,3,10,Potential Loyalists
C01514,15,5,17032.0,5,4,3,12,Loyal Customers
C01515,190,14,93272.0,2,5,5,12,At Risk
C01516,179,5,26094.0,2,4,4,10,At Risk
C01517,51,6,39049.0,4,4,4,12,Champions
C01518,241,3,4746.0,1,2,1,4,Lost
C01519,209,9,52152.0,2,5,5,12,At Risk
C01520,78,1,3917.0,3,1,1,5,Lost
C01521,136,14,49080.0,2,5,5,12,At Risk
C01522,54,7,23248.0,4,4,4,12,Champions
C01523,52,7,18951.0,4,4,3,11,Loyal Customers
C01524,276,1,4148.0,1,1,1,3,Lost
C01525,53,1,5016.0,4,1,1,6,Potential Loyalists
C01526,59,15,39918.0,3,5,4,12,Loyal Customers
C01527,43,7,27738.0,4,4,4,12,Champions
C01528,155,13,74796.0,2,5,5,12,At Risk
C01529,10,1,12273.0,5,1,2,8,Potential Loyalists
C01530,44,3,14696.0,4,2,3,9,Potential Loyalists
C01531,75,1,1608.0,3,1,1,5,Lost
C01532,42,1,4558.0,4,1,1,6,Potential Loyalists
C01533,20,1,1309.0,5,1,1,7,Potential Loyalists
C01534,28,6,75455.0,4,4,5,13,Champions
C01535,398,9,31081.0,1,5,4,10,At Risk
C01536,58,6,14830.0,3,4,3,10,Loyal Customers
C01537,111,1,7756.0,3,1,2,6,Lost
C01538,421,4,11313.0,1,3,2,6,At Risk
C01539,8,9,32973.0,5,5,4,14,Champions
C01540,438,10,26555.0,1,5,4,10,At Risk
C01541,50,1,3108.0,4,1,1,6,Potential Loyalists
C01542,169,5,58928.0,2,4,5,11,At Risk
C01543,248,1,1219.0,1,1,1,3,Lost
C01544,15,2,8075.0,5,2,2,9,Potential Loyalists
C01545,35,1,6207.0,4,1,1,6,Potential Loyalists
C01546,219,1,5647.0,1,1,1,3,Lost
C01547,36,1,3156.0,4,1,1,6,Potential Loyalists
C01548,32,2,27195.0,4,2,4,10,Potential Loyalists
C01549,4,2,7806.0,5,2,2,9,Potential Loyalists
C01550,166,8,25566.0,2,5,4,11,At Risk
C01551,21,3,17493.0,5,2,3,10,Potential Loyalists
C01552,31,6,16072.0,4,4,3,11,Loyal Customers
C01553,63,1,8425.0,3,1,2,6,Lost
C01554,173,1,16513.0,2,1,3,6,Lost
C01555,81,4,8704.0,3,3,2,8,Loyal Customers
C01556,30,6,19318.0,4,4,3,11,Loyal Customers
C01557,524,12,76130.0,1,5,5,11,At Risk
C01558,93,7,93851.0,3,4,5,12,Loyal Customers
C01559,58,2,26230.0,3,2,4,9,Lost
C01560,103,11,61763.0,3,5,5,13,Loyal Customers
C01561,15,5,32412.0,5,4,4,13,Champions
C01562,104,4,15684.0,3,3,3,9,Loyal Customers
C01563,113,3,9170.0,3,2,2,7,Lost
C01564,39,2,10064.0,4,2,2,8,Potential Loyalists
C01565,370,4,6005.0,1,3,1,5,At Risk
C01566,14,4,18153.0,5,3,3,11,Loyal Customers
C01567,54,6,21770.0,4,4,3,11,Loyal Customers
C01568,22,8,117951.0,5,5,5,15,Champions
C01569,61,3,7306.0,3,2,2,7,Lost
C01570,82,15,63842.0,3,5,5,13,Loyal Customers
C01571,246,13,46595.0,1,5,5,11,At Risk
C01572,79,4,19432.0,3,3,3,9,Loyal Customers
C01573,139,1,13094.0,2,1,3,6,Lost
C01574,80,2,7106.0,3,2,2,7,Lost
C01575,9,1,6517.0,5,1,2,8,Potential Loyalists
C01576,25,11,53919.0,5,5,5,15,Champions
C01577,218,12,80266.0,1,5,5,11,At Risk
C01579,4,17,217363.0,5,5,5,15,Champions
C01580,32,1,5747.0,4,1,1,6,Potential Loyalists
C01581,147,1,4328.0,2,1,1,4,Lost
C01582,118,7,19430.0,2,4,3,9,At Risk
C01583,49,9,31103.0,4,5,4,13,Champions
C01584,352,2,10214.0,1,2,2,5,Lost
C01585,136,3,6155.0,2,2,1,5,Lost
C01586,45,1,3189.0,4,1,1,6,Potential Loyalists
C01587,85,1,6436.0,3,1,1,5,Lost
C01588,38,3,26654.0,4,2,4,10,Potential Loyalists
C01589,118,2,6925.0,2,2,2,6,Lost
C01590,398,8,48863.0,1,5,5,11,At Risk
C01591,15,12,41396.0,5,5,4,14,Champions
C01592,1,1,3106.0,5,1,1,7,Potential Loyalists
C01593,51,11,28241.0,4,5,4,13,Champions
C01594,48,1,12886.0,4,1,2,7,Potential Loyalists
C01595,43,13,76119.0,4,5,5,14,Champions
C01596,95,9,62759.0,3,5,5,13,Loyal Customers
C01597,28,10,60928.0,4,5,5,14,Champions
C01598,39,2,18321.0,4,2,3,9,Potential Loyalists
C01599,20,1,8844.0,5,1,2,8,Potential Loyalists
C01600,113,8,28305.0,3,5,4,12,Loyal Customers
C01601,44,7,32356.0,4,4,4,12,Champions
C01602,91,9,49622.0,3,5,5,13,Loyal Customers
C01603,58,1,12136.0,3,1,2,6,Lost
C01604,134,1,4298.0,2,1,1,4,Lost
C01605,138,4,5336.0,2,3,1,6,At Risk
C01606,137,4,38543.0,2,3,4,9,At Risk
C01607,365,7,9959.0,1,4,2,7,At Risk
C01608,122,9,81564.0,2,5,5,12,At Risk
C01609,60,1,1538.0,3,1,1,5,Lost
C01610,102,1,169.0,3,1,1,5,Lost
C01611,4,13,73987.0,5,5,5,15,Champions
C01612,188,5,14353.0,2,4,3,9,At Risk
C01613,44,5,20901.0,4,4,3,11,Loyal Customers
C01614,28,10,27243.0,4,5,4,13,Champions
C01615,4,10,37051.0,5,5,4,14,Champions
C01616,23,2,6236.0,5,2,1,8,Potential Loyalists
C01617,595,1,2996.0,1,1,1,3,Lost
C01618,246,5,51116.0,1,4,5,10,At Risk
C01619,19,2,6857.0,5,2,2,9,Potential Loyalists
C01620,14,6,33363.0,5,4,4,13,Champions
C01621,19,3,20498.0,5,2,3,10,Potential Loyalists
C01622,7,13,41209.0,5,5,4,14,Champions
C01623,15,4,17311.0,5,3,3,11,Loyal Customers
C01624,4,13,39296.0,5,5,4,14,Champions
C01625,33,2,24686.0,4,2,4,10,Potential Loyalists
C01626,367,8,82304.0,1,5,5,11,At Risk
C01627,121,3,51938.0,2,2,5,9,Lost
C01628,352,2,13023.0,1,2,3,6,Lost
C01629,73,6,11880.0,3,4,2,9,Loyal Customers
C01630,49,1,1099.0,4,1,1,6,Potential Loyalists
C01631,55,3,12793.0,3,2,2,7,Lost
C01632,46,2,19107.0,4,2,3,9,Potential Loyalists
C01633,40,1,15169.0,4,1,3,8,Potential Loyalists
C01634,133,7,25785.0,2,4,4,10,At Risk
C01635,24,11,131797.0,5,5,5,15,Champions
C01636,124,2,8935.0,2,2,2,6,Lost
C01637,4,1,11225.0,5,1,2,8,Potential Loyalists
C01638,44,1,1619.0,4,1,1,6,Potential Loyalists
C01639,14,6,67525.0,5,4,5,14,Champions
C01640,250,5,15502.0,1,4,3,8,At Risk
C01641,170,3,20679.0,2,2,3,7,Lost
C01642,288,5,21926.0,1,4,3,8,At Risk
C01643,36,5,11762.0,4,4,2,10,Loyal Customers
C01644,4,16,58400.0,5,5,5,15,Champions
C01645,152,4,22649.0,2,3,3,8,At Risk
C01646,31,10,24713.0,4,5,4,13,Champions
C01647,49,12,90441.0,4,5,5,14,Champions
C01648,20,2,29941.0,5,2,4,11,Potential Loyalists
C01649,18,1,3107.0,5,1,1,7,Potential Loyalists
C01650,172,3,7555.0,2,2,2,6,Lost
C01651,100,4,6955.0,3,3,2,8,Loyal Customers
C01652,321,1,16892.0,1,1,3,5,Lost
C01653,32,5,13562.0,4,4,3,11,Loyal Customers
C01654,49,3,15584.0,4,2,3,9,Potential Loyalists
C01655,40,11,70763.0,4,5,5,14,Champions
C01656,216,2,9196.0,1,2,2,5,Lost
C01657,197,2,11005.0,2,2,2,6,Lost
C01658,261,1,6416.0,1,1,1,3,Lost
C01659,235,11,48548.0,1,5,5,11,At Risk
C01660,20,3,6486.0,5,2,1,8,Potential Loyalists
C01661,59,5,14581.0,3,4,3,10,Loyal Customers
C01662,280,7,25416.0,1,4,4,9,At Risk
C01663,31,8,30677.0,4,5,4,13,Champions
C01664,24,3,30003.0,5,2,4,11,Potential Loyalists
C01665,143,4,54749.0,2,3,5,10,At Risk
C01666,69,1,4848.0,3,1,1,5,Lost
C01667,5,3,11475.0,5,2,2,9,Potential Loyalists
C01668,49,8,55660.0,4,5,5,14,Champions
C01669,142,2,7427.0,2,2,2,6,Lost
C01670,59,2,12691.0,3,2,2,7,Lost
C01671,10,5,13092.0,5,4,3,12,Loyal Customers
C01672,25,4,15473.0,5,3,3,11,Loyal Customers
C01673,138,4,16822.0,2,3,3,8,At Risk
C01674,41,8,30407.0,4,5,4,13,Champions
C01675,151,2,19647.0,2,2,3,7,Lost
C01676,497,1,638.0,1,1,1,3,Lost
C01677,126,3,16820.0,2,2,3,7,Lost
C01678,49,9,30644.0,4,5,4,13,Champions
C01679,60,2,4218.0,3,2,1,6,Lost
C01680,27,2,6438.0,5,2,1,8,Potential Loyalists
C01681,167,11,32453.0,2,5,4,11,At Risk
C01682,16,9,108624.0,5,5,5,15,Champions
C01683,132,3,17023.0,2,2,3,7,Lost
C01684,13,3,8155.0,5,2,2,9,Potential Loyalists
C01685,5,1,14565.0,5,1,3,9,Potential Loyalists
C01686,480,7,47685.0,1,4,5,10,At Risk
C01688,214,13,38559.0,1,5,4,10,At Risk
C01689,36,2,4328.0,4,2,1,7,Potential Loyalists
C01690,109,13,71578.0,3,5,5,13,Loyal Customers
C01691,163,1,7756.0,2,1,2,5,Lost
C01692,53,1,4638.0,4,1,1,6,Potential Loyalists
C01693,56,3,2867.0,3,2,1,6,Lost
C01694,422,2,16871.0,1,2,3,6,Lost
C01695,124,3,6587.0,2,2,2,6,Lost
C01696,149,8,49006.0,2,5,5,12,At Risk
C01697,170,9,23116.0,2,5,4,11,At Risk
C01698,50,1,14882.0,4,1,3,8,Potential Loyalists
C01699,42,2,11205.0,4,2,2,8,Potential Loyalists
C01700,51,5,17240.0,4,4,3,11,Loyal Customers
C01701,67,10,20875.0,3,5,3,11,Loyal Customers
C01702,183,9,26706.0,2,5,4,11,At Risk
C01703,24,3,23051.0,5,2,4,11,Potential Loyalists
C01704,50,2,10605.0,4,2,2,8,Potential Loyalists
C01705,10,1,7447.0,5,1,2,8,Potential Loyalists
C01706,1,15,47526.0,5,5,5,15,Champions
C01707,78,15,42394.0,3,5,5,13,Loyal Customers
C01708,5,9,42820.0,5,5,5,15,Champions
C01709,77,17,51736.0,3,5,5,13,Loyal Customers
C01710,80,3,26814.0,3,2,4,9,Lost
C01711,47,3,6794.0,4,2,2,8,Potential Loyalists
C01712,139,2,1388.0,2,2,1,5,Lost
C01713,55,4,11964.0,3,3,2,8,Loyal Customers
C01714,129,5,35292.0,2,4,4,10,At Risk
C01715,200,4,13313.0,2,3,3,8,At Risk
C01716,44,1,3548.0,4,1,1,6,Potential Loyalists
C01717,53,2,4487.0,4,2,1,7,Potential Loyalists
C01718,35,11,37690.0,4,5,4,13,Champions
C01719,12,1,11824.0,5,1,2,8,Potential Loyalists
C01720,40,1,2518.0,4,1,1,6,Potential Loyalists
C01721,115,1,4987.0,3,1,1,5,Lost
C01722,0,3,6635.0,5,2,2,9,Potential Loyalists
C01723,182,2,2898.0,2,2,1,5,Lost
C01724,122,9,33530.0,2,5,4,11,At Risk
C01725,19,1,3997.0,5,1,1,7,Potential Loyalists
C01726,29,2,2537.0,4,2,1,7,Potential Loyalists
C01727,56,3,6654.0,3,2,2,7,Lost
C01728,118,17,56918.0,2,5,5,12,At Risk
C01729,234,4,28726.0,1,3,4,8,At Risk
C01730,187,5,28895.0,2,4,4,10,At Risk
C01731,228,3,11364.0,1,2,2,5,Lost
C01732,81,15,83344.0,3,5,5,13,Loyal Customers
C01733,133,2,17092.0,2,2,3,7,Lost
C01734,142,5,30133.0,2,4,4,10,At Risk
C01735,14,3,10105.0,5,2,2,9,Potential Loyalists
C01736,40,3,5696.0,4,2,1,7,Potential Loyalists
C01737,187,2,4478.0,2,2,1,5,Lost
C01738,47,5,22989.0,4,4,4,12,Champions
C01739,103,3,9765.0,3,2,2,7,Lost
C01740,28,7,21598.0,4,4,3,11,Loyal Customers
C01741,436,1,3329.0,1,1,1,3,Lost
C01742,3,17,113444.0,5,5,5,15,Champions
C01743,332,1,7217.0,1,1,2,4,Lost
C01744,500,6,74161.0,1,4,5,10,At Risk
C01745,24,1,4438.0,5,1,1,7,Potential Loyalists
C01746,574,10,60740.0,1,5,5,11,At Risk
C01747,36,2,2757.0,4,2,1,7,Potential Loyalists
C01748,277,2,12075.0,1,2,2,5,Lost
C01749,21,4,27944.0,5,3,4,12,Loyal Customers
C01750,153,11,49207.0,2,5,5,12,At Risk
C01751,327,3,14161.0,1,2,3,6,Lost
C01752,215,4,7895.0,1,3,2,6,At Risk
C01753,219,1,2019.0,1,1,1,3,Lost
C01754,604,1,1699.0,1,1,1,3,Lost
C01755,107,6,35151.0,3,4,4,11,Loyal Customers
C01756,186,4,25666.0,2,3,4,9,At Risk
C01758,216,2,4547.0,1,2,1,4,Lost
C01761,294,1,5487.0,1,1,1,3,Lost
C01762,15,2,4857.0,5,2,1,8,Potential Loyalists
C01763,60,5,11402.0,3,4,2,9,Loyal Customers
C01764,33,1,3599.0,4,1,1,6,Potential Loyalists
C01765,27,5,25539.0,5,4,4,13,Champions
C01766,161,14,49587.0,2,5,5,12,At Risk
C01767,124,6,36990.0,2,4,4,10,At Risk
C01768,149,1,6778.0,2,1,2,5,Lost
C01769,138,1,9846.0,2,1,2,5,Lost
C01770,386,1,2788.0,1,1,1,3,Lost
C01771,134,11,39619.0,2,5,4,11,At Risk
C01772,238,1,11864.0,1,1,2,4,Lost
C01773,20,3,34301.0,5,2,4,11,Potential Loyalists
C01774,51,11,75679.0,4,5,5,14,Champions
C01775,153,6,23780.0,2,4,4,10,At Risk
C01776,281,3,18797.0,1,2,3,6,Lost
C01777,28,1,20223.0,4,1,3,8,Potential Loyalists
C01778,39,4,13910.0,4,3,3,10,Loyal Customers
C01779,12,2,20619.0,5,2,3,10,Potential Loyalists
C01780,43,1,2028.0,4,1,1,6,Potential Loyalists
C01781,3,2,3688.0,5,2,1,8,Potential Loyalists
C01782,157,9,51380.0,2,5,5,12,At Risk
C01783,21,2,20572.0,5,2,3,10,Potential Loyalists
C01784,280,1,4315.0,1,1,1,3,Lost
C01785,7,2,4887.0,5,2,1,8,Potential Loyalists
C01787,52,1,4887.0,4,1,1,6,Potential Loyalists
C01788,11,2,3898.0,5,2,1,8,Potential Loyalists
C01789,106,2,4577.0,3,2,1,6,Lost
C01790,59,4,20881.0,3,3,3,9,Loyal Customers
C01791,95,3,17921.0,3,2,3,8,Lost
C01792,45,4,16208.0,4,3,3,10,Loyal Customers
C01793,19,1,2556.0,5,1,1,7,Potential Loyalists
C01794,25,5,36353.0,5,4,4,13,Champions
C01795,124,1,4448.0,2,1,1,4,Lost
C01796,319,7,52757.0,1,4,5,10,At Risk
C01797,136,7,40667.0,2,4,4,10,At Risk
C01798,25,5,13223.0,5,4,3,12,Loyal Customers
C01799,247,11,32672.0,1,5,4,10,At Risk
C01800,454,2,8456.0,1,2,2,5,Lost
C01801,271,1,2649.0,1,1,1,3,Lost
C01802,13,16,54492.0,5,5,5,15,Champions
C01803,73,2,9585.0,3,2,2,7,Lost
C01804,170,6,44521.0,2,4,5,11,At Risk
C01806,355,8,87121.0,1,5,5,11,At Risk
C01807,480,5,43737.0,1,4,5,10,At Risk
C01808,17,5,15964.0,5,4,3,12,Loyal Customers
C01809,118,5,19922.0,2,4,3,9,At Risk
C01810,174,2,15322.0,2,2,3,7,Lost
C01811,257,4,14244.0,1,3,3,7,At Risk
C01812,17,11,155319.0,5,5,5,15,Champions
C01813,25,17,169724.0,5,5,5,15,Champions
C01814,229,4,13183.0,1,3,3,7,At Risk
C01815,296,7,20155.0,1,4,3,8,At Risk
C01816,52,1,1778.0,4,1,1,6,Potential Loyalists
C01817,18,3,12707.0,5,2,2,9,Potential Loyalists
C01818,235,1,4755.0,1,1,1,3,Lost
C01819,32,2,19542.0,4,2,3,9,Potential Loyalists
C01820,57,3,43610.0,3,2,5,10,Lost
C01821,517,3,7603.0,1,2,2,5,Lost
C01822,88,15,40952.0,3,5,4,12,Loyal Customers
C01824,17,3,10456.0,5,2,2,9,Potential Loyalists
C01825,337,3,21908.0,1,2,3,6,Lost
C01826,115,1,13303.0,3,1,3,7,Lost
C01828,164,1,2009.0,2,1,1,4,Lost
C01829,304,9,61942.0,1,5,5,11,At Risk
C01830,7,6,64815.0,5,4,5,14,Champions
C01831,23,1,2179.0,5,1,1,7,Potential Loyalists
C01832,60,5,15131.0,3,4,3,10,Loyal Customers
C01833,199,2,11255.0,2,2,2,6,Lost
C01834,37,6,20161.0,4,4,3,11,Loyal Customers
C01835,323,8,61872.0,1,5,5,11,At Risk
C01836,89,1,7523.0,3,1,2,6,Lost
C01837,93,13,78365.0,3,5,5,13,Loyal Customers
C01838,2,11,71402.0,5,5,5,15,Champions
C01839,322,1,3177.0,1,1,1,3,Lost
C01840,0,1,7096.0,5,1,2,8,Potential Loyalists
C01841,50,6,41708.0,4,4,4,12,Champions
C01842,176,2,4124.0,2,2,1,5,Lost
C01843,55,1,6967.0,3,1,2,6,Lost
C01844,58,4,11754.0,3,3,2,8,Loyal Customers
C01845,383,13,86119.0,1,5,5,11,At Risk
C01846,216,3,16213.0,1,2,3,6,Lost
C01847,308,8,32548.0,1,5,4,10,At Risk
C01848,10,1,4748.0,5,1,1,7,Potential Loyalists
C01849,288,15,35834.0,1,5,4,10,At Risk
C01850,243,1,2479.0,1,1,1,3,Lost
C01851,35,1,2139.0,4,1,1,6,Potential Loyalists
C01852,145,9,114113.0,2,5,5,12,At Risk
C01853,91,4,11154.0,3,3,2,8,Loyal Customers
C01854,13,8,128390.0,5,5,5,15,Champions
C01855,487,1,8823.0,1,1,2,4,Lost
C01856,106,2,9363.0,3,2,2,7,Lost
C01857,193,4,9014.0,2,3,2,7,At Risk
C01858,185,4,8642.0,2,3,2,7,At Risk
C01859,46,3,15451.0,4,2,3,9,Potential Loyalists
C01860,325,10,124387.0,1,5,5,11,At Risk
C01861,284,2,12474.0,1,2,2,5,Lost
C01862,174,4,17291.0,2,3,3,8,At Risk
C01863,163,1,17473.0,2,1,3,6,Lost
C01865,471,5,14852.0,1,4,3,8,At Risk
C01866,39,5,30952.0,4,4,4,12,Champions
C01867,198,3,23237.0,2,2,4,8,Lost
C01868,38,5,21222.0,4,4,3,11,Loyal Customers
C01869,142,4,15312.0,2,3,3,8,At Risk
C01870,39,7,46972.0,4,4,5,13,Champions
C01871,31,15,63989.0,4,5,5,14,Champions
C01872,21,4,33184.0,5,3,4,12,Loyal Customers
C01873,22,7,31908.0,5,4,4,13,Champions
C01874,103,1,3728.0,3,1,1,5,Lost
C01875,341,14,72296.0,1,5,5,11,At Risk
C01876,49,1,1888.0,4,1,1,6,Potential Loyalists
C01877,141,1,5807.0,2,1,1,4,Lost
C01878,517,13,32535.0,1,5,4,10,At Risk
C01879,601,4,23602.0,1,3,4,8,At Risk
C01880,54,5,28015.0,4,4,4,12,Champions
C01881,33,1,15052.0,4,1,3,8,Potential Loyalists
C01882,50,4,12633.0,4,3,2,9,Loyal Customers
C01883,39,7,33731.0,4,4,4,12,Champions
C01884,153,15,82909.0,2,5,5,12,At Risk
C01885,336,2,8027.0,1,2,2,5,Lost
C01886,48,3,16080.0,4,2,3,9,Potential Loyalists
C01887,409,1,3599.0,1,1,1,3,Lost
C01888,40,9,142657.0,4,5,5,14,Champions
C01889,14,1,4089.0,5,1,1,7,Potential Loyalists
C01890,140,7,35743.0,2,4,4,10,At Risk
C01892,344,1,3488.0,1,1,1,3,Lost
C01893,430,11,61139.0,1,5,5,11,At Risk
C01895,140,12,57388.0,2,5,5,12,At Risk
C01896,68,3,6475.0,3,2,1,6,Lost
C01897,34,13,103365.0,4,5,5,14,Champions
C01898,65,7,32967.0,3,4,4,11,Loyal Customers
C01899,317,6,18481.0,1,4,3,8,At Risk
C01900,469,4,10425.0,1,3,2,6,At Risk
C01901,439,12,58215.0,1,5,5,11,At Risk
C01902,461,1,2439.0,1,1,1,3,Lost
C01903,54,4,22461.0,4,3,3,10,Loyal Customers
C01904,10,3,20490.0,5,2,3,10,Potential Loyalists
C01905,55,3,12104.0,3,2,2,7,Lost
C01906,39,6,22519.0,4,4,3,11,Loyal Customers
C01907,472,7,23657.0,1,4,4,9,At Risk
C01908,108,7,20518.0,3,4,3,10,Loyal Customers
C01909,254,1,3719.0,1,1,1,3,Lost
C01910,194,5,15743.0,2,4,3,9,At Risk
C01911,58,5,73546.0,3,4,5,12,Loyal Customers
C01912,62,1,1249.0,3,1,1,5,Lost
C01913,17,1,8237.0,5,1,2,8,Potential Loyalists
C01914,35,3,23360.0,4,2,4,10,Potential Loyalists
C01915,41,1,12206.0,4,1,2,7,Potential Loyalists
C01916,46,4,26906.0,4,3,4,11,Loyal Customers
C01917,57,13,73349.0,3,5,5,13,Loyal Customers
C01918,8,1,2479.0,5,1,1,7,Potential Loyalists
C01919,31,2,20432.0,4,2,3,9,Potential Loyalists
C01920,15,2,40381.0,5,2,4,11,Potential Loyalists
C01921,67,8,98649.0,3,5,5,13,Loyal Customers
C01922,70,11,31512.0,3,5,4,12,Loyal Customers
C01923,234,10,19343.0,1,5,3,9,At Risk
C01924,134,3,24440.0,2,2,4,8,Lost
C01925,5,8,109114.0,5,5,5,15,Champions
C01926,439,2,9175.0,1,2,2,5,Lost
C01927,346,2,17083.0,1,2,3,6,Lost
C01929,42,4,40120.0,4,3,4,11,Loyal Customers
C01930,40,12,44178.0,4,5,5,14,Champions
C01931,9,1,7027.0,5,1,2,8,Potential Loyalists
C01932,28,7,21237.0,4,4,3,11,Loyal Customers
C01933,385,8,25636.0,1,5,4,10,At Risk
C01934,294,5,16530.0,1,4,3,8,At Risk
C01935,7,3,40779.0,5,2,4,11,Potential Loyalists
C01936,43,3,6386.0,4,2,1,7,Potential Loyalists
C01937,17,2,18610.0,5,2,3,10,Potential Loyalists
C01938,113,4,31817.0,3,3,4,10,Loyal Customers
C01939,55,3,14831.0,3,2,3,8,Lost
C01940,212,5,32733.0,1,4,4,9,At Risk
C01941,13,7,36847.0,5,4,4,13,Champions
C01942,95,1,3478.0,3,1,1,5,Lost
C01943,6,3,18370.0,5,2,3,10,Potential Loyalists
C01944,34,10,27505.0,4,5,4,13,Champions
C01945,380,1,1249.0,1,1,1,3,Lost
C01946,329,7,52357.0,1,4,5,10,At Risk
C01947,42,4,10592.0,4,3,2,9,Loyal Customers
C01948,148,8,106330.0,2,5,5,12,At Risk
C01949,492,2,11102.0,1,2,2,5,Lost
C01950,399,6,30148.0,1,4,4,9,At Risk
C01951,29,1,2319.0,4,1,1,6,Potential Loyalists
C01952,20,1,7027.0,5,1,2,8,Potential Loyalists
C01953,18,12,150698.0,5,5,5,15,Champions
C01954,204,1,28879.0,2,1,4,7,Lost
C01955,108,1,1799.0,3,1,1,5,Lost
C01956,129,4,31476.0,2,3,4,9,At Risk
C01957,285,3,11116.0,1,2,2,5,Lost
C01958,304,2,7977.0,1,2,2,5,Lost
C01959,283,1,10167.0,1,1,2,4,Lost
C01960,360,3,7385.0,1,2,2,5,Lost
C01961,201,17,52262.0,2,5,5,12,At Risk
C01962,576,3,14455.0,1,2,3,6,Lost
C01963,35,8,32142.0,4,5,4,13,Champions
C01964,31,5,19826.0,4,4,3,11,Loyal Customers
C01965,82,1,4838.0,3,1,1,5,Lost
C01966,54,1,469.0,4,1,1,6,Potential Loyalists
C01967,49,9,23266.0,4,5,4,13,Champions
C01968,88,11,31051.0,3,5,4,12,Loyal Customers
C01969,11,1,309.0,5,1,1,7,Potential Loyalists
C01970,184,6,34670.0,2,4,4,10,At Risk
C01971,3,4,26218.0,5,3,4,12,Loyal Customers
C01972,121,1,19170.0,2,1,3,6,Lost
C01973,296,1,3397.0,1,1,1,3,Lost
C01974,34,4,15273.0,4,3,3,10,Loyal Customers
C01975,84,1,1717.0,3,1,1,5,Lost
C01976,198,6,54548.0,2,4,5,11,At Risk
C01977,49,6,18970.0,4,4,3,11,Loyal Customers
C01978,31,4,11014.0,4,3,2,9,Loyal Customers
C01979,32,2,5818.0,4,2,1,7,Potential Loyalists
C01980,368,2,22440.0,1,2,3,6,Lost
C01981,317,5,10954.0,1,4,2,7,At Risk
C01982,35,5,49939.0,4,4,5,13,Champions
C01983,51,12,32261.0,4,5,4,13,Champions
C01984,92,6,34037.0,3,4,4,11,Loyal Customers
C01985,4,1,3636.0,5,1,1,7,Potential Loyalists
C01986,238,3,29274.0,1,2,4,7,Lost
C01987,112,7,37330.0,3,4,4,11,Loyal Customers
C01988,35,1,7606.0,4,1,2,7,Potential Loyalists
C01989,209,1,4968.0,2,1,1,4,Lost
C01990,598,1,4908.0,1,1,1,3,Lost
C01991,56,12,56075.0,3,5,5,13,Loyal Customers
C01993,5,6,56657.0,5,4,5,14,Champions
C01994,593,3,6165.0,1,2,1,4,Lost
C01995,136,4,20624.0,2,3,3,8,At Risk
C01996,11,5,17062.0,5,4,3,12,Loyal Customers
C01997,86,6,13903.0,3,4,3,10,Loyal Customers
C01998,138,3,10715.0,2,2,2,6,Lost
C01999,48,1,12015.0,4,1,2,7,Potential Loyalists
C02000,9,5,21450.0,5,4,3,12,Loyal Customers
C02001,187,9,43816.0,2,5,5,12,At Risk
C02002,113,1,1188.0,3,1,1,5,Lost
C02003,18,3,21341.0,5,2,3,10,Potential Loyalists
C02004,48,1,1649.0,4,1,1,6,Potential Loyalists
C02005,217,13,48424.0,1,5,5,11,At Risk
C02006,34,5,42434.0,4,4,5,13,Champions
C02008,13,5,11739.0,5,4,2,11,Loyal Customers
C02009,36,2,6826.0,4,2,2,8,Potential Loyalists
C02010,65,1,3248.0,3,1,1,5,Lost
C02011,25,5,45621.0,5,4,5,14,Champions
C02012,34,2,4227.0,4,2,1,7,Potential Loyalists
C02013,95,1,7425.0,3,1,2,6,Lost
C02014,47,1,3599.0,4,1,1,6,Potential Loyalists
C02015,6,3,42883.0,5,2,5,12,Potential Loyalists
C02016,238,3,43413.0,1,2,5,8,Lost
C02017,32,3,5824.0,4,2,1,7,Potential Loyalists
C02018,45,2,30179.0,4,2,4,10,Potential Loyalists
C02019,115,4,22818.0,3,3,3,9,Loyal Customers
C02020,68,1,2179.0,3,1,1,5,Lost
C02021,116,3,9845.0,3,2,2,7,Lost
C02022,18,5,54922.0,5,4,5,14,Champions
C02023,214,1,2128.0,1,1,1,3,Lost
C02024,59,5,20342.0,3,4,3,10,Loyal Customers
C02025,117,1,7026.0,2,1,2,5,Lost
C02026,130,8,55551.0,2,5,5,12,At Risk
C02027,30,15,114716.0,4,5,5,14,Champions
C02028,205,1,2568.0,2,1,1,4,Lost
C02029,195,5,18692.0,2,4,3,9,At Risk
C02030,54,3,26727.0,4,2,4,10,Potential Loyalists
C02031,247,1,5577.0,1,1,1,3,Lost
C02032,111,4,23229.0,3,3,4,10,Loyal Customers
C02033,182,2,9235.0,2,2,2,6,Lost
C02034,151,2,8206.0,2,2,2,6,Lost
C02035,191,3,31319.0,2,2,4,8,Lost
C02036,16,2,35896.0,5,2,4,11,Potential Loyalists
C02037,17,3,9642.0,5,2,2,9,Potential Loyalists
C02038,40,1,16994.0,4,1,3,8,Potential Loyalists
C02039,521,3,16979.0,1,2,3,6,Lost
C02040,51,2,6717.0,4,2,2,8,Potential Loyalists
C02041,103,3,7403.0,3,2,2,7,Lost
C02042,307,1,2898.0,1,1,1,3,Lost
C02043,191,16,96288.0,2,5,5,12,At Risk
C02044,149,1,4857.0,2,1,1,4,Lost
C02045,337,7,47443.0,1,4,5,10,At Risk
C02046,105,5,92269.0,3,4,5,12,Loyal Customers
C02047,201,10,57735.0,2,5,5,12,At Risk
C02048,400,9,16748.0,1,5,3,9,At Risk
C02049,186,4,14083.0,2,3,3,8,At Risk
C02050,22,1,6433.0,5,1,1,7,Potential Loyalists
C02051,62,4,17333.0,3,3,3,9,Loyal Customers
C02052,384,7,19830.0,1,4,3,8,At Risk
C02054,60,2,3848.0,3,2,1,6,Lost
C02055,243,7,54124.0,1,4,5,10,At Risk
C02056,134,4,15743.0,2,3,3,8,At Risk
C02057,30,2,8816.0,4,2,2,8,Potential Loyalists
C02058,17,1,3788.0,5,1,1,7,Potential Loyalists
C02059,131,15,53837.0,2,5,5,12,At Risk
C02060,27,8,24537.0,5,5,4,14,Champions
C02061,1,5,8863.0,5,4,2,11,Loyal Customers
C02062,222,2,8857.0,1,2,2,5,Lost
C02063,174,3,12274.0,2,2,2,6,Lost
C02064,38,1,2319.0,4,1,1,6,Potential Loyalists
C02065,54,13,82358.0,4,5,5,14,Champions
C02066,115,1,6597.0,3,1,2,6,Lost
C02067,60,4,20821.0,3,3,3,9,Loyal Customers
C02068,444,1,5728.0,1,1,1,3,Lost
C02069,55,1,5418.0,3,1,1,5,Lost
C02070,31,8,23096.0,4,5,4,13,Champions
C02071,49,2,8446.0,4,2,2,8,Potential Loyalists
C02072,16,4,21718.0,5,3,3,11,Loyal Customers
C02073,413,7,20241.0,1,4,3,8,At Risk
C02074,105,11,109833.0,3,5,5,13,Loyal Customers
C02075,11,1,5377.0,5,1,1,7,Potential Loyalists
C02076,415,1,5968.0,1,1,1,3,Lost
C02077,28,7,14711.0,4,4,3,11,Loyal Customers
C02078,29,9,22006.0,4,5,3,12,Loyal Customers
C02079,261,1,20374.0,1,1,3,5,Lost
C02080,525,2,1468.0,1,2,1,4,Lost
C02081,220,2,8465.0,1,2,2,5,Lost
C02082,174,1,3189.0,2,1,1,4,Lost
C02083,90,8,32324.0,3,5,4,12,Loyal Customers
C02084,60,9,29746.0,3,5,4,12,Loyal Customers
C02085,151,1,2208.0,2,1,1,4,Lost
C02086,29,4,8245.0,4,3,2,9,Loyal Customers
C02087,37,1,7035.0,4,1,2,7,Potential Loyalists
C02088,120,2,7725.0,2,2,2,6,Lost
C02089,406,6,14480.0,1,4,3,8,At Risk
C02090,111,4,20958.0,3,3,3,9,Loyal Customers
C02091,584,3,11865.0,1,2,2,5,Lost
C02092,104,14,47799.0,3,5,5,13,Loyal Customers
C02093,41,1,6788.0,4,1,2,7,Potential Loyalists
C02094,159,1,4058.0,2,1,1,4,Lost
C02095,293,2,3887.0,1,2,1,4,Lost
C02096,456,6,14081.0,1,4,3,8,At Risk
C02097,103,1,3258.0,3,1,1,5,Lost
C02098,228,14,86734.0,1,5,5,11,At Risk
C02099,179,2,9666.0,2,2,2,6,Lost
C02100,185,1,2359.0,2,1,1,4,Lost
C02101,103,1,13652.0,3,1,3,7,Lost
C02102,155,1,4738.0,2,1,1,4,Lost
C02103,17,4,20856.0,5,3,3,11,Loyal Customers
C02104,40,4,12974.0,4,3,2,9,Loyal Customers
C02105,21,8,46555.0,5,5,5,15,Champions
C02106,49,1,11684.0,4,1,2,7,Potential Loyalists
C02107,229,2,20739.0,1,2,3,6,Lost
C02108,203,3,36328.0,2,2,4,8,Lost
C02109,26,3,14423.0,5,2,3,10,Potential Loyalists
C02110,1,7,98313.0,5,4,5,14,Champions
C02111,138,4,7275.0,2,3,2,7,At Risk
C02112,190,1,6944.0,2,1,2,5,Lost
C02113,161,6,49237.0,2,4,5,11,At Risk
C02114,42,2,4997.0,4,2,1,7,Potential Loyalists
C02115,97,1,1109.0,3,1,1,5,Lost
C02116,154,1,5288.0,2,1,1,4,Lost
C02117,135,10,64326.0,2,5,5,12,At Risk
C02118,37,14,77929.0,4,5,5,14,Champions
C02119,32,11,80541.0,4,5,5,14,Champions
C02120,53,9,58193.0,4,5,5,14,Champions
C02121,28,4,38193.0,4,3,4,11,Loyal Customers
C02122,2,1,2368.0,5,1,1,7,Potential Loyalists
C02123,569,2,15842.0,1,2,3,6,Lost
C02124,158,2,11335.0,2,2,2,6,Lost
C02125,140,4,10964.0,2,3,2,7,At Risk
C02126,46,3,21750.0,4,2,3,9,Potential Loyalists
C02127,42,4,17362.0,4,3,3,10,Loyal Customers
C02128,17,1,2349.0,5,1,1,7,Potential Loyalists
C02129,16,2,16740.0,5,2,3,10,Potential Loyalists
C02130,186,1,7447.0,2,1,2,5,Lost
C02131,5,3,27825.0,5,2,4,11,Potential Loyalists
C02132,56,1,1748.0,3,1,1,5,Lost
C02133,178,1,6867.0,2,1,2,5,Lost
C02134,13,9,25964.0,5,5,4,14,Champions
C02135,12,1,1477.0,5,1,1,7,Potential Loyalists
C02136,192,3,25477.0,2,2,4,8,Lost
C02137,51,1,14472.0,4,1,3,8,Potential Loyalists
C02138,17,3,37981.0,5,2,4,11,Potential Loyalists
C02139,38,5,58027.0,4,4,5,13,Champions
C02140,186,11,30300.0,2,5,4,11,At Risk
C02141,251,15,83882.0,1,5,5,11,At Risk
C02142,423,4,15733.0,1,3,3,7,At Risk
C02143,206,3,19901.0,2,2,3,7,Lost
C02144,378,1,2039.0,1,1,1,3,Lost
C02145,242,1,2479.0,1,1,1,3,Lost
C02146,228,9,31593.0,1,5,4,10,At Risk
C02147,23,4,15621.0,5,3,3,11,Loyal Customers
C02148,37,9,121291.0,4,5,5,14,Champions
C02149,170,9,28741.0,2,5,4,11,At Risk
C02150,448,4,12863.0,1,3,2,6,At Risk
C02151,130,15,145236.0,2,5,5,12,At Risk
C02152,129,4,14932.0,2,3,3,8,At Risk
C02153,264,1,9677.0,1,1,2,4,Lost
C02154,130,7,97983.0,2,4,5,11,At Risk
C02155,137,3,30158.0,2,2,4,8,Lost
C02156,143,2,36075.0,2,2,4,8,Lost
C02157,40,1,4977.0,4,1,1,6,Potential Loyalists
C02158,56,1,7698.0,3,1,2,6,Lost
C02159,193,6,48667.0,2,4,5,11,At Risk
C02160,36,1,1059.0,4,1,1,6,Potential Loyalists
C02161,39,15,73087.0,4,5,5,14,Champions
C02162,5,6,36051.0,5,4,4,13,Champions
C02163,359,3,9565.0,1,2,2,5,Lost
C02164,55,1,8196.0,3,1,2,6,Lost
C02165,25,4,27016.0,5,3,4,12,Loyal Customers
C02166,2,6,34922.0,5,4,4,13,Champions
C02167,376,4,20898.0,1,3,3,7,At Risk
C02168,183,6,18250.0,2,4,3,9,At Risk
C02169,133,2,13505.0,2,2,3,7,Lost
C02170,400,4,52101.0,1,3,5,9,At Risk
C02171,2,6,16372.0,5,4,3,12,Loyal Customers
C02172,38,1,5707.0,4,1,1,6,Potential Loyalists
C02173,59,14,37848.0,3,5,4,12,Loyal Customers
C02174,201,5,54112.0,2,4,5,11,At Risk
C02175,9,3,53119.0,5,2,5,12,Potential Loyalists
C02177,52,9,31363.0,4,5,4,13,Champions
C02178,249,2,22851.0,1,2,3,6,Lost
C02179,59,1,3238.0,3,1,1,5,Lost
C02180,245,1,3728.0,1,1,1,3,Lost
C02181,47,7,34688.0,4,4,4,12,Champions
C02182,235,16,100787.0,1,5,5,11,At Risk
C02183,77,6,48147.0,3,4,5,12,Loyal Customers
C02184,87,1,1249.0,3,1,1,5,Lost
C02185,35,4,31147.0,4,3,4,11,Loyal Customers
C02186,14,3,11363.0,5,2,2,9,Potential Loyalists
C02187,88,1,719.0,3,1,1,5,Lost
C02189,392,8,33540.0,1,5,4,10,At Risk
C02190,368,10,106802.0,1,5,5,11,At Risk
C02191,12,3,8086.0,5,2,2,9,Potential Loyalists
C02192,91,8,31195.0,3,5,4,12,Loyal Customers
C02193,47,5,45535.0,4,4,5,13,Champions
C02194,258,4,18693.0,1,3,3,7,At Risk
C02195,414,3,6064.0,1,2,1,4,Lost
C02196,139,5,47171.0,2,4,5,11,At Risk
C02197,56,14,89280.0,3,5,5,13,Loyal Customers
C02198,16,4,19706.0,5,3,3,11,Loyal Customers
C02199,42,5,13862.0,4,4,3,11,Loyal Customers
C02200,72,2,30187.0,3,2,4,9,Lost
C02201,513,4,13001.0,1,3,3,7,At Risk
C02202,91,6,28014.0,3,4,4,11,Loyal Customers
C02203,52,8,59737.0,4,5,5,14,Champions
C02204,51,6,59534.0,4,4,5,13,Champions
C02205,162,3,9706.0,2,2,2,6,Lost
C02206,226,10,31825.0,1,5,4,10,At Risk
C02207,497,1,23700.0,1,1,4,6,Lost
C02208,311,2,1128.0,1,2,1,4,Lost
C02209,37,1,5156.0,4,1,1,6,Potential Loyalists
C02210,111,1,1419.0,3,1,1,5,Lost
C02211,230,2,2888.0,1,2,1,4,Lost
C02212,90,3,27177.0,3,2,4,9,Lost
C02213,359,14,59889.0,1,5,5,11,At Risk
C02214,212,5,37193.0,1,4,4,9,At Risk
C02215,97,4,21479.0,3,3,3,9,Loyal Customers
C02216,229,4,11061.0,1,3,2,6,At Risk
C02217,185,7,49328.0,2,4,5,11,At Risk
C02218,14,2,9565.0,5,2,2,9,Potential Loyalists
C02219,7,7,30615.0,5,4,4,13,Champions
C02220,95,8,29475.0,3,5,4,12,Loyal Customers
C02221,122,2,7527.0,2,2,2,6,Lost
C02222,233,13,55168.0,1,5,5,11,At Risk
C02223,119,7,19037.0,2,4,3,9,At Risk
C02224,415,3,35189.0,1,2,4,7,Lost
C02225,34,1,4587.0,4,1,1,6,Potential Loyalists
C02226,72,2,10975.0,3,2,2,7,Lost
C02227,48,3,5126.0,4,2,1,7,Potential Loyalists
C02228,41,8,56855.0,4,5,5,14,Champions
C02229,101,4,10325.0,3,3,2,8,Loyal Customers
C02230,220,12,69404.0,1,5,5,11,At Risk
C02231,1,6,14471.0,5,4,3,12,Loyal Customers
C02232,19,1,1028.0,5,1,1,7,Potential Loyalists
C02233,22,7,23396.0,5,4,4,13,Champions
C02234,56,15,208410.0,3,5,5,13,Loyal Customers
C02235,365,1,1169.0,1,1,1,3,Lost
C02236,48,6,45341.0,4,4,5,13,Champions
C02237,25,1,2039.0,5,1,1,7,Potential Loyalists
C02238,90,3,8645.0,3,2,2,7,Lost
C02239,43,3,10917.0,4,2,2,8,Potential Loyalists
C02240,118,8,31296.0,2,5,4,11,At Risk
C02241,166,4,8835.0,2,3,2,7,At Risk
C02243,183,2,11166.0,2,2,2,6,Lost
C02244,155,4,31767.0,2,3,4,9,At Risk
C02245,6,5,36123.0,5,4,4,13,Champions
C02246,58,1,7497.0,3,1,2,6,Lost
C02247,44,5,33511.0,4,4,4,12,Champions
C02248,514,5,13073.0,1,4,3,8,At Risk
C02249,31,14,40157.0,4,5,4,13,Champions
C02250,66,1,3557.0,3,1,1,5,Lost
C02251,111,14,39847.0,3,5,4,12,Loyal Customers
C02252,186,4,11595.0,2,3,2,7,At Risk
C02253,161,7,16999.0,2,4,3,9,At Risk
C02254,14,5,14503.0,5,4,3,12,Loyal Customers
C02255,178,1,11133.0,2,1,2,5,Lost
C02256,12,2,9785.0,5,2,2,9,Potential Loyalists
C02257,150,9,56165.0,2,5,5,12,At Risk
C02258,302,1,1309.0,1,1,1,3,Lost
C02259,212,2,6136.0,1,2,1,4,Lost
C02260,49,5,7775.0,4,4,2,10,Loyal Customers
C02261,296,2,9217.0,1,2,2,5,Lost
C02262,133,14,51881.0,2,5,5,12,At Risk
C02263,150,15,91849.0,2,5,5,12,At Risk
C02264,12,6,41897.0,5,4,5,14,Champions
C02265,14,10,74305.0,5,5,5,15,Champions
C02266,56,3,14741.0,3,2,3,8,Lost
C02268,15,1,3098.0,5,1,1,7,Potential Loyalists
C02269,191,1,3968.0,2,1,1,4,Lost
C02270,44,4,13807.0,4,3,3,10,Loyal Customers
C02271,32,2,12865.0,4,2,2,8,Potential Loyalists
C02272,341,7,77440.0,1,4,5,10,At Risk
C02273,330,2,5316.0,1,2,1,4,Lost
C02274,72,8,23357.0,3,5,4,12,Loyal Customers
C02275,254,2,22235.0,1,2,3,6,Lost
C02277,295,6,37619.0,1,4,4,9,At Risk
C02278,191,17,74427.0,2,5,5,12,At Risk
C02279,28,2,14865.0,4,2,3,9,Potential Loyalists
C02280,10,4,37374.0,5,3,4,12,Loyal Customers
C02281,41,1,5528.0,4,1,1,6,Potential Loyalists
C02282,569,7,33307.0,1,4,4,9,At Risk
C02283,12,7,33936.0,5,4,4,13,Champions
C02284,21,4,24580.0,5,3,4,12,Loyal Customers
C02285,222,4,14052.0,1,3,3,7,At Risk
C02286,169,3,7303.0,2,2,2,6,Lost
C02287,19,2,8115.0,5,2,2,9,Potential Loyalists
C02288,580,18,103683.0,1,5,5,11,At Risk
C02289,36,2,16803.0,4,2,3,9,Potential Loyalists
C02290,26,1,819.0,5,1,1,7,Potential Loyalists
C02291,22,10,39423.0,5,5,4,14,Champions
C02292,57,4,28028.0,3,3,4,10,Loyal Customers
C02293,47,1,3027.0,4,1,1,6,Potential Loyalists
C02294,0,13,23372.0,5,5,4,14,Champions
C02295,239,1,6467.0,1,1,1,3,Lost
C02296,65,2,9645.0,3,2,2,7,Lost
C02297,61,2,5687.0,3,2,1,6,Lost
C02298,36,2,4898.0,4,2,1,7,Potential Loyalists
C02299,54,6,11173.0,4,4,2,10,Loyal Customers
C02300,34,15,104780.0,4,5,5,14,Champions
C02301,22,7,49157.0,5,4,5,14,Champions
C02302,47,4,9944.0,4,3,2,9,Loyal Customers
C02303,40,1,12715.0,4,1,2,7,Potential Loyalists
C02304,202,13,111408.0,2,5,5,12,At Risk
C02305,103,8,22897.0,3,5,4,12,Loyal Customers
C02306,146,5,47111.0,2,4,5,11,At Risk
C02308,164,5,22555.0,2,4,3,9,At Risk
C02309,230,3,15313.0,1,2,3,6,Lost
C02310,64,15,50126.0,3,5,5,13,Loyal Customers
C02311,316,3,12044.0,1,2,2,5,Lost
C02312,27,4,24805.0,5,3,4,12,Loyal Customers
C02313,154,3,36355.0,2,2,4,8,Lost
C02314,72,4,44644.0,3,3,5,11,Loyal Customers
C02315,123,1,5016.0,2,1,1,4,Lost
C02316,41,3,16154.0,4,2,3,9,Potential Loyalists
C02317,183,11,79161.0,2,5,5,12,At Risk
C02318,54,2,3307.0,4,2,1,7,Potential Loyalists
C02319,247,6,69437.0,1,4,5,10,At Risk
C02320,193,1,6947.0,2,1,2,5,Lost
C02321,106,1,2498.0,3,1,1,5,Lost
C02322,545,3,32943.0,1,3,4,8,At Risk
C02323,32,3,34541.0,4,3,4,11,Loyal Customers
C02324,42,5,15103.0,4,4,3,11,Loyal Customers
C02325,19,3,5557.0,5,3,1,9,Loyal Customers
C02326,156,2,8846.0,2,2,2,6,Lost
C02327,403,5,42951.0,1,4,5,10,At Risk
C02328,39,1,858.0,4,1,1,6,Potential Loyalists
C02329,325,1,5577.0,1,1,1,3,Lost
C02330,17,1,2919.0,5,1,1,7,Potential Loyalists
C02331,189,1,3428.0,2,1,1,4,Lost
C02332,0,3,10805.0,5,3,2,10,Loyal Customers
C02333,5,2,3138.0,5,2,1,8,Potential Loyalists
C02334,573,1,3797.0,1,1,1,3,Lost
C02335,299,1,559.0,1,1,1,3,Lost
C02336,503,8,36983.0,1,5,4,10,At Risk
C02337,180,13,47316.0,2,5,5,12,At Risk
C02338,237,1,7657.0,1,1,2,4,Lost
C02339,198,6,13011.0,2,4,3,9,At Risk
C02340,181,13,176550.0,2,5,5,12,At Risk
C02341,75,1,10275.0,3,1,2,6,Lost
C02342,294,2,9635.0,1,2,2,5,Lost
C02343,40,8,31047.0,4,5,4,13,Champions
C02344,23,2,40084.0,5,2,4,11,Potential Loyalists
C02345,18,1,10653.0,5,1,2,8,Potential Loyalists
C02346,5,1,1188.0,5,1,1,7,Potential Loyalists
C02347,121,11,45988.0,2,5,5,12,At Risk
C02348,234,3,10515.0,1,3,2,6,At Risk
C02349,125,5,24811.0,2,4,4,10,At Risk
C02350,28,1,2926.0,4,1,1,6,Potential Loyalists
C02351,33,8,68951.0,4,5,5,14,Champions
C02352,42,7,67940.0,4,4,5,13,Champions
C02353,70,4,14092.0,3,3,3,9,Loyal Customers
C02354,0,1,1979.0,5,1,1,7,Potential Loyalists
C02355,23,3,10417.0,5,3,2,10,Loyal Customers
C02356,210,6,23418.0,2,4,4,10,At Risk
C02357,32,5,31097.0,4,4,4,12,Champions
C02358,266,4,23647.0,1,3,4,8,At Risk
C02359,136,2,9656.0,2,2,2,6,Lost
C02360,250,1,1799.0,1,1,1,3,Lost
C02361,11,7,28498.0,5,4,4,13,Champions
C02362,40,2,9474.0,4,2,2,8,Potential Loyalists
C02363,44,12,50080.0,4,5,5,14,Champions
C02364,42,8,57991.0,4,5,5,14,Champions
C02365,328,2,8916.0,1,2,2,5,Lost
C02366,365,4,14114.0,1,3,3,7,At Risk
C02367,23,4,6575.0,5,3,2,10,Loyal Customers
C02368,115,3,11783.0,3,3,2,8,Loyal Customers
C02369,96,14,91761.0,3,5,5,13,Loyal Customers
C02370,335,7,48852.0,1,4,5,10,At Risk
C02371,173,4,26148.0,2,3,4,9,At Risk
C02372,13,1,4057.0,5,1,1,7,Potential Loyalists
C02373,373,1,3719.0,1,1,1,3,Lost
C02374,108,6,23570.0,3,4,4,11,Loyal Customers
C02375,37,5,44500.0,4,4,5,13,Champions
C02376,31,1,9715.0,4,1,2,7,Potential Loyalists
C02377,31,3,34909.0,4,3,4,11,Loyal Customers
C02378,393,8,45514.0,1,5,5,11,At Risk
C02379,105,6,35789.0,3,4,4,11,Loyal Customers
C02380,144,12,52466.0,2,5,5,12,At Risk
C02381,233,13,163538.0,1,5,5,11,At Risk
C02382,138,14,145227.0,2,5,5,12,At Risk
C02384,1,3,8506.0,5,3,2,10,Loyal Customers
C02385,182,1,5598.0,2,1,1,4,Lost
C02386,49,1,3489.0,4,1,1,6,Potential Loyalists
C02387,67,6,36772.0,3,4,4,11,Loyal Customers
C02388,144,11,35431.0,2,5,4,11,At Risk
C02389,37,3,9595.0,4,3,2,9,Loyal Customers
C02390,156,5,31838.0,2,4,4,10,At Risk
C02391,205,11,44842.0,2,5,5,12,At Risk
C02392,25,2,5246.0,5,2,1,8,Potential Loyalists
C02393,38,5,62668.0,4,4,5,13,Champions
C02395,315,1,1059.0,1,1,1,3,Lost
C02396,219,1,5577.0,1,1,1,3,Lost
C02397,18,1,8252.0,5,1,2,8,Potential Loyalists
C02398,9,9,79303.0,5,5,5,15,Champions
C02399,146,3,21550.0,2,3,3,8,At Risk
C02400,223,3,10105.0,1,3,2,6,At Risk
C02401,3,5,11183.0,5,4,2,11,Loyal Customers
C02402,77,4,31985.0,3,3,4,10,Loyal Customers
C02403,130,9,38900.0,2,5,4,11,At Risk
C02404,313,1,429.0,1,1,1,3,Lost
C02405,59,5,15548.0,3,4,3,10,Loyal Customers
C02406,60,12,58723.0,3,5,5,13,Loyal Customers
C02407,64,8,17299.0,3,5,3,11,Loyal Customers
C02409,346,5,18320.0,1,4,3,8,At Risk
C02410,376,2,11576.0,1,2,2,5,Lost
C02411,243,2,17828.0,1,2,3,6,Lost
C02412,41,1,4717.0,4,1,1,6,Potential Loyalists
C02413,132,1,4828.0,2,1,1,4,Lost
C02414,380,2,5006.0,1,2,1,4,Lost
C02415,157,3,23868.0,2,3,4,9,At Risk
C02416,433,4,8515.0,1,3,2,6,At Risk
C02417,8,7,18562.0,5,4,3,12,Loyal Customers
C02418,35,5,14073.0,4,4,3,11,Loyal Customers
C02419,97,3,29289.0,3,3,4,10,Loyal Customers
C02420,299,2,20014.0,1,2,3,6,Lost
C02421,4,2,6408.0,5,2,1,8,Potential Loyalists
C02422,327,1,279.0,1,1,1,3,Lost
C02423,153,1,2728.0,2,1,1,4,Lost
C02424,108,4,43128.0,3,3,5,11,Loyal Customers
C02425,446,5,61577.0,1,4,5,10,At Risk
C02426,145,7,25757.0,2,4,4,10,At Risk
C02427,75,13,39499.0,3,5,4,12,Loyal Customers
C02428,36,4,14953.0,4,3,3,10,Loyal Customers
C02429,282,11,35632.0,1,5,4,10,At Risk
C02430,295,2,20203.0,1,2,3,6,Lost
C02431,250,8,49482.0,1,5,5,11,At Risk
C02432,130,7,28967.0,2,4,4,10,At Risk
C02433,115,18,62479.0,3,5,5,13,Loyal Customers
C02434,54,9,62077.0,4,5,5,14,Champions
C02435,210,1,3189.0,2,1,1,4,Lost
C02436,311,1,4278.0,1,1,1,3,Lost
C02437,58,3,17364.0,3,3,3,9,Loyal Customers
C02438,121,4,46635.0,2,3,5,10,At Risk
C02439,30,6,27529.0,4,4,4,12,Champions
C02440,552,1,6638.0,1,1,2,4,Lost
C02441,100,2,11776.0,3,2,2,7,Lost
C02442,152,2,16733.0,2,2,3,7,Lost
C02443,37,4,21011.0,4,3,3,10,Loyal Customers
C02444,131,3,19338.0,2,3,3,8,At Risk
C02445,18,1,4226.0,5,1,1,7,Potential Loyalists
C02446,35,5,40962.0,4,4,4,12,Champions
C02447,27,4,26166.0,5,3,4,12,Loyal Customers
C02448,80,1,3038.0,3,1,1,5,Lost
C02449,31,12,36580.0,4,5,4,13,Champions
C02450,382,16,211110.0,1,5,5,11,At Risk
C02451,57,5,9432.0,3,4,2,9,Loyal Customers
C02452,38,1,4308.0,4,1,1,6,Potential Loyalists
C02453,19,4,8594.0,5,3,2,10,Loyal Customers
C02454,87,2,18212.0,3,2,3,8,Lost
C02455,1,14,41567.0,5,5,4,14,Champions
C02456,383,3,11053.0,1,3,2,6,At Risk
C02457,1,3,20139.0,5,3,3,11,Loyal Customers
C02458,10,5,13092.0,5,4,3,12,Loyal Customers
C02459,27,8,50101.0,5,5,5,15,Champions
C02460,0,1,3986.0,5,1,1,7,Potential Loyalists
C02461,59,1,4038.0,3,1,1,5,Lost
C02462,105,5,17349.0,3,4,3,10,Loyal Customers
C02463,11,7,43563.0,5,4,5,14,Champions
C02464,12,3,9134.0,5,3,2,10,Loyal Customers
C02465,97,3,44369.0,3,3,5,11,Loyal Customers
C02466,3,14,39606.0,5,5,4,14,Champions
C02467,133,3,13673.0,2,3,3,8,At Risk
C02468,133,12,60872.0,2,5,5,12,At Risk
C02469,74,4,64563.0,3,3,5,11,Loyal Customers
C02470,109,5,92213.0,3,4,5,12,Loyal Customers
C02471,43,13,44560.0,4,5,5,14,Champions
C02472,515,5,25570.0,1,4,4,9,At Risk
C02473,95,6,22439.0,3,4,3,10,Loyal Customers
C02474,53,1,4798.0,4,1,1,6,Potential Loyalists
C02475,5,8,54763.0,5,5,5,15,Champions
C02476,179,5,21568.0,2,4,3,9,At Risk
C02477,205,3,14343.0,2,3,3,8,At Risk
C02478,12,4,26021.0,5,3,4,12,Loyal Customers
C02479,169,4,38873.0,2,3,4,9,At Risk
C02480,235,3,10176.0,1,3,2,6,At Risk
C02482,43,1,1948.0,4,1,1,6,Potential Loyalists
C02483,24,1,5757.0,5,1,1,7,Potential Loyalists
C02484,37,1,2648.0,4,1,1,6,Potential Loyalists
C02485,233,7,21446.0,1,4,3,8,At Risk
C02486,38,2,4847.0,4,2,1,7,Potential Loyalists
C02487,254,1,1977.0,1,1,1,3,Lost
C02488,14,17,114458.0,5,5,5,15,Champions
C02489,11,1,3489.0,5,1,1,7,Potential Loyalists
C02490,208,2,8186.0,2,2,2,6,Lost
C02491,78,9,18415.0,3,5,3,11,Loyal Customers
C02492,434,13,78571.0,1,5,5,11,At Risk
C02493,30,3,7845.0,4,3,2,9,Loyal Customers
C02494,145,1,3407.0,2,1,1,4,Lost
C02495,52,2,13914.0,4,2,3,9,Potential Loyalists
C02496,46,1,5177.0,4,1,1,6,Potential Loyalists
C02497,18,7,27646.0,5,4,4,13,Champions
C02498,62,14,143865.0,3,5,5,13,Loyal Customers
C02499,415,1,1588.0,1,1,1,3,Lost
C02500,108,1,3138.0,3,1,1,5,Lost
C02501,29,3,15420.0,4,3,3,10,Loyal Customers
C02502,181,4,17832.0,2,3,3,8,At Risk
C02503,205,1,6275.0,2,1,1,4,Lost
C02504,65,7,16772.0,3,4,3,10,Loyal Customers
C02506,309,11,43238.0,1,5,5,11,At Risk
C02507,38,11,73707.0,4,5,5,14,Champions
C02508,191,2,21630.0,2,2,3,7,Lost
C02509,37,4,27696.0,4,3,4,11,Loyal Customers
C02510,32,14,117923.0,4,5,5,14,Champions
C02511,377,1,3719.0,1,1,1,3,Lost
C02512,189,6,30769.0,2,4,4,10,At Risk
C02513,511,2,11644.0,1,2,2,5,Lost
C02514,11,1,14396.0,5,1,3,9,Potential Loyalists
C02515,236,2,8055.0,1,2,2,5,Lost
C02516,13,15,102410.0,5,5,5,15,Champions
C02517,2,3,19873.0,5,3,3,11,Loyal Customers
C02518,597,3,14411.0,1,3,3,7,At Risk
C02519,49,1,1109.0,4,1,1,6,Potential Loyalists
C02520,6,2,12314.0,5,2,2,9,Potential Loyalists
C02521,330,6,17813.0,1,4,3,8,At Risk
C02522,159,7,41697.0,2,4,4,10,At Risk
C02523,268,6,44041.0,1,4,5,10,At Risk
C02524,552,4,36100.0,1,3,4,8,At Risk
C02525,57,1,2449.0,3,1,1,5,Lost
C02526,31,6,54099.0,4,4,5,13,Champions
C02527,13,6,15359.0,5,4,3,12,Loyal Customers
C02528,1,2,9965.0,5,2,2,9,Potential Loyalists
C02529,158,5,20071.0,2,4,3,9,At Risk
C02530,566,1,4877.0,1,1,1,3,Lost
C02531,78,4,20133.0,3,3,3,9,Loyal Customers
C02532,7,7,22699.0,5,4,3,12,Loyal Customers
C02533,13,5,64757.0,5,4,5,14,Champions
C02534,58,1,14672.0,3,1,3,7,Lost
C02535,56,4,10702.0,3,3,2,8,Loyal Customers
C02536,50,2,4438.0,4,2,1,7,Potential Loyalists
C02537,290,1,11844.0,1,1,2,4,Lost
C02538,341,2,6274.0,1,2,1,4,Lost
C02539,12,16,54574.0,5,5,5,15,Champions
C02540,423,4,39197.0,1,3,4,8,At Risk
C02542,33,4,11356.0,4,3,2,9,Loyal Customers
C02543,10,10,68905.0,5,5,5,15,Champions
C02544,281,3,13302.0,1,3,3,7,At Risk
C02545,28,6,19801.0,4,4,3,11,Loyal Customers
C02546,27,4,18972.0,5,3,3,11,Loyal Customers
C02547,154,7,42346.0,2,4,5,11,At Risk
C02548,32,7,92676.0,4,4,5,13,Champions
C02549,103,2,5468.0,3,2,1,6,Lost
C02550,51,16,60855.0,4,5,5,14,Champions
C02551,300,3,12054.0,1,3,2,6,At Risk
C02552,228,9,58729.0,1,5,5,11,At Risk
C02553,291,6,17919.0,1,4,3,8,At Risk
C02554,208,4,30151.0,2,3,4,9,At Risk
C02555,55,2,19987.0,3,2,3,8,Lost
C02556,28,5,85107.0,4,4,5,13,Champions
C02557,2,5,16341.0,5,4,3,12,Loyal Customers
C02558,19,1,1699.0,5,1,1,7,Potential Loyalists
C02559,9,2,23599.0,5,2,4,11,Potential Loyalists
C02560,6,5,35184.0,5,4,4,13,Champions
C02561,100,1,5638.0,3,1,1,5,Lost
C02562,294,1,4026.0,1,1,1,3,Lost
C02563,17,5,31552.0,5,4,4,13,Champions
C02564,214,5,33713.0,1,4,4,9,At Risk
C02565,60,2,12925.0,3,2,2,7,Lost
C02566,283,5,25657.0,1,4,4,9,At Risk
C02567,353,1,549.0,1,1,1,3,Lost
C02568,39,7,22269.0,4,4,3,11,Loyal Customers
C02569,270,3,33946.0,1,3,4,8,At Risk
C02570,11,7,39856.0,5,4,4,13,Champions
C02571,42,2,4388.0,4,2,1,7,Potential Loyalists
C02572,203,8,70908.0,2,5,5,12,At Risk
C02573,128,2,6206.0,2,2,1,5,Lost
C02574,109,9,23366.0,3,5,4,12,Loyal Customers
C02575,138,13,35918.0,2,5,4,11,At Risk
C02576,55,3,9686.0,3,3,2,8,Loyal Customers
C02577,186,1,6337.0,2,1,1,4,Lost
C02578,27,3,21699.0,5,3,3,11,Loyal Customers
C02579,295,4,12444.0,1,3,2,6,At Risk
C02580,42,2,2638.0,4,2,1,7,Potential Loyalists
C02581,13,4,38863.0,5,3,4,12,Loyal Customers
C02582,30,1,11635.0,4,1,2,7,Potential Loyalists
C02583,35,6,26347.0,4,4,4,12,Champions
C02584,87,2,10357.0,3,2,2,7,Lost
C02585,130,1,5288.0,2,1,1,4,Lost
C02586,145,1,5518.0,2,1,1,4,Lost
C02587,384,2,4238.0,1,2,1,4,Lost
C02588,176,4,20643.0,2,3,3,8,At Risk
C02589,354,3,16343.0,1,3,3,7,At Risk
C02590,42,1,5956.0,4,1,1,6,Potential Loyalists
C02592,134,2,7952.0,2,2,2,6,Lost
C02593,8,17,269996.0,5,5,5,15,Champions
C02594,29,8,14009.0,4,5,3,12,Loyal Customers
C02595,46,1,2479.0,4,1,1,6,Potential Loyalists
C02596,112,2,24940.0,3,2,4,9,Lost
C02597,137,1,4358.0,2,1,1,4,Lost
C02598,17,3,18512.0,5,3,3,11,Loyal Customers
C02599,59,3,34093.0,3,3,4,10,Loyal Customers
C02600,33,1,12093.0,4,1,2,7,Potential Loyalists
C02601,35,4,21012.0,4,3,3,10,Loyal Customers
C02603,93,7,33346.0,3,4,4,11,Loyal Customers
C02604,242,16,64910.0,1,5,5,11,At Risk
C02605,431,1,7217.0,1,1,2,4,Lost
C02606,227,3,6107.0,1,3,1,5,At Risk
C02607,131,3,17783.0,2,3,3,8,At Risk
C02608,28,2,12351.0,4,2,2,8,Potential Loyalists
C02609,80,2,6427.0,3,2,1,6,Lost
C02610,115,1,6974.0,3,1,2,6,Lost
C02611,270,5,23831.0,1,4,4,9,At Risk
C02612,99,5,26208.0,3,4,4,11,Loyal Customers
C02613,165,1,7137.0,2,1,2,5,Lost
C02614,67,2,18650.0,3,2,3,8,Lost
C02615,342,9,60003.0,1,5,5,11,At Risk
C02616,210,1,2358.0,2,1,1,4,Lost
C02617,190,1,9757.0,2,1,2,5,Lost
C02618,6,5,47803.0,5,4,5,14,Champions
C02619,11,10,61697.0,5,5,5,15,Champions
C02620,108,2,6877.0,3,2,2,7,Lost
C02621,78,2,18654.0,3,2,3,8,Lost
C02622,143,3,14304.0,2,3,3,8,At Risk
C02623,57,2,17715.0,3,2,3,8,Lost
C02624,22,2,19641.0,5,2,3,10,Potential Loyalists
C02625,19,8,25454.0,5,5,4,14,Champions
C02626,80,1,3198.0,3,1,1,5,Lost
C02627,53,5,63398.0,4,4,5,13,Champions
C02628,274,1,1649.0,1,1,1,3,Lost
C02629,54,3,11095.0,4,3,2,9,Loyal Customers
C02630,36,9,22513.0,4,5,3,12,Loyal Customers
C02631,75,5,24886.0,3,4,4,11,Loyal Customers
C02632,446,8,21398.0,1,5,3,9,At Risk
C02633,94,11,148428.0,3,5,5,13,Loyal Customers
C02634,47,1,3329.0,4,1,1,6,Potential Loyalists
C02635,181,8,85186.0,2,5,5,12,At Risk
C02636,103,1,2028.0,3,1,1,5,Lost
C02637,60,1,12015.0,3,1,2,6,Lost
C02638,4,1,3309.0,5,1,1,7,Potential Loyalists
C02639,75,4,6865.0,3,3,2,8,Loyal Customers
C02640,172,1,6456.0,2,1,1,4,Lost
C02641,155,2,4367.0,2,2,1,5,Lost
C02642,461,5,39494.0,1,4,4,9,At Risk
C02643,391,1,1249.0,1,1,1,3,Lost
C02644,48,3,28809.0,4,3,4,11,Loyal Customers
C02645,41,5,105005.0,4,4,5,13,Champions
C02646,73,2,9866.0,3,2,2,7,Lost
C02647,32,1,4634.0,4,1,1,6,Potential Loyalists
C02648,386,3,6394.0,1,3,1,5,At Risk
C02649,19,9,37090.0,5,5,4,14,Champions
C02650,13,1,4868.0,5,1,1,7,Potential Loyalists
C02651,226,6,19988.0,1,4,3,8,At Risk
C02652,13,4,7584.0,5,3,2,10,Loyal Customers
C02653,35,2,2658.0,4,2,1,7,Potential Loyalists
C02654,192,2,19377.0,2,2,3,7,Lost
C02655,64,2,6417.0,3,2,1,6,Lost
C02656,22,12,166417.0,5,5,5,15,Champions
C02657,69,7,23037.0,3,4,4,11,Loyal Customers
C02659,5,4,19897.0,5,3,3,11,Loyal Customers
C02660,150,7,44080.0,2,4,5,11,At Risk
C02661,188,3,10083.0,2,3,2,7,At Risk
C02662,62,4,8695.0,3,3,2,8,Loyal Customers
C02663,115,1,3948.0,3,1,1,5,Lost
C02664,0,4,16632.0,5,3,3,11,Loyal Customers
C02665,49,10,97606.0,4,5,5,14,Champions
C02666,109,1,27680.0,3,1,4,8,Lost
C02667,22,4,7044.0,5,3,2,10,Loyal Customers
C02668,343,1,2208.0,1,1,1,3,Lost
C02669,191,1,329.0,2,1,1,4,Lost
C02670,41,6,24289.0,4,4,4,12,Champions
C02671,72,1,7646.0,3,1,2,6,Lost
C02672,25,11,40898.0,5,5,4,14,Champions
C02673,9,1,9325.0,5,1,2,8,Potential Loyalists
C02674,10,2,12744.0,5,2,2,9,Potential Loyalists
C02675,130,3,10615.0,2,3,2,7,At Risk
C02676,36,15,108555.0,4,5,5,14,Champions
C02677,5,2,21816.0,5,2,3,10,Potential Loyalists
C02678,48,15,57871.0,4,5,5,14,Champions
C02679,25,1,5065.0,5,1,1,7,Potential Loyalists
C02680,153,3,16224.0,2,3,3,8,At Risk
C02681,53,9,24785.0,4,5,4,13,Champions
C02682,49,4,5716.0,4,3,1,8,Loyal Customers
C02683,49,7,26055.0,4,4,4,12,Champions
C02684,146,14,96504.0,2,5,5,12,At Risk
C02685,17,7,86880.0,5,4,5,14,Champions
C02686,47,1,6727.0,4,1,2,7,Potential Loyalists
C02687,354,6,14889.0,1,4,3,8,At Risk
C02688,59,9,112822.0,3,5,5,13,Loyal Customers
C02689,233,10,32325.0,1,5,4,10,At Risk
C02690,499,3,41721.0,1,3,5,9,At Risk
C02691,174,1,2458.0,2,1,1,4,Lost
C02692,53,2,6437.0,4,2,1,7,Potential Loyalists
C02693,54,2,2688.0,4,2,1,7,Potential Loyalists
C02694,14,10,19148.0,5,5,3,13,Loyal Customers
C02695,84,11,69460.0,3,5,5,13,Loyal Customers
C02696,29,16,94999.0,4,5,5,14,Champions
C02697,43,1,429.0,4,1,1,6,Potential Loyalists
C02698,45,15,43367.0,4,5,5,14,Champions
C02699,305,6,37645.0,1,4,4,9,At Risk
C02700,65,4,27106.0,3,3,4,10,Loyal Customers
C02701,204,4,25834.0,2,3,4,9,At Risk
C02702,15,1,5927.0,5,1,1,7,Potential Loyalists
C02703,124,5,35084.0,2,4,4,10,At Risk
C02704,140,1,12495.0,2,1,2,5,Lost
C02705,108,5,40107.0,3,4,4,11,Loyal Customers
C02706,102,1,3988.0,3,1,1,5,Lost
C02707,43,2,7854.0,4,2,2,8,Potential Loyalists
C02708,98,3,24359.0,3,3,4,10,Loyal Customers
C02709,55,2,6907.0,3,2,2,7,Lost
C02710,37,15,76905.0,4,5,5,14,Champions
C02711,55,3,17351.0,3,3,3,9,Loyal Customers
C02712,54,1,2307.0,4,1,1,6,Potential Loyalists
C02713,128,3,9076.0,2,3,2,7,At Risk
C02714,151,1,1799.0,2,1,1,4,Lost
C02716,124,4,11294.0,2,3,2,7,At Risk
C02717,110,2,7236.0,3,2,2,7,Lost
C02718,80,5,17991.0,3,4,3,10,Loyal Customers
C02719,53,3,45188.0,4,3,5,12,Loyal Customers
C02720,322,4,10005.0,1,3,2,6,At Risk
C02721,371,2,8015.0,1,2,2,5,Lost
C02722,27,3,17817.0,5,3,3,11,Loyal Customers
C02723,314,2,4528.0,1,2,1,4,Lost
C02724,38,5,13943.0,4,4,3,11,Loyal Customers
C02725,36,11,39602.0,4,5,4,13,Champions
C02726,181,2,3237.0,2,2,1,5,Lost
C02728,440,1,3478.0,1,1,1,3,Lost
C02729,43,1,5398.0,4,1,1,6,Potential Loyalists
C02730,71,2,6585.0,3,2,2,7,Lost
C02731,154,1,2078.0,2,1,1,4,Lost
C02732,37,1,4309.0,4,1,1,6,Potential Loyalists
C02733,60,2,8847.0,3,2,2,7,Lost
C02734,34,9,43733.0,4,5,5,14,Champions
C02735,50,2,14706.0,4,2,3,9,Potential Loyalists
C02736,55,3,16350.0,3,3,3,9,Loyal Customers
C02737,31,4,18299.0,4,3,3,10,Loyal Customers
C02738,308,4,57564.0,1,3,5,9,At Risk
C02739,227,8,22366.0,1,5,3,9,At Risk
C02740,133,3,30941.0,2,3,4,9,At Risk
C02741,52,11,39082.0,4,5,4,13,Champions
C02742,194,1,549.0,2,1,1,4,Lost
C02743,34,3,30244.0,4,3,4,11,Loyal Customers
C02744,209,12,54705.0,2,5,5,12,At Risk
C02745,243,7,12029.0,1,4,2,7,At Risk
C02746,63,2,4267.0,3,2,1,6,Lost
C02747,27,3,5256.0,5,3,1,9,Loyal Customers
C02748,35,4,58611.0,4,3,5,12,Loyal Customers
C02749,114,1,6266.0,3,1,1,5,Lost
C02750,104,12,58991.0,3,5,5,13,Loyal Customers
C02751,58,9,20908.0,3,5,3,11,Loyal Customers
C02752,375,10,33672.0,1,5,4,10,At Risk
C02753,18,7,18581.0,5,4,3,12,Loyal Customers
C02754,325,1,819.0,1,1,1,3,Lost
C02755,79,1,3288.0,3,1,1,5,Lost
C02756,233,2,22711.0,1,2,3,6,Lost
C02757,27,2,5887.0,5,2,1,8,Potential Loyalists
C02758,148,3,16402.0,2,3,3,8,At Risk
C02759,39,3,16814.0,4,3,3,10,Loyal Customers
C02760,34,12,90917.0,4,5,5,14,Champions
C02761,57,4,30318.0,3,3,4,10,Loyal Customers
C02762,57,2,8127.0,3,2,2,7,Lost
C02763,359,3,11714.0,1,3,2,6,At Risk
C02764,29,14,89854.0,4,5,5,14,Champions
C02765,24,1,659.0,5,1,1,7,Potential Loyalists
C02766,41,12,42747.0,4,5,5,14,Champions
C02767,1,3,23551.0,5,3,4,12,Loyal Customers
C02768,50,6,66674.0,4,4,5,13,Champions
C02769,68,2,6966.0,3,2,2,7,Lost
C02770,185,2,8815.0,2,2,2,6,Lost
C02771,215,1,2648.0,1,1,1,3,Lost
C02772,3,9,22718.0,5,5,3,13,Loyal Customers
C02773,171,2,5237.0,2,2,1,5,Lost
C02775,60,1,4437.0,3,1,1,5,Lost
C02776,2,12,37600.0,5,5,4,14,Champions
C02777,52,6,50126.0,4,4,5,13,Champions
C02779,23,9,36271.0,5,5,4,14,Champions
C02780,154,9,29314.0,2,5,4,11,At Risk
C02781,205,7,13248.0,2,4,3,9,At Risk
C02782,41,14,59064.0,4,5,5,14,Champions
C02783,302,12,43468.0,1,5,5,11,At Risk
C02784,174,5,17596.0,2,4,3,9,At Risk
C02785,100,2,9856.0,3,2,2,7,Lost
C02786,20,8,70118.0,5,5,5,15,Champions
C02787,116,7,44535.0,3,4,5,12,Loyal Customers
C02788,126,3,6687.0,2,3,2,7,At Risk
C02789,48,12,42889.0,4,5,5,14,Champions
C02790,19,4,44601.0,5,3,5,13,Loyal Customers
C02791,237,3,13735.0,1,3,3,7,At Risk
C02792,12,6,21059.0,5,4,3,12,Loyal Customers
C02793,89,2,5637.0,3,2,1,6,Lost
C02794,80,14,90476.0,3,5,5,13,Loyal Customers
C02795,64,2,8066.0,3,2,2,7,Lost
C02796,55,6,21828.0,3,4,3,10,Loyal Customers
C02797,188,2,7307.0,2,2,2,6,Lost
C02798,61,6,46959.0,3,4,5,12,Loyal Customers
C02799,46,2,32537.0,4,2,4,10,Potential Loyalists
C02800,279,2,25267.0,1,2,4,7,Lost
C02801,186,1,7645.0,2,1,2,5,Lost
C02802,29,4,34784.0,4,3,4,11,Loyal Customers
C02803,264,2,21686.0,1,2,3,6,Lost
C02804,2,2,5944.0,5,2,1,8,Potential Loyalists
C02805,42,4,19692.0,4,3,3,10,Loyal Customers
C02806,89,1,2418.0,3,1,1,5,Lost
C02807,377,5,35474.0,1,4,4,9,At Risk
C02808,60,8,38964.0,3,5,4,12,Loyal Customers
C02809,235,3,13511.0,1,3,3,7,At Risk
C02810,250,7,23369.0,1,4,4,9,At Risk
C02812,273,12,78853.0,1,5,5,11,At Risk
C02813,58,14,172530.0,3,5,5,13,Loyal Customers
C02814,155,1,3578.0,2,1,1,4,Lost
C02815,8,3,30158.0,5,3,4,12,Loyal Customers
C02817,40,3,18823.0,4,3,3,10,Loyal Customers
C02818,50,3,16513.0,4,3,3,10,Loyal Customers
C02819,42,12,50993.0,4,5,5,14,Champions
C02820,17,1,4828.0,5,1,1,7,Potential Loyalists
C02821,47,1,3148.0,4,1,1,6,Potential Loyalists
C02822,181,4,10433.0,2,3,2,7,At Risk
C02823,33,14,107567.0,4,5,5,14,Champions
C02824,28,5,27928.0,4,4,4,12,Champions
C02825,40,4,55713.0,4,3,5,12,Loyal Customers
C02826,23,5,72196.0,5,4,5,14,Champions
C02827,487,4,29236.0,1,3,4,8,At Risk
C02828,15,3,19770.0,5,3,3,11,Loyal Customers
C02829,79,3,22259.0,3,3,3,9,Loyal Customers
C02830,18,1,5638.0,5,1,1,7,Potential Loyalists
C02831,49,16,44854.0,4,5,5,14,Champions
C02832,80,3,28186.0,3,3,4,10,Loyal Customers
C02833,16,4,11540.0,5,3,2,10,Loyal Customers
C02834,157,3,26437.0,2,3,4,9,At Risk
C02835,40,2,35872.0,4,2,4,10,Potential Loyalists
C02836,63,2,4647.0,3,2,1,6,Lost
C02837,40,10,42057.0,4,5,5,14,Champions
C02838,32,2,8175.0,4,2,2,8,Potential Loyalists
C02839,107,6,13973.0,3,4,3,10,Loyal Customers
C02841,36,7,23988.0,4,4,4,12,Champions
C02842,27,3,11194.0,5,3,2,10,Loyal Customers
C02843,215,4,10683.0,1,3,2,6,At Risk
C02844,243,3,13875.0,1,3,3,7,At Risk
C02845,204,4,15657.0,2,3,3,8,At Risk
C02846,94,2,27425.0,3,2,4,9,Lost
C02847,30,8,110270.0,4,5,5,14,Champions
C02848,152,1,2168.0,2,1,1,4,Lost
C02849,63,3,10135.0,3,3,2,8,Loyal Customers
C02850,54,10,52609.0,4,5,5,14,Champions
C02851,248,6,32763.0,1,4,4,9,At Risk
C02852,480,10,32103.0,1,5,4,10,At Risk
C02853,6,7,76869.0,5,4,5,14,Champions
C02854,104,3,4256.0,3,3,1,7,Loyal Customers
C02855,24,5,30954.0,5,4,4,13,Champions
C02856,150,12,87009.0,2,5,5,12,At Risk
C02857,3,2,3447.0,5,2,1,8,Potential Loyalists
C02858,59,1,5668.0,3,1,1,5,Lost
C02859,117,2,9026.0,2,2,2,6,Lost
C02860,107,2,22990.0,3,2,4,9,Lost
C02861,30,2,5606.0,4,2,1,7,Potential Loyalists
C02862,45,7,92012.0,4,4,5,13,Champions
C02863,3,3,31356.0,5,3,4,12,Loyal Customers
C02864,10,4,24809.0,5,3,4,12,Loyal Customers
C02865,60,3,7774.0,3,3,2,8,Loyal Customers
C02866,13,1,4018.0,5,1,1,7,Potential Loyalists
C02867,161,1,1408.0,2,1,1,4,Lost
C02868,134,3,11056.0,2,3,2,7,At Risk
C02869,1,4,19111.0,5,3,3,11,Loyal Customers
C02870,15,4,27934.0,5,3,4,12,Loyal Customers
C02871,154,4,26935.0,2,3,4,9,At Risk
C02873,12,16,217267.0,5,5,5,15,Champions
C02875,25,4,56468.0,5,3,5,13,Loyal Customers
C02876,18,4,19746.0,5,3,3,11,Loyal Customers
C02877,101,6,41251.0,3,4,4,11,Loyal Customers
C02878,57,1,5657.0,3,1,1,5,Lost
C02879,593,1,329.0,1,1,1,3,Lost
C02880,16,2,7207.0,5,2,2,9,Potential Loyalists
C02881,59,4,36106.0,3,3,4,10,Loyal Customers
C02882,170,3,8285.0,2,3,2,7,At Risk
C02883,62,3,13103.0,3,3,3,9,Loyal Customers
C02884,89,4,8225.0,3,3,2,8,Loyal Customers
C02885,39,4,30827.0,4,3,4,11,Loyal Customers
C02886,132,5,23352.0,2,4,4,10,At Risk
C02887,11,1,4618.0,5,1,1,7,Potential Loyalists
C02888,391,6,22120.0,1,4,3,8,At Risk
C02889,23,7,44749.0,5,4,5,14,Champions
C02890,153,4,38589.0,2,3,4,9,At Risk
C02892,220,1,4768.0,1,1,1,3,Lost
C02893,10,4,12574.0,5,3,2,10,Loyal Customers
C02894,55,8,63798.0,3,5,5,13,Loyal Customers
C02895,21,3,22618.0,5,3,3,11,Loyal Customers
C02896,165,1,3678.0,2,1,1,4,Lost
C02897,224,6,39140.0,1,4,4,9,At Risk
C02898,111,7,25966.0,3,4,4,11,Loyal Customers
C02899,80,6,19590.0,3,4,3,10,Loyal Customers
C02900,300,1,6747.0,1,1,2,4,Lost
C02901,523,9,137149.0,1,5,5,11,At Risk
C02902,1,1,11574.0,5,1,2,8,Potential Loyalists
C02903,161,4,12063.0,2,3,2,7,At Risk
C02904,117,1,12822.0,2,1,2,5,Lost
C02905,203,1,3568.0,2,1,1,4,Lost
C02906,3,4,52634.0,5,3,5,13,Loyal Customers
C02907,85,12,71514.0,3,5,5,13,Loyal Customers
C02908,32,8,39470.0,4,5,4,13,Champions
C02909,54,6,34864.0,4,4,4,12,Champions
C02910,288,7,44798.0,1,4,5,10,At Risk
C02911,52,2,12755.0,4,2,2,8,Potential Loyalists
C02912,74,1,9871.0,3,1,2,6,Lost
C02913,97,6,24109.0,3,4,4,11,Loyal Customers
C02914,36,4,34997.0,4,3,4,11,Loyal Customers
C02915,46,5,14629.0,4,4,3,11,Loyal Customers
C02916,110,1,5538.0,3,1,1,5,Lost
C02917,176,1,469.0,2,1,1,4,Lost
C02918,6,14,45386.0,5,5,5,15,Champions
C02919,24,5,9074.0,5,4,2,11,Loyal Customers
C02920,41,6,13102.0,4,4,3,11,Loyal Customers
C02922,48,6,22479.0,4,4,3,11,Loyal Customers
C02923,82,8,49695.0,3,5,5,13,Loyal Customers
C02924,125,4,12154.0,2,3,2,7,At Risk
C02926,108,13,41636.0,3,5,4,12,Loyal Customers
C02927,59,7,53532.0,3,4,5,12,Loyal Customers
C02928,171,9,43853.0,2,5,5,12,At Risk
C02929,14,12,99540.0,5,5,5,15,Champions
C02930,21,3,12061.0,5,3,2,10,Loyal Customers
C02931,37,3,19373.0,4,3,3,10,Loyal Customers
C02932,157,14,82954.0,2,5,5,12,At Risk
C02933,171,5,31997.0,2,4,4,10,At Risk
C02934,311,2,11544.0,1,2,2,5,Lost
C02935,114,4,13202.0,3,3,3,9,Loyal Customers
C02936,40,12,48335.0,4,5,5,14,Champions
C02937,145,1,5708.0,2,1,1,4,Lost
C02938,49,4,17642.0,4,3,3,10,Loyal Customers
C02939,31,11,84841.0,4,5,5,14,Champions
C02940,82,1,10776.0,3,1,2,6,Lost
C02941,29,7,27425.0,4,4,4,12,Champions
C02942,22,15,58514.0,5,5,5,15,Champions
C02943,18,2,7086.0,5,2,2,9,Potential Loyalists
C02944,21,2,1628.0,5,2,1,8,Potential Loyalists
C02945,56,3,7894.0,3,3,2,8,Loyal Customers
C02946,16,7,36079.0,5,4,4,13,Champions
C02947,234,5,25434.0,1,4,4,9,At Risk
C02948,107,3,17134.0,3,3,3,9,Loyal Customers
C02949,256,2,10556.0,1,2,2,5,Lost
C02950,165,3,7336.0,2,3,2,7,At Risk
C02951,133,9,77995.0,2,5,5,12,At Risk
C02952,182,4,26470.0,2,3,4,9,At Risk
C02953,189,5,68715.0,2,4,5,11,At Risk
C02954,2,7,19376.0,5,4,3,12,Loyal Customers
C02955,39,1,7426.0,4,1,2,7,Potential Loyalists
C02956,439,3,14342.0,1,3,3,7,At Risk
C02957,42,7,17771.0,4,4,3,11,Loyal Customers
C02958,580,1,10746.0,1,1,2,4,Lost
C02959,115,6,23987.0,3,4,4,11,Loyal Customers
C02960,16,3,14135.0,5,3,3,11,Loyal Customers
C02961,34,7,36131.0,4,4,4,12,Champions
C02962,128,3,12633.0,2,3,2,7,At Risk
C02963,186,7,19258.0,2,4,3,9,At Risk
C02964,4,2,6307.0,5,2,1,8,Potential Loyalists
C02965,190,3,6896.0,2,3,2,7,At Risk
C02966,7,12,118253.0,5,5,5,15,Champions
C02967,17,5,37522.0,5,4,4,13,Champions
C02968,5,3,9753.0,5,3,2,10,Loyal Customers
C02969,6,3,11315.0,5,3,2,10,Loyal Customers
C02970,128,9,51545.0,2,5,5,12,At Risk
C02971,93,5,28394.0,3,4,4,11,Loyal Customers
C02972,49,1,15712.0,4,1,3,8,Potential Loyalists
C02973,16,1,5948.0,5,1,1,7,Potential Loyalists
C02974,125,4,7384.0,2,3,2,7,At Risk
C02975,102,4,14250.0,3,3,3,9,Loyal Customers
C02976,194,1,2239.0,2,1,1,4,Lost
C02977,30,3,3947.0,4,3,1,8,Loyal Customers
C02978,45,8,48572.0,4,5,5,14,Champions
C02979,127,9,44891.0,2,5,5,12,At Risk
C02980,37,1,2479.0,4,1,1,6,Potential Loyalists
C02981,160,8,47264.0,2,5,5,12,At Risk
C02982,50,3,22353.0,4,3,3,10,Loyal Customers
C02983,47,1,9895.0,4,1,2,7,Potential Loyalists
C02984,27,4,29046.0,5,3,4,12,Loyal Customers
C02985,298,1,938.0,1,1,1,3,Lost
C02986,19,1,3309.0,5,1,1,7,Potential Loyalists
C02987,308,10,69854.0,1,5,5,11,At Risk
C02988,93,3,6475.0,3,3,1,7,Loyal Customers
C02989,36,7,20637.0,4,4,3,11,Loyal Customers
C02990,21,12,142890.0,5,5,5,15,Champions
C02991,324,17,126702.0,1,5,5,11,At Risk
C02992,169,3,16504.0,2,3,3,8,At Risk
C02993,229,9,22235.0,1,5,3,9,At Risk
C02994,116,3,9449.0,3,3,2,8,Loyal Customers
C02995,33,5,26541.0,4,4,4,12,Champions
C02996,50,2,12754.0,4,2,2,8,Potential Loyalists
C02997,107,15,110883.0,3,5,5,13,Loyal Customers
C02998,24,1,10695.0,5,1,2,8,Potential Loyalists
C02999,22,6,42201.0,5,4,5,14,Champions
C03000,423,1,3998.0,1,1,1,3,Lost
C03001,18,7,32115.0,5,4,4,13,Champions
C03002,5,4,19656.0,5,3,3,11,Loyal Customers
C03003,31,4,15773.0,4,3,3,10,Loyal Customers
C03004,66,7,52941.0,3,4,5,12,Loyal Customers
C03005,2,3,11015.0,5,3,2,10,Loyal Customers
C03006,264,8,15869.0,1,5,3,9,At Risk
C03007,38,1,3378.0,4,1,1,6,Potential Loyalists
C03008,499,5,16291.0,1,4,3,8,At Risk
C03009,412,6,18508.0,1,4,3,8,At Risk
C03010,54,2,12964.0,4,2,2,8,Potential Loyalists
C03011,193,4,15671.0,2,3,3,8,At Risk
C03012,32,1,7198.0,4,1,2,7,Potential Loyalists
C03013,29,1,2598.0,4,1,1,6,Potential Loyalists
C03014,165,13,44148.0,2,5,5,12,At Risk
C03015,45,2,15348.0,4,2,3,9,Potential Loyalists
C03016,29,8,33886.0,4,5,4,13,Champions
C03017,163,5,19879.0,2,4,3,9,At Risk
C03018,229,2,4628.0,1,2,1,4,Lost
C03019,317,1,1309.0,1,1,1,3,Lost
C03020,38,3,7525.0,4,3,2,9,Loyal Customers
C03021,554,2,15221.0,1,2,3,6,Lost
C03022,15,13,36061.0,5,5,4,14,Champions
C03023,31,9,73764.0,4,5,5,14,Champions
C03024,24,2,12264.0,5,2,2,9,Potential Loyalists
C03025,195,1,10626.0,2,1,2,5,Lost
C03026,7,1,14145.0,5,1,3,9,Potential Loyalists
C03027,54,5,47803.0,4,4,5,13,Champions
C03028,63,8,45181.0,3,5,5,13,Loyal Customers
C03029,207,5,15033.0,2,4,3,9,At Risk
C03030,51,7,23887.0,4,4,4,12,Champions
C03031,80,7,15837.0,3,4,3,10,Loyal Customers
C03032,478,5,59617.0,1,4,5,10,At Risk
C03033,51,3,9686.0,4,3,2,9,Loyal Customers
C03034,14,11,39415.0,5,5,4,14,Champions
C03035,6,1,339.0,5,1,1,7,Potential Loyalists
C03036,4,1,15013.0,5,1,3,9,Potential Loyalists
C03037,0,2,14075.0,5,2,3,10,Potential Loyalists
C03038,390,4,18201.0,1,3,3,7,At Risk
C03039,269,1,3548.0,1,1,1,3,Lost
C03040,291,1,1498.0,1,1,1,3,Lost
C03041,93,1,3037.0,3,1,1,5,Lost
C03042,27,3,24767.0,5,3,4,12,Loyal Customers
C03043,11,14,40868.0,5,5,4,14,Champions
C03044,90,3,18334.0,3,3,3,9,Loyal Customers
C03045,235,16,36799.0,1,5,4,10,At Risk
C03046,19,4,24673.0,5,3,4,12,Loyal Customers
C03047,18,1,2449.0,5,1,1,7,Potential Loyalists
C03048,7,6,49501.0,5,4,5,14,Champions
C03049,117,8,50484.0,2,5,5,12,At Risk
C03050,201,2,9854.0,2,2,2,6,Lost
C03051,8,2,12424.0,5,2,2,9,Potential Loyalists
C03052,126,3,15642.0,2,3,3,8,At Risk
C03053,43,2,15883.0,4,2,3,9,Potential Loyalists
C03054,268,4,8975.0,1,3,2,6,At Risk
C03055,179,3,11365.0,2,3,2,7,At Risk
C03056,119,7,27985.0,2,4,4,10,At Risk
C03057,93,14,165493.0,3,5,5,13,Loyal Customers
C03059,4,1,10355.0,5,1,2,8,Potential Loyalists
C03060,155,1,5538.0,2,1,1,4,Lost
C03061,141,1,6658.0,2,1,2,5,Lost
C03062,31,13,75863.0,4,5,5,14,Champions
C03063,333,1,5417.0,1,1,1,3,Lost
C03064,587,15,47970.0,1,5,5,11,At Risk
C03065,6,1,5918.0,5,1,1,7,Potential Loyalists
C03066,6,4,12093.0,5,3,2,10,Loyal Customers
C03067,291,4,32767.0,1,3,4,8,At Risk
C03068,51,17,70916.0,4,5,5,14,Champions
C03069,247,12,41443.0,1,5,4,10,At Risk
C03070,330,3,28215.0,1,3,4,8,At Risk
C03071,120,5,20332.0,2,4,3,9,At Risk
C03073,235,10,46909.0,1,5,5,11,At Risk
C03074,158,2,8695.0,2,2,2,6,Lost
C03075,239,2,5097.0,1,2,1,4,Lost
C03076,165,7,69180.0,2,4,5,11,At Risk
C03077,485,1,4998.0,1,1,1,3,Lost
C03078,55,5,15541.0,3,4,3,10,Loyal Customers
C03079,216,4,17441.0,1,3,3,7,At Risk
C03080,60,7,47286.0,3,4,5,12,Loyal Customers
C03081,82,2,10826.0,3,2,2,7,Lost
C03082,164,5,66228.0,2,4,5,11,At Risk
C03083,26,4,15274.0,5,3,3,11,Loyal Customers
C03084,85,4,9004.0,3,3,2,8,Loyal Customers
C03085,60,2,2998.0,3,2,1,6,Lost
C03086,48,13,80656.0,4,5,5,14,Champions
C03087,172,1,5758.0,2,1,1,4,Lost
C03088,14,2,7205.0,5,2,2,9,Potential Loyalists
C03089,159,1,6376.0,2,1,1,4,Lost
C03090,262,1,719.0,1,1,1,3,Lost
C03091,67,4,17148.0,3,3,3,9,Loyal Customers
C03092,87,1,4348.0,3,1,1,5,Lost
C03093,205,11,66902.0,2,5,5,12,At Risk
C03094,37,1,1039.0,4,1,1,6,Potential Loyalists
C03095,73,2,16643.0,3,2,3,8,Lost
C03096,157,2,9256.0,2,2,2,6,Lost
C03097,69,3,29338.0,3,3,4,10,Loyal Customers
C03098,388,12,31732.0,1,5,4,10,At Risk
C03099,23,1,2338.0,5,1,1,7,Potential Loyalists
C03100,53,5,22020.0,4,4,3,11,Loyal Customers
C03101,84,13,70849.0,3,5,5,13,Loyal Customers
C03102,36,1,8786.0,4,1,2,7,Potential Loyalists
C03103,26,4,14603.0,5,3,3,11,Loyal Customers
C03104,31,3,20280.0,4,3,3,10,Loyal Customers
C03105,117,11,39267.0,2,5,4,11,At Risk
C03106,121,2,23418.0,2,2,4,8,Lost
C03107,83,3,32410.0,3,3,4,10,Loyal Customers
C03108,20,1,2457.0,5,1,1,7,Potential Loyalists
C03109,7,2,11712.0,5,2,2,9,Potential Loyalists
C03110,190,10,51398.0,2,5,5,12,At Risk
C03111,375,6,14471.0,1,4,3,8,At Risk
C03112,51,14,33734.0,4,5,4,13,Champions
C03113,156,3,3766.0,2,3,1,6,At Risk
C03114,412,3,30181.0,1,3,4,8,At Risk
C03115,64,1,15533.0,3,1,3,7,Lost
C03116,159,1,12186.0,2,1,2,5,Lost
C03117,191,3,15450.0,2,3,3,8,At Risk
C03118,194,1,4188.0,2,1,1,4,Lost
C03119,41,5,11013.0,4,4,2,10,Loyal Customers
C03120,286,2,10715.0,1,2,2,5,Lost
C03121,67,2,4697.0,3,2,1,6,Lost
C03122,306,7,20060.0,1,4,3,8,At Risk
C03123,226,3,16650.0,1,3,3,7,At Risk
C03125,201,4,19250.0,2,3,3,8,At Risk
C03126,193,2,3245.0,2,2,1,5,Lost
C03127,26,2,13255.0,5,2,3,10,Potential Loyalists
C03128,231,1,2468.0,1,1,1,3,Lost
C03130,53,4,12303.0,4,3,2,9,Loyal Customers
C03131,179,8,57142.0,2,5,5,12,At Risk
C03132,37,12,47955.0,4,5,5,14,Champions
C03133,3,3,13273.0,5,3,3,11,Loyal Customers
C03134,56,5,48606.0,3,4,5,12,Loyal Customers
C03135,238,1,2457.0,1,1,1,3,Lost
C03136,145,4,27276.0,2,3,4,9,At Risk
C03137,175,4,10565.0,2,3,2,7,At Risk
C03138,141,2,6207.0,2,2,1,5,Lost
C03139,162,1,6658.0,2,1,2,5,Lost
C03140,16,1,1249.0,5,1,1,7,Potential Loyalists
C03141,88,1,6658.0,3,1,2,6,Lost
C03142,140,1,11342.0,2,1,2,5,Lost
C03143,68,4,19209.0,3,3,3,9,Loyal Customers
C03144,208,3,8224.0,2,3,2,7,At Risk
C03145,155,12,41899.0,2,5,5,12,At Risk
C03146,245,1,2448.0,1,1,1,3,Lost
C03147,139,4,16594.0,2,3,3,8,At Risk
C03148,302,4,26440.0,1,3,4,8,At Risk
C03149,40,4,20949.0,4,3,3,10,Loyal Customers
C03150,59,4,35195.0,3,3,4,10,Loyal Customers
C03151,200,2,4047.0,2,2,1,5,Lost
C03152,46,1,1309.0,4,1,1,6,Potential Loyalists
C03154,3,1,3987.0,5,1,1,7,Potential Loyalists
C03155,50,2,9033.0,4,2,2,8,Potential Loyalists
C03156,493,4,27906.0,1,3,4,8,At Risk
C03157,18,1,13523.0,5,1,3,9,Potential Loyalists
C03158,35,1,8396.0,4,1,2,7,Potential Loyalists
C03159,378,4,21293.0,1,3,3,7,At Risk
C03161,79,3,11113.0,3,3,2,8,Loyal Customers
C03162,38,2,11235.0,4,2,2,8,Potential Loyalists
C03163,181,1,1799.0,2,1,1,4,Lost
C03164,23,4,10894.0,5,3,2,10,Loyal Customers
C03165,257,5,72747.0,1,4,5,10,At Risk
C03166,427,1,1829.0,1,1,1,3,Lost
C03167,58,9,30465.0,3,5,4,12,Loyal Customers
C03168,68,3,11183.0,3,3,2,8,Loyal Customers
C03169,129,2,28136.0,2,2,4,8,Lost
C03170,32,3,3405.0,4,3,1,8,Loyal Customers
C03171,144,3,22459.0,2,3,3,8,At Risk
C03172,132,6,18612.0,2,4,3,9,At Risk
C03173,23,4,9912.0,5,3,2,10,Loyal Customers
C03174,57,6,70164.0,3,4,5,12,Loyal Customers
C03175,49,4,20847.0,4,3,3,10,Loyal Customers
C03176,172,3,6555.0,2,3,2,7,At Risk
C03177,183,1,3517.0,2,1,1,4,Lost
C03178,33,2,19053.0,4,2,3,9,Potential Loyalists
C03179,45,4,5815.0,4,3,1,8,Loyal Customers
C03180,180,1,11266.0,2,1,2,5,Lost
C03181,11,2,10544.0,5,2,2,9,Potential Loyalists
C03182,249,1,5328.0,1,1,1,3,Lost
C03183,47,3,11104.0,4,3,2,9,Loyal Customers
C03184,76,3,25052.0,3,3,4,10,Loyal Customers
C03185,343,3,51404.0,1,3,5,9,At Risk
C03187,124,1,3838.0,2,1,1,4,Lost
C03188,99,2,1368.0,3,2,1,6,Lost
C03189,183,7,20007.0,2,4,3,9,At Risk
C03190,3,1,1039.0,5,1,1,7,Potential Loyalists
C03191,44,5,37399.0,4,4,4,12,Champions
C03192,39,4,31808.0,4,3,4,11,Loyal Customers
C03193,169,9,55639.0,2,5,5,12,At Risk
C03194,53,3,17483.0,4,3,3,10,Loyal Customers
C03195,136,4,22948.0,2,3,4,9,At Risk
C03196,74,4,21667.0,3,3,3,9,Loyal Customers
C03198,229,5,17098.0,1,4,3,8,At Risk
C03199,11,3,15462.0,5,3,3,11,Loyal Customers
C03200,68,7,19111.0,3,4,3,10,Loyal Customers
C03201,218,1,9535.0,1,1,2,4,Lost
C03202,324,2,6047.0,1,2,1,4,Lost
C03203,109,1,13073.0,3,1,3,7,Lost
C03204,57,3,45790.0,3,3,5,11,Loyal Customers
C03205,4,4,23767.0,5,3,4,12,Loyal Customers
C03206,177,2,6577.0,2,2,2,6,Lost
C03207,32,8,21787.0,4,5,3,12,Loyal Customers
C03208,440,8,23618.0,1,5,4,10,At Risk
C03209,143,3,8855.0,2,3,2,7,At Risk
C03210,506,9,45170.0,1,5,5,11,At Risk
C03211,31,2,6386.0,4,2,1,7,Potential Loyalists
C03212,208,4,25247.0,2,3,4,9,At Risk
C03213,37,7,35453.0,4,4,4,12,Champions
C03214,332,15,146926.0,1,5,5,11,At Risk
C03215,255,7,17427.0,1,4,3,8,At Risk
C03216,55,6,18823.0,3,4,3,10,Loyal Customers
C03217,131,1,2018.0,2,1,1,4,Lost
C03218,293,4,21936.0,1,3,3,7,At Risk
C03219,218,4,13355.0,1,3,3,7,At Risk
C03220,12,3,22117.0,5,3,3,11,Loyal Customers
C03221,30,18,106829.0,4,5,5,14,Champions
C03222,67,4,31096.0,3,3,4,10,Loyal Customers
C03223,166,3,7467.0,2,3,2,7,At Risk
C03224,66,3,8346.0,3,3,2,8,Loyal Customers
C03225,119,6,54783.0,2,4,5,11,At Risk
C03226,88,1,3719.0,3,1,1,5,Lost
C03227,58,4,34175.0,3,3,4,10,Loyal Customers
C03228,332,3,13083.0,1,3,3,7,At Risk
C03229,211,1,5008.0,1,1,1,3,Lost
C03230,265,8,24584.0,1,5,4,10,At Risk
C03231,40,3,16544.0,4,3,3,10,Loyal Customers
C03232,162,1,3628.0,2,1,1,4,Lost
C03233,364,3,19909.0,1,3,3,7,At Risk
C03234,47,5,23870.0,4,4,4,12,Champions
C03235,171,5,19940.0,2,4,3,9,At Risk
C03236,224,2,7946.0,1,2,2,5,Lost
C03237,59,7,22467.0,3,4,3,10,Loyal Customers
C03238,59,3,23601.0,3,3,4,10,Loyal Customers
C03239,46,1,2919.0,4,1,1,6,Potential Loyalists
C03240,50,10,121200.0,4,5,5,14,Champions
C03241,143,4,42021.0,2,3,5,10,At Risk
C03242,73,7,78335.0,3,4,5,12,Loyal Customers
C03243,160,4,14074.0,2,3,3,8,At Risk
C03244,35,1,1508.0,4,1,1,6,Potential Loyalists
C03245,143,2,13963.0,2,2,3,7,Lost
C03246,20,17,61171.0,5,5,5,15,Champions
C03247,0,1,11157.0,5,1,2,8,Potential Loyalists
C03249,55,4,12724.0,3,3,2,8,Loyal Customers
C03250,47,16,85017.0,4,5,5,14,Champions
C03251,44,4,35456.0,4,3,4,11,Loyal Customers
C03252,260,12,101309.0,1,5,5,11,At Risk
C03253,300,1,17923.0,1,1,3,5,Lost
C03254,50,1,6487.0,4,1,1,6,Potential Loyalists
C03255,159,3,19454.0,2,3,3,8,At Risk
C03256,314,4,11154.0,1,3,2,6,At Risk
C03257,333,4,12694.0,1,3,2,6,At Risk
C03258,242,2,7047.0,1,2,2,5,Lost
C03259,8,1,4118.0,5,1,1,7,Potential Loyalists
C03260,58,3,9295.0,3,3,2,8,Loyal Customers
C03261,71,1,2838.0,3,1,1,5,Lost
C03262,16,3,30487.0,5,3,4,12,Loyal Customers
C03263,44,1,1448.0,4,1,1,6,Potential Loyalists
C03264,153,3,5896.0,2,3,1,6,At Risk
C03265,54,4,33586.0,4,3,4,11,Loyal Customers
C03266,88,4,36116.0,3,3,4,10,Loyal Customers
C03267,185,12,75474.0,2,5,5,12,At Risk
C03268,223,1,5587.0,1,1,1,3,Lost
C03269,155,3,42778.0,2,3,5,10,At Risk
C03270,19,14,96278.0,5,5,5,15,Champions
C03271,163,15,47615.0,2,5,5,12,At Risk
C03272,383,3,9106.0,1,3,2,6,At Risk
C03274,420,1,4788.0,1,1,1,3,Lost
C03275,143,3,7415.0,2,3,2,7,At Risk
C03276,367,10,52649.0,1,5,5,11,At Risk
C03277,144,10,38972.0,2,5,4,11,At Risk
C03278,54,3,7616.0,4,3,2,9,Loyal Customers
C03279,236,3,11195.0,1,3,2,6,At Risk
C03280,58,5,28957.0,3,4,4,11,Loyal Customers
C03281,54,6,59302.0,4,4,5,13,Champions
C03282,129,7,15140.0,2,4,3,9,At Risk
C03283,5,7,63694.0,5,4,5,14,Champions
C03284,128,3,5346.0,2,3,1,6,At Risk
C03285,179,5,31744.0,2,4,4,10,At Risk
C03286,22,3,2667.0,5,3,1,9,Loyal Customers
C03287,233,1,3189.0,1,1,1,3,Lost
C03288,82,8,66797.0,3,5,5,13,Loyal Customers
C03289,55,4,25879.0,3,3,4,10,Loyal Customers
C03290,2,3,13741.0,5,3,3,11,Loyal Customers
C03291,51,1,279.0,4,1,1,6,Potential Loyalists
C03292,27,8,25448.0,5,5,4,14,Champions
C03293,372,2,17522.0,1,2,3,6,Lost
C03294,17,3,8056.0,5,3,2,10,Loyal Customers
C03295,38,4,23056.0,4,3,4,11,Loyal Customers
C03296,53,5,38262.0,4,4,4,12,Champions
C03297,186,1,1229.0,2,1,1,4,Lost
C03298,211,5,52871.0,1,4,5,10,At Risk
C03299,6,5,17953.0,5,4,3,12,Loyal Customers
C03300,200,4,20657.0,2,3,3,8,At Risk
C03301,33,10,51907.0,4,5,5,14,Champions
C03302,173,4,52141.0,2,3,5,10,At Risk
C03303,32,3,4436.0,4,3,1,8,Loyal Customers
C03304,2,1,5558.0,5,1,1,7,Potential Loyalists
C03305,58,10,42129.0,3,5,5,13,Loyal Customers
C03307,434,2,7456.0,1,2,2,5,Lost
C03308,217,4,11938.0,1,3,2,6,At Risk
C03309,393,4,37967.0,1,3,4,8,At Risk
C03310,115,3,16560.0,3,3,3,9,Loyal Customers
C03311,134,15,49685.0,2,5,5,12,At Risk
C03312,19,6,19289.0,5,4,3,12,Loyal Customers
C03313,250,1,12565.0,1,1,2,4,Lost
C03314,83,12,45347.0,3,5,5,13,Loyal Customers
C03315,97,6,25992.0,3,4,4,11,Loyal Customers
C03316,213,4,19830.0,1,3,3,7,At Risk
C03317,32,7,57660.0,4,4,5,13,Champions
C03318,181,3,27398.0,2,3,4,9,At Risk
C03319,27,5,18820.0,5,4,3,12,Loyal Customers
C03320,163,5,31428.0,2,4,4,10,At Risk
C03321,98,4,13403.0,3,3,3,9,Loyal Customers
C03322,24,8,24246.0,5,5,4,14,Champions
C03323,24,6,37539.0,5,4,4,13,Champions
C03324,34,4,11063.0,4,3,2,9,Loyal Customers
C03325,503,1,4658.0,1,1,1,3,Lost
C03326,120,6,23768.0,2,4,4,10,At Risk
C03327,36,1,4898.0,4,1,1,6,Potential Loyalists
C03328,30,2,3937.0,4,2,1,7,Potential Loyalists
C03329,0,6,19601.0,5,4,3,12,Loyal Customers
C03330,220,4,17003.0,1,3,3,7,At Risk
C03331,105,4,40810.0,3,3,4,10,Loyal Customers
C03332,184,4,45619.0,2,3,5,10,At Risk
C03333,9,3,11502.0,5,3,2,10,Loyal Customers
C03334,14,13,146410.0,5,5,5,15,Champions
C03335,441,1,2218.0,1,1,1,3,Lost
C03336,187,1,1059.0,2,1,1,4,Lost
C03337,101,1,4888.0,3,1,1,5,Lost
C03338,42,2,6246.0,4,2,1,7,Potential Loyalists
C03339,57,5,28773.0,3,4,4,11,Loyal Customers
C03340,193,1,6375.0,2,1,1,4,Lost
C03341,2,4,26897.0,5,3,4,12,Loyal Customers
C03343,29,8,21797.0,4,5,3,12,Loyal Customers
C03344,304,2,15554.0,1,2,3,6,Lost
C03345,28,2,5227.0,4,2,1,7,Potential Loyalists
C03346,102,6,24341.0,3,4,4,11,Loyal Customers
C03347,118,2,5316.0,2,2,1,5,Lost
C03348,60,1,2858.0,3,1,1,5,Lost
C03349,18,6,14193.0,5,4,3,12,Loyal Customers
C03350,38,8,24025.0,4,5,4,13,Champions
C03351,288,9,42120.0,1,5,5,11,At Risk
C03352,279,3,6856.0,1,3,2,6,At Risk
C03353,160,6,39288.0,2,4,4,10,At Risk
C03354,352,2,23589.0,1,2,4,7,Lost
C03355,13,11,62316.0,5,5,5,15,Champions
C03356,20,13,33597.0,5,5,4,14,Champions
C03357,120,5,11973.0,2,4,2,8,At Risk
C03359,101,1,3398.0,3,1,1,5,Lost
C03360,44,1,4767.0,4,1,1,6,Potential Loyalists
C03361,31,2,6787.0,4,2,2,8,Potential Loyalists
C03362,38,4,35721.0,4,3,4,11,Loyal Customers
C03363,47,6,24255.0,4,4,4,12,Champions
C03364,259,2,9175.0,1,2,2,5,Lost
C03365,52,4,11674.0,4,3,2,9,Loyal Customers
C03366,13,7,26258.0,5,4,4,13,Champions
C03367,152,1,4028.0,2,1,1,4,Lost
C03368,323,3,35533.0,1,3,4,8,At Risk
C03369,74,7,20618.0,3,4,3,10,Loyal Customers
C03370,41,8,17755.0,4,5,3,12,Loyal Customers
C03371,224,1,3958.0,1,1,1,3,Lost
C03372,499,7,43750.0,1,4,5,10,At Risk
C03373,46,4,19681.0,4,3,3,10,Loyal Customers
C03374,278,8,47253.0,1,5,5,11,At Risk
C03375,50,15,185720.0,4,5,5,14,Champions
C03376,120,2,11965.0,2,2,2,6,Lost
C03377,39,3,11034.0,4,3,2,9,Loyal Customers
C03378,93,3,21402.0,3,3,3,9,Loyal Customers
C03379,112,9,65907.0,3,5,5,13,Loyal Customers
C03380,64,5,32024.0,3,4,4,11,Loyal Customers
C03381,563,14,98095.0,1,5,5,11,At Risk
C03382,502,1,7517.0,1,1,2,4,Lost
C03383,160,1,7327.0,2,1,2,5,Lost
C03384,48,16,71167.0,4,5,5,14,Champions
C03385,89,2,6766.0,3,2,2,7,Lost
C03386,220,1,1259.0,1,1,1,3,Lost
C03387,71,6,29389.0,3,4,4,11,Loyal Customers
C03388,425,5,16112.0,1,4,3,8,At Risk
C03390,78,1,7927.0,3,1,2,6,Lost
C03391,72,7,49539.0,3,4,5,12,Loyal Customers
C03392,263,1,2319.0,1,1,1,3,Lost
C03393,192,1,3908.0,2,1,1,4,Lost
C03394,56,8,72928.0,3,5,5,13,Loyal Customers
C03395,157,12,81565.0,2,5,5,12,At Risk
C03396,81,3,6835.0,3,3,2,8,Loyal Customers
C03397,536,6,18290.0,1,4,3,8,At Risk
C03398,535,1,1718.0,1,1,1,3,Lost
C03399,329,8,56240.0,1,5,5,11,At Risk
C03400,50,4,9024.0,4,3,2,9,Loyal Customers
C03401,0,3,11432.0,5,3,2,10,Loyal Customers
C03402,122,1,2019.0,2,1,1,4,Lost
C03403,96,3,7644.0,3,3,2,8,Loyal Customers
C03404,176,7,19618.0,2,4,3,9,At Risk
C03405,188,5,76785.0,2,4,5,11,At Risk
C03406,33,7,22966.0,4,4,4,12,Champions
C03407,25,4,22910.0,5,3,4,12,Loyal Customers
C03408,37,3,7935.0,4,3,2,9,Loyal Customers
C03409,42,4,23386.0,4,3,4,11,Loyal Customers
C03410,211,12,32659.0,1,5,4,10,At Risk
C03411,78,1,5097.0,3,1,1,5,Lost
C03413,82,2,4747.0,3,2,1,6,Lost
C03414,81,5,14911.0,3,4,3,10,Loyal Customers
C03415,128,3,14762.0,2,3,3,8,At Risk
C03416,11,9,39144.0,5,5,4,14,Champions
C03417,99,6,34118.0,3,4,4,11,Loyal Customers
C03418,181,1,5117.0,2,1,1,4,Lost
C03419,187,6,20389.0,2,4,3,9,At Risk
C03420,19,5,17808.0,5,4,3,12,Loyal Customers
C03421,367,3,7696.0,1,3,2,6,At Risk
C03422,197,5,27779.0,2,4,4,10,At Risk
C03423,320,6,26489.0,1,4,4,9,At Risk
C03424,138,3,11184.0,2,3,2,7,At Risk
C03425,52,6,24767.0,4,4,4,12,Champions
C03426,35,3,11834.0,4,3,2,9,Loyal Customers
C03427,533,3,8095.0,1,3,2,6,At Risk
C03428,22,1,1119.0,5,1,1,7,Potential Loyalists
C03429,58,2,4057.0,3,2,1,6,Lost
C03430,180,5,67389.0,2,4,5,11,At Risk
C03431,48,7,26887.0,4,4,4,12,Champions
C03432,88,10,57486.0,3,5,5,13,Loyal Customers
C03433,92,4,41024.0,3,3,4,10,Loyal Customers
C03434,56,3,8465.0,3,3,2,8,Loyal Customers
C03435,57,4,6806.0,3,3,2,8,Loyal Customers
C03436,16,11,76715.0,5,5,5,15,Champions
C03437,187,8,48021.0,2,5,5,12,At Risk
C03438,190,13,38889.0,2,5,4,11,At Risk
C03439,416,1,11875.0,1,1,2,4,Lost
C03440,24,2,2717.0,5,2,1,8,Potential Loyalists
C03441,180,2,2997.0,2,2,1,5,Lost
C03442,44,6,41366.0,4,4,4,12,Champions
C03443,206,4,66397.0,2,3,5,10,At Risk
C03444,529,2,33544.0,1,2,4,7,Lost
C03445,2,10,28984.0,5,5,4,14,Champions
C03446,409,4,33092.0,1,3,4,8,At Risk
C03447,31,9,92392.0,4,5,5,14,Champions
C03448,107,4,41286.0,3,3,4,10,Loyal Customers
C03449,104,2,14152.0,3,2,3,8,Lost
C03450,107,1,828.0,3,1,1,5,Lost
C03451,5,2,6057.0,5,2,1,8,Potential Loyalists
C03452,50,1,11395.0,4,1,2,7,Potential Loyalists
C03453,82,1,4426.0,3,1,1,5,Lost
C03454,76,1,1249.0,3,1,1,5,Lost
C03455,67,15,172965.0,3,5,5,13,Loyal Customers
C03456,17,2,9367.0,5,2,2,9,Potential Loyalists
C03457,258,9,20539.0,1,5,3,9,At Risk
C03458,8,2,7487.0,5,2,2,9,Potential Loyalists
C03459,219,3,10564.0,1,3,2,6,At Risk
C03460,378,8,74557.0,1,5,5,11,At Risk
C03461,59,3,33867.0,3,3,4,10,Loyal Customers
C03462,30,3,12505.0,4,3,2,9,Loyal Customers
C03463,15,2,11926.0,5,2,2,9,Potential Loyalists
C03464,453,15,140123.0,1,5,5,11,At Risk
C03465,69,2,8076.0,3,2,2,7,Lost
C03466,1,5,15412.0,5,4,3,12,Loyal Customers
C03467,62,17,155520.0,3,5,5,13,Loyal Customers
C03468,18,4,21700.0,5,3,3,11,Loyal Customers
C03469,121,1,5508.0,2,1,1,4,Lost
C03470,116,4,24098.0,3,3,4,10,Loyal Customers
C03471,210,2,10527.0,2,2,2,6,Lost
C03472,38,9,28443.0,4,5,4,13,Champions
C03473,195,5,22241.0,2,4,3,9,At Risk
C03474,398,8,87949.0,1,5,5,11,At Risk
C03475,41,1,7474.0,4,1,2,7,Potential Loyalists
C03476,9,3,34889.0,5,3,4,12,Loyal Customers
C03477,134,1,2319.0,2,1,1,4,Lost
C03478,206,9,51340.0,2,5,5,12,At Risk
C03479,60,3,16984.0,3,3,3,9,Loyal Customers
C03480,22,9,19320.0,5,5,3,13,Loyal Customers
C03481,38,14,55151.0,4,5,5,14,Champions
C03482,305,2,13785.0,1,2,3,6,Lost
C03483,130,6,15901.0,2,4,3,9,At Risk
C03484,1,6,35148.0,5,4,4,13,Champions
C03485,12,6,17299.0,5,4,3,12,Loyal Customers
C03486,26,13,50257.0,5,5,5,15,Champions
C03487,33,7,40337.0,4,4,4,12,Champions
C03488,72,2,11865.0,3,2,2,7,Lost
C03489,50,8,43275.0,4,5,5,14,Champions
C03490,75,2,13603.0,3,2,3,8,Lost
C03491,33,8,54821.0,4,5,5,14,Champions
C03492,123,1,1298.0,2,1,1,4,Lost
C03493,1,3,12244.0,5,3,2,10,Loyal Customers
C03495,0,4,10715.0,5,3,2,10,Loyal Customers
C03496,255,6,46674.0,1,4,5,10,At Risk
C03497,19,13,76126.0,5,5,5,15,Champions
C03498,5,4,34755.0,5,3,4,12,Loyal Customers
C03499,34,3,27668.0,4,3,4,11,Loyal Customers
C03500,71,6,28369.0,3,4,4,11,Loyal Customers
C03501,95,2,3087.0,3,2,1,6,Lost
C03502,116,1,3048.0,3,1,1,5,Lost
C03503,242,1,2349.0,1,1,1,3,Lost
C03504,3,2,9157.0,5,2,2,9,Potential Loyalists
C03505,6,14,77362.0,5,5,5,15,Champions
C03506,209,5,15861.0,2,4,3,9,At Risk
C03507,54,5,11933.0,4,4,2,10,Loyal Customers
C03508,337,2,24119.0,1,2,4,7,Lost
C03509,169,1,1109.0,2,1,1,4,Lost
C03510,191,4,10494.0,2,3,2,7,At Risk
C03511,168,4,47220.0,2,3,5,10,At Risk
C03512,0,4,30256.0,5,3,4,12,Loyal Customers
C03513,100,5,21544.0,3,4,3,10,Loyal Customers
C03514,18,1,1109.0,5,1,1,7,Potential Loyalists
C03516,230,9,67440.0,1,5,5,11,At Risk
C03517,56,4,28184.0,3,3,4,10,Loyal Customers
C03518,55,6,38889.0,3,4,4,11,Loyal Customers
C03519,229,4,12345.0,1,3,2,6,At Risk
C03520,27,6,52154.0,5,4,5,14,Champions
C03521,70,4,13941.0,3,3,3,9,Loyal Customers
C03522,49,3,28809.0,4,3,4,11,Loyal Customers
C03523,376,3,21092.0,1,3,3,7,At Risk
C03524,124,3,14712.0,2,3,3,8,At Risk
C03525,197,1,4417.0,2,1,1,4,Lost
C03526,165,2,12113.0,2,2,2,6,Lost
C03527,121,8,30606.0,2,5,4,11,At Risk
C03528,234,8,15348.0,1,5,3,9,At Risk
C03530,32,5,14732.0,4,4,3,11,Loyal Customers
C03531,150,14,169572.0,2,5,5,12,At Risk
C03532,270,6,23691.0,1,4,4,9,At Risk
C03533,120,3,12915.0,2,3,2,7,At Risk
C03534,70,1,4257.0,3,1,1,5,Lost
C03535,144,7,25379.0,2,4,4,10,At Risk
C03536,50,13,40567.0,4,5,4,13,Champions
C03537,48,4,32984.0,4,3,4,11,Loyal Customers
C03538,67,2,5007.0,3,2,1,6,Lost
C03539,456,13,35455.0,1,5,4,10,At Risk
C03540,222,2,8474.0,1,2,2,5,Lost
C03541,511,10,31634.0,1,5,4,10,At Risk
C03542,147,5,31476.0,2,4,4,10,At Risk
C03543,39,6,34792.0,4,4,4,12,Champions
C03544,160,1,4767.0,2,1,1,4,Lost
C03545,97,2,4695.0,3,2,1,6,Lost
C03546,56,4,23686.0,3,3,4,10,Loyal Customers
C03547,104,4,26871.0,3,3,4,10,Loyal Customers
C03548,30,1,4537.0,4,1,1,6,Potential Loyalists
C03549,16,3,24858.0,5,3,4,12,Loyal Customers
C03550,60,1,12563.0,3,1,2,6,Lost
C03551,64,3,8706.0,3,3,2,8,Loyal Customers
C03552,23,4,17317.0,5,3,3,11,Loyal Customers
C03553,212,1,4587.0,1,1,1,3,Lost
C03554,42,12,123578.0,4,5,5,14,Champions
C03555,198,2,34127.0,2,2,4,8,Lost
C03556,417,5,33300.0,1,4,4,9,At Risk
C03557,170,1,3129.0,2,1,1,4,Lost
C03558,8,11,63739.0,5,5,5,15,Champions
C03559,383,2,17282.0,1,2,3,6,Lost
C03560,278,5,18471.0,1,4,3,8,At Risk
C03561,229,6,14942.0,1,4,3,8,At Risk
C03562,138,3,9325.0,2,3,2,7,At Risk
C03563,51,1,1679.0,4,1,1,6,Potential Loyalists
C03564,14,1,3958.0,5,1,1,7,Potential Loyalists
C03565,256,18,258565.0,1,5,5,11,At Risk
C03566,261,10,28654.0,1,5,4,10,At Risk
C03567,11,15,94335.0,5,5,5,15,Champions
C03568,198,4,9006.0,2,3,2,7,At Risk
C03569,39,4,15092.0,4,3,3,10,Loyal Customers
C03570,142,2,6406.0,2,2,1,5,Lost
C03571,5,4,21642.0,5,3,3,11,Loyal Customers
C03572,582,1,3928.0,1,1,1,3,Lost
C03573,146,2,5066.0,2,2,1,5,Lost
C03574,111,12,53575.0,3,5,5,13,Loyal Customers
C03575,43,8,25948.0,4,5,4,13,Champions
C03576,51,2,7126.0,4,2,2,8,Potential Loyalists
C03577,197,1,3599.0,2,1,1,4,Lost
C03578,36,6,59114.0,4,4,5,13,Champions
C03579,188,4,12514.0,2,3,2,7,At Risk
C03580,414,8,29259.0,1,5,4,10,At Risk
C03581,156,3,9644.0,2,3,2,7,At Risk
C03582,162,8,12610.0,2,5,2,9,At Risk
C03583,25,3,10845.0,5,3,2,10,Loyal Customers
C03584,18,1,9626.0,5,1,2,8,Potential Loyalists
C03585,156,14,89815.0,2,5,5,12,At Risk
C03586,561,3,11595.0,1,3,2,6,At Risk
C03587,90,4,16432.0,3,3,3,9,Loyal Customers
C03588,36,10,70553.0,4,5,5,14,Champions
C03589,310,5,12582.0,1,4,2,7,At Risk
C03590,318,1,3008.0,1,1,1,3,Lost
C03591,196,1,5617.0,2,1,1,4,Lost
C03592,249,7,20631.0,1,4,3,8,At Risk
C03593,46,15,111887.0,4,5,5,14,Champions
C03594,224,9,119931.0,1,5,5,11,At Risk
C03595,12,2,5187.0,5,2,1,8,Potential Loyalists
C03596,37,8,110848.0,4,5,5,14,Champions
C03597,31,8,44534.0,4,5,5,14,Champions
C03598,248,2,5626.0,1,2,1,4,Lost
C03599,268,1,2449.0,1,1,1,3,Lost
C03600,194,5,74295.0,2,4,5,11,At Risk
C03601,84,1,3678.0,3,1,1,5,Lost
C03603,107,1,9365.0,3,1,2,6,Lost
C03604,151,7,35339.0,2,4,4,10,At Risk
C03605,155,7,24985.0,2,4,4,10,At Risk
C03606,196,5,38640.0,2,4,4,10,At Risk
C03607,155,2,15693.0,2,2,3,7,Lost
C03608,15,1,6517.0,5,1,2,8,Potential Loyalists
C03609,208,3,12939.0,2,3,2,7,At Risk
C03610,61,1,3358.0,3,1,1,5,Lost
C03611,113,3,9693.0,3,3,2,8,Loyal Customers
C03612,99,12,35782.0,3,5,4,12,Loyal Customers
C03613,215,1,4088.0,1,1,1,3,Lost
C03614,482,1,12896.0,1,1,2,4,Lost
C03615,234,3,11505.0,1,3,2,6,At Risk
C03616,560,15,86368.0,1,5,5,11,At Risk
C03617,202,4,70963.0,2,3,5,10,At Risk
C03618,78,4,9775.0,3,3,2,8,Loyal Customers
C03619,266,8,73956.0,1,5,5,11,At Risk
C03620,206,1,14536.0,2,1,3,6,Lost
C03621,226,3,10631.0,1,3,2,6,At Risk
C03622,63,1,2848.0,3,1,1,5,Lost
C03623,47,4,31033.0,4,3,4,11,Loyal Customers
C03624,114,3,18142.0,3,3,3,9,Loyal Customers
C03625,73,7,29827.0,3,4,4,11,Loyal Customers
C03626,110,1,2129.0,3,1,1,5,Lost
C03627,164,3,26636.0,2,3,4,9,At Risk
C03628,175,3,10624.0,2,3,2,7,At Risk
C03629,38,7,52687.0,4,4,5,13,Champions
C03630,426,5,11184.0,1,4,2,7,At Risk
C03631,175,8,39614.0,2,5,4,11,At Risk
C03632,211,4,49051.0,1,3,5,9,At Risk
C03633,21,6,31125.0,5,4,4,13,Champions
C03634,251,1,4885.0,1,1,1,3,Lost
C03635,176,1,5338.0,2,1,1,4,Lost
C03636,4,16,233974.0,5,5,5,15,Champions
C03637,479,1,8146.0,1,1,2,4,Lost
C03638,121,1,4676.0,2,1,1,4,Lost
C03639,4,8,57473.0,5,5,5,15,Champions
C03640,10,1,8976.0,5,1,2,8,Potential Loyalists
C03641,338,4,13232.0,1,3,3,7,At Risk
C03642,232,11,69801.0,1,5,5,11,At Risk
C03643,164,4,26784.0,2,3,4,9,At Risk
C03644,341,3,21551.0,1,3,3,7,At Risk
C03645,285,7,29845.0,1,4,4,9,At Risk
C03646,26,2,4507.0,5,2,1,8,Potential Loyalists
C03647,11,5,36330.0,5,4,4,13,Champions
C03648,148,4,18482.0,2,3,3,8,At Risk
C03649,111,3,19798.0,3,3,3,9,Loyal Customers
C03650,38,3,10466.0,4,3,2,9,Loyal Customers
C03651,137,14,82897.0,2,5,5,12,At Risk
C03652,49,11,98043.0,4,5,5,14,Champions
C03653,41,13,41335.0,4,5,4,13,Champions
C03654,34,13,45614.0,4,5,5,14,Champions
C03655,113,1,3438.0,3,1,1,5,Lost
C03656,265,10,43001.0,1,5,5,11,At Risk
C03657,95,2,5817.0,3,2,1,6,Lost
C03658,361,1,7455.0,1,1,2,4,Lost
C03659,44,3,72453.0,4,3,5,12,Loyal Customers
C03660,43,14,35542.0,4,5,4,13,Champions
C03661,56,10,32965.0,3,5,4,12,Loyal Customers
C03662,54,7,27315.0,4,4,4,12,Champions
C03663,5,3,20920.0,5,3,3,11,Loyal Customers
C03664,135,5,15101.0,2,4,3,9,At Risk
C03665,39,1,4268.0,4,1,1,6,Potential Loyalists
C03666,331,2,12124.0,1,2,2,5,Lost
C03667,52,15,110131.0,4,5,5,14,Champions
C03668,83,2,13322.0,3,2,3,8,Lost
C03669,50,10,52140.0,4,5,5,14,Champions
C03670,44,3,13872.0,4,3,3,10,Loyal Customers
C03671,57,3,12764.0,3,3,2,8,Loyal Customers
C03672,61,2,6635.0,3,2,2,7,Lost
C03674,9,5,34910.0,5,4,4,13,Champions
C03676,85,17,85200.0,3,5,5,13,Loyal Customers
C03677,32,15,48939.0,4,5,5,14,Champions
C03678,43,3,16782.0,4,3,3,10,Loyal Customers
C03679,89,9,57047.0,3,5,5,13,Loyal Customers
C03680,422,2,6396.0,1,2,1,4,Lost
C03681,263,4,26186.0,1,3,4,8,At Risk
C03682,71,11,72675.0,3,5,5,13,Loyal Customers
C03683,8,2,13696.0,5,2,3,10,Potential Loyalists
C03684,21,1,16262.0,5,1,3,9,Potential Loyalists
C03685,11,7,48912.0,5,4,5,14,Champions
C03686,56,14,83940.0,3,5,5,13,Loyal Customers
C03687,60,5,14290.0,3,4,3,10,Loyal Customers
C03688,19,1,11136.0,5,1,2,8,Potential Loyalists
C03689,32,3,9535.0,4,3,2,9,Loyal Customers
C03690,537,5,35200.0,1,4,4,9,At Risk
C03691,19,13,81108.0,5,5,5,15,Champions
C03692,49,2,8426.0,4,2,2,8,Potential Loyalists
C03693,9,2,5546.0,5,2,1,8,Potential Loyalists
C03694,73,1,3288.0,3,1,1,5,Lost
C03695,56,3,8194.0,3,3,2,8,Loyal Customers
C03696,99,8,22033.0,3,5,3,11,Loyal Customers
C03697,58,8,41145.0,3,5,4,12,Loyal Customers
C03698,39,4,54605.0,4,3,5,12,Loyal Customers
C03699,54,1,8178.0,4,1,2,7,Potential Loyalists
C03700,25,6,13962.0,5,4,3,12,Loyal Customers
C03701,73,11,33083.0,3,5,4,12,Loyal Customers
C03702,28,1,10683.0,4,1,2,7,Potential Loyalists
C03703,219,1,1788.0,1,1,1,3,Lost
C03704,54,1,1178.0,4,1,1,6,Potential Loyalists
C03705,1,6,32931.0,5,4,4,13,Champions
C03706,72,2,6187.0,3,2,1,6,Lost
C03707,86,1,3288.0,3,1,1,5,Lost
C03708,81,1,6156.0,3,1,1,5,Lost
C03709,184,7,41004.0,2,4,4,10,At Risk
C03710,180,1,5096.0,2,1,1,4,Lost
C03711,112,1,1169.0,3,1,1,5,Lost
C03712,199,3,11643.0,2,3,2,7,At Risk
C03713,10,2,4997.0,5,2,1,8,Potential Loyalists
C03714,86,3,7345.0,3,3,2,8,Loyal Customers
C03715,40,8,29007.0,4,5,4,13,Champions
C03716,37,9,36181.0,4,5,4,13,Champions
C03717,38,8,30294.0,4,5,4,13,Champions
C03718,28,2,16083.0,4,2,3,9,Potential Loyalists
C03719,141,13,79255.0,2,5,5,12,At Risk
C03720,329,1,3828.0,1,1,1,3,Lost
C03722,197,1,17613.0,2,1,3,6,Lost
C03723,178,8,18803.0,2,5,3,10,At Risk
C03724,70,7,38584.0,3,4,4,11,Loyal Customers
C03725,12,3,20708.0,5,3,3,11,Loyal Customers
C03726,173,1,3756.0,2,1,1,4,Lost
C03727,111,4,18287.0,3,3,3,9,Loyal Customers
C03728,56,1,4368.0,3,1,1,5,Lost
C03729,337,5,62076.0,1,4,5,10,At Risk
C03730,97,1,3658.0,3,1,1,5,Lost
C03731,6,14,40747.0,5,5,4,14,Champions
C03732,52,1,3188.0,4,1,1,6,Potential Loyalists
C03733,81,6,38300.0,3,4,4,11,Loyal Customers
C03734,254,1,4408.0,1,1,1,3,Lost
C03735,2,11,27944.0,5,5,4,14,Champions
C03736,222,11,42199.0,1,5,5,11,At Risk
C03737,511,8,48704.0,1,5,5,11,At Risk
C03738,61,3,10906.0,3,3,2,8,Loyal Customers
C03739,35,11,36661.0,4,5,4,13,Champions
C03740,132,3,23554.0,2,3,4,9,At Risk
C03741,55,1,3227.0,3,1,1,5,Lost
C03742,49,9,27686.0,4,5,4,13,Champions
C03743,113,1,10446.0,3,1,2,6,Lost
C03744,184,1,16131.0,2,1,3,6,Lost
C03745,0,10,40640.0,5,5,4,14,Champions
C03746,85,8,65158.0,3,5,5,13,Loyal Customers
C03747,208,8,59435.0,2,5,5,12,At Risk
C03748,61,11,43749.0,3,5,5,13,Loyal Customers
C03749,82,3,11425.0,3,3,2,8,Loyal Customers
C03750,82,2,10836.0,3,2,2,7,Lost
C03752,56,7,23426.0,3,4,4,11,Loyal Customers
C03753,171,15,46926.0,2,5,5,12,At Risk
C03754,23,6,33899.0,5,4,4,13,Champions
C03755,187,3,8814.0,2,3,2,7,At Risk
C03756,88,14,82782.0,3,5,5,13,Loyal Customers
C03757,297,6,94525.0,1,4,5,10,At Risk
C03758,184,1,9738.0,2,1,2,5,Lost
C03759,340,6,41878.0,1,4,5,10,At Risk
C03760,49,3,9502.0,4,3,2,9,Loyal Customers
C03761,36,1,1438.0,4,1,1,6,Potential Loyalists
C03762,419,5,18477.0,1,4,3,8,At Risk
C03763,142,5,73917.0,2,4,5,11,At Risk
C03764,25,8,28376.0,5,5,4,14,Champions
C03765,451,1,3628.0,1,1,1,3,Lost
C03766,42,10,28436.0,4,5,4,13,Champions
C03767,141,15,101937.0,2,5,5,12,At Risk
C03768,586,7,54511.0,1,4,5,10,At Risk
C03769,204,3,12103.0,2,3,2,7,At Risk
C03770,309,3,7066.0,1,3,2,6,At Risk
C03771,181,12,109652.0,2,5,5,12,At Risk
C03772,13,12,72703.0,5,5,5,15,Champions
C03773,49,10,30361.0,4,5,4,13,Champions
C03774,42,4,26737.0,4,3,4,11,Loyal Customers
C03775,316,4,57918.0,1,3,5,9,At Risk
C03776,171,17,49186.0,2,5,5,12,At Risk
C03777,132,6,21849.0,2,4,3,9,At Risk
C03778,55,2,5788.0,3,2,1,6,Lost
C03779,527,3,8115.0,1,3,2,6,At Risk
C03780,18,15,48217.0,5,5,5,15,Champions
C03781,31,6,35093.0,4,4,4,12,Champions
C03782,23,3,19334.0,5,3,3,11,Loyal Customers
C03783,480,5,13234.0,1,4,3,8,At Risk
C03784,113,1,10524.0,3,1,2,6,Lost
C03785,482,4,15744.0,1,3,3,7,At Risk
C03786,44,4,49084.0,4,3,5,12,Loyal Customers
C03787,13,3,30333.0,5,3,4,12,Loyal Customers
C03788,56,2,16053.0,3,2,3,8,Lost
C03789,71,4,17920.0,3,3,3,9,Loyal Customers
C03790,343,4,16153.0,1,3,3,7,At Risk
C03792,150,15,91598.0,2,5,5,12,At Risk
C03793,44,2,16002.0,4,2,3,9,Potential Loyalists
C03794,70,4,16832.0,3,3,3,9,Loyal Customers
C03795,6,7,27254.0,5,4,4,13,Champions
C03796,92,2,7286.0,3,2,2,7,Lost
C03797,19,3,12114.0,5,3,2,10,Loyal Customers
C03798,0,1,5397.0,5,1,1,7,Potential Loyalists
C03799,56,8,30275.0,3,5,4,12,Loyal Customers
C03800,46,1,2309.0,4,1,1,6,Potential Loyalists
C03801,75,4,11002.0,3,3,2,8,Loyal Customers
C03802,52,2,12055.0,4,2,2,8,Potential Loyalists
C03803,97,2,13084.0,3,2,3,8,Lost
C03804,271,5,78514.0,1,4,5,10,At Risk
C03805,24,6,79376.0,5,4,5,14,Champions
C03806,261,11,42960.0,1,5,5,11,At Risk
C03807,514,5,54941.0,1,4,5,10,At Risk
C03808,37,2,11325.0,4,2,2,8,Potential Loyalists
C03809,47,10,61446.0,4,5,5,14,Champions
C03810,107,2,22492.0,3,2,3,8,Lost
C03811,221,2,18852.0,1,2,3,6,Lost
C03812,0,3,8865.0,5,3,2,10,Loyal Customers
C03813,72,3,8735.0,3,3,2,8,Loyal Customers
C03814,31,1,17693.0,4,1,3,8,Potential Loyalists
C03815,320,7,85182.0,1,4,5,10,At Risk
C03816,24,1,2319.0,5,1,1,7,Potential Loyalists
C03817,49,7,39469.0,4,4,4,12,Champions
C03818,155,1,7496.0,2,1,2,5,Lost
C03819,43,1,549.0,4,1,1,6,Potential Loyalists
C03820,44,5,42476.0,4,4,5,13,Champions
C03821,159,5,18271.0,2,4,3,9,At Risk
C03822,26,13,49305.0,5,5,5,15,Champions
C03823,129,1,9655.0,2,1,2,5,Lost
C03824,52,4,35301.0,4,3,4,11,Loyal Customers
C03825,52,6,18921.0,4,4,3,11,Loyal Customers
C03826,35,1,7826.0,4,1,2,7,Potential Loyalists
C03827,362,3,14123.0,1,3,3,7,At Risk
C03828,7,4,11864.0,5,3,2,10,Loyal Customers
C03829,141,3,7836.0,2,3,2,7,At Risk
C03830,123,3,16851.0,2,3,3,8,At Risk
C03831,27,4,7575.0,5,3,2,10,Loyal Customers
C03832,148,18,47491.0,2,5,5,12,At Risk
C03833,32,1,7896.0,4,1,2,7,Potential Loyalists
C03834,107,14,74196.0,3,5,5,13,Loyal Customers
C03835,169,8,34246.0,2,5,4,11,At Risk
C03836,67,1,9755.0,3,1,2,6,Lost
C03837,244,6,26725.0,1,4,4,9,At Risk
C03838,46,3,31944.0,4,3,4,11,Loyal Customers
C03839,10,3,16970.0,5,3,3,11,Loyal Customers
C03840,10,12,75248.0,5,5,5,15,Champions
C03841,33,8,58275.0,4,5,5,14,Champions
C03842,96,17,101885.0,3,5,5,13,Loyal Customers
C03843,420,1,11925.0,1,1,2,4,Lost
C03844,0,1,8275.0,5,1,2,8,Potential Loyalists
C03845,51,11,42037.0,4,5,5,14,Champions
C03846,218,8,61401.0,1,5,5,11,At Risk
C03847,207,8,45046.0,2,5,5,12,At Risk
C03848,41,4,14040.0,4,3,3,10,Loyal Customers
C03849,44,4,30964.0,4,3,4,11,Loyal Customers
C03851,306,11,67392.0,1,5,5,11,At Risk
C03852,184,7,35493.0,2,4,4,10,At Risk
C03853,194,4,6503.0,2,3,1,6,At Risk
C03854,162,1,1757.0,2,1,1,4,Lost
C03855,72,2,20773.0,3,2,3,8,Lost
C03856,92,12,125536.0,3,5,5,13,Loyal Customers
C03857,212,3,17343.0,1,3,3,7,At Risk
C03858,59,3,6346.0,3,3,1,7,Loyal Customers
C03859,9,16,49266.0,5,5,5,15,Champions
C03860,126,5,28002.0,2,4,4,10,At Risk
C03861,100,8,35066.0,3,5,4,12,Loyal Customers
C03862,174,2,23007.0,2,2,4,8,Lost
C03863,101,14,52117.0,3,5,5,13,Loyal Customers
C03864,132,1,6458.0,2,1,1,4,Lost
C03865,72,14,85175.0,3,5,5,13,Loyal Customers
C03866,19,14,55657.0,5,5,5,15,Champions
C03867,115,2,24263.0,3,2,4,9,Lost
C03868,141,4,15089.0,2,3,3,8,At Risk
C03869,183,4,27808.0,2,3,4,9,At Risk
C03870,101,1,9117.0,3,1,2,6,Lost
C03871,131,1,1918.0,2,1,1,4,Lost
C03872,12,1,5498.0,5,1,1,7,Potential Loyalists
C03873,403,5,32422.0,1,4,4,9,At Risk
C03874,64,1,249.0,3,1,1,5,Lost
C03875,47,5,12393.0,4,4,2,10,Loyal Customers
C03876,99,4,14301.0,3,3,3,9,Loyal Customers
C03877,28,9,32937.0,4,5,4,13,Champions
C03878,58,5,15981.0,3,4,3,10,Loyal Customers
C03879,0,7,30097.0,5,4,4,13,Champions
C03880,195,2,9443.0,2,2,2,6,Lost
C03881,266,1,11644.0,1,1,2,4,Lost
C03882,35,1,2239.0,4,1,1,6,Potential Loyalists
C03883,8,1,4378.0,5,1,1,7,Potential Loyalists
C03884,19,3,4657.0,5,3,1,9,Loyal Customers
C03885,55,1,2908.0,3,1,1,5,Lost
C03886,26,16,84319.0,5,5,5,15,Champions
C03888,145,2,4126.0,2,2,1,5,Lost
C03889,53,4,8784.0,4,3,2,9,Loyal Customers
C03890,179,1,9826.0,2,1,2,5,Lost
C03891,19,4,31017.0,5,3,4,12,Loyal Customers
C03892,298,3,12334.0,1,3,2,6,At Risk
C03893,224,12,89220.0,1,5,5,11,At Risk
C03894,157,4,13244.0,2,3,3,8,At Risk
C03895,41,5,50735.0,4,4,5,13,Champions
C03897,332,2,11644.0,1,2,2,5,Lost
C03898,167,1,1799.0,2,1,1,4,Lost
C03899,136,11,136326.0,2,5,5,12,At Risk
C03900,57,4,12953.0,3,3,2,8,Loyal Customers
C03901,36,8,25667.0,4,5,4,13,Champions
C03902,100,10,28804.0,3,5,4,12,Loyal Customers
C03903,15,1,3818.0,5,1,1,7,Potential Loyalists
C03904,18,9,25074.0,5,5,4,14,Champions
C03905,15,4,53083.0,5,3,5,13,Loyal Customers
C03906,13,4,40229.0,5,3,4,12,Loyal Customers
C03907,593,3,18770.0,1,3,3,7,At Risk
C03908,235,6,26899.0,1,4,4,9,At Risk
C03909,155,2,17120.0,2,2,3,7,Lost
C03910,308,6,36087.0,1,4,4,9,At Risk
C03911,108,4,24072.0,3,3,4,10,Loyal Customers
C03912,12,6,16288.0,5,4,3,12,Loyal Customers
C03913,54,9,37551.0,4,5,4,13,Champions
C03914,22,12,120615.0,5,5,5,15,Champions
C03915,330,2,9465.0,1,2,2,5,Lost
C03916,227,2,13714.0,1,2,3,6,Lost
C03917,56,1,8116.0,3,1,2,6,Lost
C03918,351,6,54228.0,1,4,5,10,At Risk
C03919,232,1,4156.0,1,1,1,3,Lost
C03920,19,8,53042.0,5,5,5,15,Champions
C03921,39,5,11124.0,4,4,2,10,Loyal Customers
C03922,77,1,5847.0,3,1,1,5,Lost
C03923,44,2,2108.0,4,2,1,7,Potential Loyalists
C03924,2,4,26344.0,5,3,4,12,Loyal Customers
C03925,0,2,9597.0,5,2,2,9,Potential Loyalists
C03926,9,6,52427.0,5,4,5,14,Champions
C03927,340,8,23924.0,1,5,4,10,At Risk
C03928,61,5,46464.0,3,4,5,12,Loyal Customers
C03929,50,4,19170.0,4,3,3,10,Loyal Customers
C03931,219,4,15361.0,1,3,3,7,At Risk
C03932,18,4,17870.0,5,3,3,11,Loyal Customers
C03933,23,4,23925.0,5,3,4,12,Loyal Customers
C03935,196,1,4977.0,2,1,1,4,Lost
C03936,128,2,6902.0,2,2,2,6,Lost
C03937,11,8,19668.0,5,5,3,13,Loyal Customers
C03938,33,1,1979.0,4,1,1,6,Potential Loyalists
C03939,13,9,28937.0,5,5,4,14,Champions
C03940,16,2,22070.0,5,2,3,10,Potential Loyalists
C03941,87,1,5117.0,3,1,1,5,Lost
C03942,48,16,62119.0,4,5,5,14,Champions
C03943,280,2,24471.0,1,2,4,7,Lost
C03944,39,1,12336.0,4,1,2,7,Potential Loyalists
C03945,48,9,33534.0,4,5,4,13,Champions
C03946,73,1,3298.0,3,1,1,5,Lost
C03947,18,4,15543.0,5,3,3,11,Loyal Customers
C03948,54,1,3599.0,4,1,1,6,Potential Loyalists
C03949,0,1,7377.0,5,1,2,8,Potential Loyalists
C03950,37,1,249.0,4,1,1,6,Potential Loyalists
C03951,9,12,40390.0,5,5,4,14,Champions
C03952,103,4,17312.0,3,3,3,9,Loyal Customers
C03953,46,4,6604.0,4,3,2,9,Loyal Customers
C03954,174,4,20468.0,2,3,3,8,At Risk
C03955,152,2,1276.0,2,2,1,5,Lost
C03956,31,5,33970.0,4,4,4,12,Champions
C03957,514,2,5577.0,1,2,1,4,Lost
C03958,15,3,13935.0,5,3,3,11,Loyal Customers
C03959,274,10,34793.0,1,5,4,10,At Risk
C03960,232,1,4278.0,1,1,1,3,Lost
C03961,51,3,23498.0,4,3,4,11,Loyal Customers
C03962,32,8,33695.0,4,5,4,13,Champions
C03963,108,1,2668.0,3,1,1,5,Lost
C03964,113,1,5326.0,3,1,1,5,Lost
C03965,22,5,8634.0,5,4,2,11,Loyal Customers
C03966,74,9,33804.0,3,5,4,12,Loyal Customers
C03967,60,2,17063.0,3,2,3,8,Lost
C03968,9,2,4937.0,5,2,1,8,Potential Loyalists
C03969,171,1,3358.0,2,1,1,4,Lost
C03970,2,6,71151.0,5,4,5,14,Champions
C03971,306,10,103365.0,1,5,5,11,At Risk
C03972,118,7,47226.0,2,4,5,11,At Risk
C03973,59,7,51155.0,3,4,5,12,Loyal Customers
C03974,46,1,2319.0,4,1,1,6,Potential Loyalists
C03975,131,1,5616.0,2,1,1,4,Lost
C03976,149,14,48525.0,2,5,5,12,At Risk
C03977,94,7,46647.0,3,4,5,12,Loyal Customers
C03978,453,15,36360.0,1,5,4,10,At Risk
C03979,42,3,8166.0,4,3,2,9,Loyal Customers
C03980,219,1,2798.0,1,1,1,3,Lost
C03981,60,7,43894.0,3,4,5,12,Loyal Customers
C03982,16,5,77860.0,5,4,5,14,Champions
C03983,78,11,30541.0,3,5,4,12,Loyal Customers
C03984,40,6,25877.0,4,4,4,12,Champions
C03985,31,1,5636.0,4,1,1,6,Potential Loyalists
C03986,54,3,15312.0,4,3,3,10,Loyal Customers
C03987,14,10,77244.0,5,5,5,15,Champions
C03988,350,1,17671.0,1,1,3,5,Lost
C03989,61,7,39838.0,3,4,4,11,Loyal Customers
C03990,142,1,9346.0,2,1,2,5,Lost
C03991,129,1,11726.0,2,1,2,5,Lost
C03992,54,1,5946.0,4,1,1,6,Potential Loyalists
C03993,30,1,4357.0,4,1,1,6,Potential Loyalists
C03994,27,4,33495.0,5,3,4,12,Loyal Customers
C03995,57,10,113058.0,3,5,5,13,Loyal Customers
C03996,6,3,6735.0,5,3,2,10,Loyal Customers
C03997,12,6,20371.0,5,4,3,12,Loyal Customers
C03998,143,3,31577.0,2,3,4,9,At Risk
C03999,41,7,39959.0,4,4,4,12,Champions
C04000,119,7,20528.0,2,4,3,9,At Risk
C04001,227,7,53217.0,1,4,5,10,At Risk
C04002,60,2,2468.0,3,2,1,6,Lost
C04003,291,6,16050.0,1,4,3,8,At Risk
C04004,50,5,10404.0,4,4,2,10,Loyal Customers
C04005,61,1,469.0,3,1,1,5,Lost
C04006,80,2,8426.0,3,2,2,7,Lost
C04008,485,6,26753.0,1,4,4,9,At Risk
C04010,29,4,7815.0,4,3,2,9,Loyal Customers
C04012,173,5,18043.0,2,4,3,9,At Risk
C04013,36,7,47368.0,4,4,5,13,Champions
C04014,9,7,25766.0,5,4,4,13,Champions
C04015,85,12,81573.0,3,5,5,13,Loyal Customers
C04016,33,1,8426.0,4,1,2,7,Potential Loyalists
C04017,221,3,7226.0,1,3,2,6,At Risk
C04018,23,6,23557.0,5,4,4,13,Champions
C04020,18,4,32779.0,5,3,4,12,Loyal Customers
C04021,66,5,28005.0,3,4,4,11,Loyal Customers
C04022,66,9,32305.0,3,5,4,12,Loyal Customers
C04024,138,9,59049.0,2,5,5,12,At Risk
C04025,29,4,16412.0,4,3,3,10,Loyal Customers
C04026,18,1,22261.0,5,1,3,9,Potential Loyalists
C04027,60,5,39050.0,3,4,4,11,Loyal Customers
C04028,117,2,9296.0,2,2,2,6,Lost
C04029,50,4,52623.0,4,3,5,12,Loyal Customers
C04030,22,2,5987.0,5,2,1,8,Potential Loyalists
C04031,22,8,29605.0,5,5,4,14,Champions
C04032,184,1,1249.0,2,1,1,4,Lost
C04033,464,1,2687.0,1,1,1,3,Lost
C04034,117,3,5366.0,2,3,1,6,At Risk
C04035,120,1,9037.0,2,1,2,5,Lost
C04036,399,4,29127.0,1,3,4,8,At Risk
C04037,48,2,31118.0,4,2,4,10,Potential Loyalists
C04038,9,8,58996.0,5,5,5,15,Champions
C04039,51,4,12683.0,4,3,2,9,Loyal Customers
C04040,53,4,30747.0,4,3,4,11,Loyal Customers
C04041,20,10,35908.0,5,5,4,14,Champions
C04042,29,12,74750.0,4,5,5,14,Champions
C04043,37,13,52592.0,4,5,5,14,Champions
C04044,163,13,97620.0,2,5,5,12,At Risk
C04045,238,1,11956.0,1,1,2,4,Lost
C04046,14,7,19268.0,5,4,3,12,Loyal Customers
C04047,170,6,38400.0,2,4,4,10,At Risk
C04048,121,6,68867.0,2,4,5,11,At Risk
C04049,10,1,17721.0,5,1,3,9,Potential Loyalists
C04051,69,3,19973.0,3,3,3,9,Loyal Customers
C04052,24,1,4377.0,5,1,1,7,Potential Loyalists
C04053,245,12,131366.0,1,5,5,11,At Risk
C04054,452,5,16242.0,1,4,3,8,At Risk
C04055,51,4,16631.0,4,3,3,10,Loyal Customers
C04056,11,1,5418.0,5,1,1,7,Potential Loyalists
C04057,1,1,4207.0,5,1,1,7,Potential Loyalists
C04058,112,4,38555.0,3,3,4,10,Loyal Customers
C04059,73,4,11385.0,3,3,2,8,Loyal Customers
C04060,132,13,46685.0,2,5,5,12,At Risk
C04062,58,2,5916.0,3,2,1,6,Lost
C04063,87,3,12025.0,3,3,2,8,Loyal Customers
C04064,7,14,150566.0,5,5,5,15,Champions
C04065,48,4,26857.0,4,3,4,11,Loyal Customers
C04066,154,1,11285.0,2,1,2,5,Lost
C04067,37,2,16512.0,4,2,3,9,Potential Loyalists
C04068,10,1,3489.0,5,1,1,7,Potential Loyalists
C04069,119,1,1169.0,2,1,1,4,Lost
C04070,54,7,17718.0,4,4,3,11,Loyal Customers
C04071,268,1,469.0,1,1,1,3,Lost
C04072,48,3,4956.0,4,3,1,8,Loyal Customers
C04074,15,16,60417.0,5,5,5,15,Champions
C04075,31,12,88860.0,4,5,5,14,Champions
C04076,112,1,16583.0,3,1,3,7,Lost
C04077,212,1,1109.0,1,1,1,3,Lost
C04078,47,6,24179.0,4,4,4,12,Champions
C04079,17,1,5586.0,5,1,1,7,Potential Loyalists
C04080,18,1,2838.0,5,1,1,7,Potential Loyalists
C04081,147,5,27158.0,2,4,4,10,At Risk
C04082,510,1,359.0,1,1,1,3,Lost
C04083,77,6,43232.0,3,4,5,12,Loyal Customers
C04084,604,5,29348.0,1,4,4,9,At Risk
C04085,51,3,27428.0,4,3,4,11,Loyal Customers
C04086,43,1,2218.0,4,1,1,6,Potential Loyalists
C04087,19,3,5076.0,5,3,1,9,Loyal Customers
C04088,27,1,8615.0,5,1,2,8,Potential Loyalists
C04089,132,10,32954.0,2,5,4,11,At Risk
C04090,70,1,1699.0,3,1,1,5,Lost
C04091,59,6,38074.0,3,4,4,11,Loyal Customers
C04092,142,1,2336.0,2,1,1,4,Lost
C04093,122,4,17927.0,2,3,3,8,At Risk
C04094,101,7,44858.0,3,4,5,12,Loyal Customers
C04095,593,4,6884.0,1,3,2,6,At Risk
C04096,137,1,11157.0,2,1,2,5,Lost
C04097,148,7,16718.0,2,4,3,9,At Risk
C04098,81,12,58374.0,3,5,5,13,Loyal Customers
C04099,154,15,192555.0,2,5,5,12,At Risk
C04100,6,3,13592.0,5,3,3,11,Loyal Customers
C04101,161,1,1487.0,2,1,1,4,Lost
C04102,24,9,21857.0,5,5,3,13,Loyal Customers
C04103,7,1,3698.0,5,1,1,7,Potential Loyalists
C04104,49,2,12035.0,4,2,2,8,Potential Loyalists
C04105,41,3,57465.0,4,3,5,12,Loyal Customers
C04106,449,8,17426.0,1,5,3,9,At Risk
C04107,129,1,7407.0,2,1,2,5,Lost
C04108,245,14,51566.0,1,5,5,11,At Risk
C04109,32,6,13821.0,4,4,3,11,Loyal Customers
C04110,55,5,24526.0,3,4,4,11,Loyal Customers
C04111,50,6,22658.0,4,4,3,11,Loyal Customers
C04112,38,1,7696.0,4,1,2,7,Potential Loyalists
C04113,155,5,26699.0,2,4,4,10,At Risk
C04114,23,1,5896.0,5,1,1,7,Potential Loyalists
C04115,27,4,15321.0,5,3,3,11,Loyal Customers
C04116,83,6,77008.0,3,4,5,12,Loyal Customers
C04117,24,1,719.0,5,1,1,7,Potential Loyalists
C04118,8,7,19201.0,5,4,3,12,Loyal Customers
C04119,25,1,3408.0,5,1,1,7,Potential Loyalists
C04120,56,2,7636.0,3,2,2,7,Lost
C04121,56,3,10664.0,3,3,2,8,Loyal Customers
C04122,343,4,60462.0,1,3,5,9,At Risk
C04123,194,9,55878.0,2,5,5,12,At Risk
C04124,367,3,46619.0,1,3,5,9,At Risk
C04125,30,9,59699.0,4,5,5,14,Champions
C04126,37,2,17954.0,4,2,3,9,Potential Loyalists
C04127,53,4,14013.0,4,3,3,10,Loyal Customers
C04128,12,6,62391.0,5,4,5,14,Champions
C04129,23,2,1028.0,5,2,1,8,Potential Loyalists
C04130,7,10,75995.0,5,5,5,15,Champions
C04131,20,4,11783.0,5,3,2,10,Loyal Customers
C04132,113,5,16699.0,3,4,3,10,Loyal Customers
C04133,146,1,8157.0,2,1,2,5,Lost
C04134,442,2,7666.0,1,2,2,5,Lost
C04135,0,3,15140.0,5,3,3,11,Loyal Customers
C04136,1,14,41461.0,5,5,4,14,Champions
C04137,349,8,93424.0,1,5,5,11,At Risk
C04138,256,1,13172.0,1,1,3,5,Lost
C04139,23,5,15442.0,5,4,3,12,Loyal Customers
C04140,479,7,85179.0,1,4,5,10,At Risk
C04141,50,3,7185.0,4,3,2,9,Loyal Customers
C04142,60,3,7885.0,3,3,2,8,Loyal Customers
C04143,60,12,63532.0,3,5,5,13,Loyal Customers
C04144,43,4,37380.0,4,3,4,11,Loyal Customers
C04145,291,3,28375.0,1,3,4,8,At Risk
C04147,32,2,2407.0,4,2,1,7,Potential Loyalists
C04148,47,5,43681.0,4,4,5,13,Champions
C04149,40,3,12505.0,4,3,2,9,Loyal Customers
C04151,9,1,2078.0,5,1,1,7,Potential Loyalists
C04152,176,3,8216.0,2,3,2,7,At Risk
C04153,92,4,11354.0,3,3,2,8,Loyal Customers
C04154,199,1,8567.0,2,1,2,5,Lost
C04155,31,2,4528.0,4,2,1,7,Potential Loyalists
C04156,63,4,51114.0,3,3,5,11,Loyal Customers
C04157,56,6,28369.0,3,4,4,11,Loyal Customers
C04158,7,7,21230.0,5,4,3,12,Loyal Customers
C04159,32,3,9425.0,4,3,2,9,Loyal Customers
C04160,172,1,6075.0,2,1,1,4,Lost
C04161,597,2,5647.0,1,2,1,4,Lost
C04162,25,2,17441.0,5,2,3,10,Potential Loyalists
C04164,5,8,19798.0,5,5,3,13,Loyal Customers
C04165,32,4,13184.0,4,3,3,10,Loyal Customers
C04166,73,10,75639.0,3,5,5,13,Loyal Customers
C04167,213,4,9964.0,1,3,2,6,At Risk
C04168,326,8,120427.0,1,5,5,11,At Risk
C04169,63,2,32978.0,3,2,4,9,Lost
C04170,163,1,4038.0,2,1,1,4,Lost
C04172,173,1,2319.0,2,1,1,4,Lost
C04173,312,10,75069.0,1,5,5,11,At Risk
C04174,16,7,23180.0,5,4,4,13,Champions
C04175,423,11,124269.0,1,5,5,11,At Risk
C04176,38,2,9582.0,4,2,2,8,Potential Loyalists
C04177,196,8,25476.0,2,5,4,11,At Risk
C04178,351,3,39082.0,1,3,4,8,At Risk
C04179,26,4,17161.0,5,3,3,11,Loyal Customers
C04180,49,6,34593.0,4,4,4,12,Champions
C04181,42,3,31748.0,4,3,4,11,Loyal Customers
C04182,96,15,114222.0,3,5,5,13,Loyal Customers
C04183,3,4,17120.0,5,3,3,11,Loyal Customers
C04184,8,2,21782.0,5,2,3,10,Potential Loyalists
C04185,53,4,22855.0,4,3,4,11,Loyal Customers
C04186,178,14,50783.0,2,5,5,12,At Risk
C04187,143,15,43607.0,2,5,5,12,At Risk
C04188,68,6,20267.0,3,4,3,10,Loyal Customers
C04189,14,1,8086.0,5,1,2,8,Potential Loyalists
C04190,128,3,13711.0,2,3,3,8,At Risk
C04191,406,6,33304.0,1,4,4,9,At Risk
C04192,104,1,4338.0,3,1,1,5,Lost
C04193,47,4,28287.0,4,3,4,11,Loyal Customers
C04194,52,1,5568.0,4,1,1,6,Potential Loyalists
C04195,13,7,24318.0,5,4,4,13,Champions
C04196,37,1,20492.0,4,1,3,8,Potential Loyalists
C04197,30,3,4424.0,4,3,1,8,Loyal Customers
C04198,64,1,11285.0,3,1,2,6,Lost
C04199,406,10,82101.0,1,5,5,11,At Risk
C04200,87,16,167768.0,3,5,5,13,Loyal Customers
C04201,22,7,14409.0,5,4,3,12,Loyal Customers
C04202,8,1,1638.0,5,1,1,7,Potential Loyalists
C04203,72,5,18170.0,3,4,3,10,Loyal Customers
C04204,35,4,16922.0,4,3,3,10,Loyal Customers
C04207,194,5,62265.0,2,4,5,11,At Risk
C04208,97,2,19327.0,3,2,3,8,Lost
C04209,277,1,5646.0,1,1,1,3,Lost
C04210,140,2,11075.0,2,2,2,6,Lost
C04211,12,4,12653.0,5,3,2,10,Loyal Customers
C04212,206,2,6286.0,2,2,1,5,Lost
C04214,12,5,22039.0,5,4,3,12,Loyal Customers
C04215,164,13,46797.0,2,5,5,12,At Risk
C04216,41,2,5297.0,4,2,1,7,Potential Loyalists
C04217,7,4,14652.0,5,3,3,11,Loyal Customers
C04218,7,3,33416.0,5,3,4,12,Loyal Customers
C04219,192,4,9482.0,2,3,2,7,At Risk
C04220,342,8,32771.0,1,5,4,10,At Risk
C04221,263,2,7055.0,1,2,2,5,Lost
C04223,189,1,1448.0,2,1,1,4,Lost
C04224,84,2,6197.0,3,2,1,6,Lost
C04225,170,1,5388.0,2,1,1,4,Lost
C04226,102,3,14803.0,3,3,3,9,Loyal Customers
C04227,120,8,47062.0,2,5,5,12,At Risk
C04228,100,6,88903.0,3,4,5,12,Loyal Customers
C04229,102,6,48486.0,3,4,5,12,Loyal Customers
C04230,212,4,6844.0,1,3,2,6,At Risk
C04231,28,1,2098.0,4,1,1,6,Potential Loyalists
C04232,14,3,16910.0,5,3,3,11,Loyal Customers
C04233,70,5,10092.0,3,4,2,9,Loyal Customers
C04234,54,11,115700.0,4,5,5,14,Champions
C04235,88,9,46523.0,3,5,5,13,Loyal Customers
C04236,312,11,48789.0,1,5,5,11,At Risk
C04238,248,1,3678.0,1,1,1,3,Lost
C04239,44,7,17805.0,4,4,3,11,Loyal Customers
C04240,413,1,2479.0,1,1,1,3,Lost
C04241,78,4,17091.0,3,3,3,9,Loyal Customers
C04242,125,1,2039.0,2,1,1,4,Lost
C04243,30,4,16193.0,4,3,3,10,Loyal Customers
C04244,354,4,10473.0,1,3,2,6,At Risk
C04245,153,4,61839.0,2,3,5,10,At Risk
C04246,76,2,23057.0,3,2,4,9,Lost
C04247,28,3,34331.0,4,3,4,11,Loyal Customers
C04248,269,1,6768.0,1,1,2,4,Lost
C04249,246,4,26672.0,1,3,4,8,At Risk
C04250,19,1,1059.0,5,1,1,7,Potential Loyalists
C04251,176,4,10252.0,2,3,2,7,At Risk
C04252,407,7,26929.0,1,4,4,9,At Risk
C04253,229,12,70682.0,1,5,5,11,At Risk
C04254,32,4,13334.0,4,3,3,10,Loyal Customers
C04255,118,1,4337.0,2,1,1,4,Lost
C04256,227,5,17968.0,1,4,3,8,At Risk
C04257,24,14,100372.0,5,5,5,15,Champions
C04258,588,3,43374.0,1,3,5,9,At Risk
C04259,109,8,20067.0,3,5,3,11,Loyal Customers
C04260,96,1,1249.0,3,1,1,5,Lost
C04261,179,1,11436.0,2,1,2,5,Lost
C04262,195,3,16823.0,2,3,3,8,At Risk
C04263,38,4,19162.0,4,3,3,10,Loyal Customers
C04264,12,2,8955.0,5,2,2,9,Potential Loyalists
C04265,20,2,5366.0,5,2,1,8,Potential Loyalists
C04267,409,4,29636.0,1,3,4,8,At Risk
C04268,37,1,2439.0,4,1,1,6,Potential Loyalists
C04269,423,1,3467.0,1,1,1,3,Lost
C04270,192,2,4458.0,2,2,1,5,Lost
C04271,53,4,7284.0,4,3,2,9,Loyal Customers
C04272,13,4,9623.0,5,3,2,10,Loyal Customers
C04273,6,1,3129.0,5,1,1,7,Potential Loyalists
C04275,191,8,22457.0,2,5,3,10,At Risk
C04276,141,6,22738.0,2,4,3,9,At Risk
C04277,27,7,46554.0,5,4,5,14,Champions
C04278,158,1,3209.0,2,1,1,4,Lost
C04279,24,15,59263.0,5,5,5,15,Champions
C04280,40,5,9174.0,4,4,2,10,Loyal Customers
C04281,46,2,3038.0,4,2,1,7,Potential Loyalists
C04282,261,1,3877.0,1,1,1,3,Lost
C04283,200,3,19539.0,2,3,3,8,At Risk
C04284,48,1,2519.0,4,1,1,6,Potential Loyalists
C04285,2,3,10375.0,5,3,2,10,Loyal Customers
C04286,50,10,68476.0,4,5,5,14,Champions
C04287,117,1,5947.0,2,1,1,4,Lost
C04288,36,7,19166.0,4,4,3,11,Loyal Customers
C04289,53,4,15574.0,4,3,3,10,Loyal Customers
C04290,315,7,22755.0,1,4,3,8,At Risk
C04291,118,5,15532.0,2,4,3,9,At Risk
C04292,0,5,15063.0,5,4,3,12,Loyal Customers
C04293,83,4,17743.0,3,3,3,9,Loyal Customers
C04294,260,1,16055.0,1,1,3,5,Lost
C04295,45,9,124774.0,4,5,5,14,Champions
C04296,7,3,22627.0,5,3,3,11,Loyal Customers
C04297,93,1,9366.0,3,1,2,6,Lost
C04298,384,9,31223.0,1,5,4,10,At Risk
C04300,33,6,38609.0,4,4,4,12,Champions
C04301,46,2,14125.0,4,2,3,9,Potential Loyalists
C04302,93,6,16452.0,3,4,3,10,Loyal Customers
C04303,34,1,9915.0,4,1,2,7,Potential Loyalists
C04304,80,6,17783.0,3,4,3,10,Loyal Customers
C04305,242,3,12864.0,1,3,2,6,At Risk
C04306,13,1,3088.0,5,1,1,7,Potential Loyalists
C04308,8,9,22017.0,5,5,3,13,Loyal Customers
C04309,255,2,29106.0,1,2,4,7,Lost
C04310,1,1,3719.0,5,1,1,7,Potential Loyalists
C04311,104,4,15693.0,3,3,3,9,Loyal Customers
C04312,59,6,36401.0,3,4,4,11,Loyal Customers
C04313,66,2,4226.0,3,2,1,6,Lost
C04314,459,4,27686.0,1,3,4,8,At Risk
C04315,40,9,37093.0,4,5,4,13,Champions
C04316,501,1,2239.0,1,1,1,3,Lost
C04317,272,4,19012.0,1,3,3,7,At Risk
C04318,8,16,53635.0,5,5,5,15,Champions
C04319,426,16,44819.0,1,5,5,11,At Risk
C04320,262,4,17615.0,1,3,3,7,At Risk
C04321,374,14,104920.0,1,5,5,11,At Risk
C04322,314,4,10863.0,1,3,2,6,At Risk
C04323,29,12,134082.0,4,5,5,14,Champions
C04324,30,1,329.0,4,1,1,6,Potential Loyalists
C04325,268,1,8127.0,1,1,2,4,Lost
C04326,206,1,279.0,2,1,1,4,Lost
C04327,146,10,26636.0,2,5,4,11,At Risk
C04328,212,6,22359.0,1,4,3,8,At Risk
C04329,136,1,2498.0,2,1,1,4,Lost
C04330,3,4,12954.0,5,3,2,10,Loyal Customers
C04331,125,8,14257.0,2,5,3,10,At Risk
C04332,49,6,8781.0,4,4,2,10,Loyal Customers
C04333,185,4,3126.0,2,3,1,6,At Risk
C04335,75,4,24955.0,3,3,4,10,Loyal Customers
C04336,320,1,4887.0,1,1,1,3,Lost
C04337,19,8,52628.0,5,5,5,15,Champions
C04338,26,1,4707.0,5,1,1,7,Potential Loyalists
C04339,166,1,2687.0,2,1,1,4,Lost
C04340,28,1,8756.0,4,1,2,7,Potential Loyalists
C04341,73,5,12374.0,3,4,2,9,Loyal Customers
C04343,60,3,17255.0,3,3,3,9,Loyal Customers
C04344,422,1,16431.0,1,1,3,5,Lost
C04345,53,13,92167.0,4,5,5,14,Champions
C04346,49,2,9273.0,4,2,2,8,Potential Loyalists
C04347,17,2,13082.0,5,2,3,10,Potential Loyalists
C04348,143,4,10324.0,2,3,2,7,At Risk
C04349,432,3,9124.0,1,3,2,6,At Risk
C04350,338,1,7197.0,1,1,2,4,Lost
C04351,76,5,16957.0,3,4,3,10,Loyal Customers
C04352,121,5,23561.0,2,4,4,10,At Risk
C04353,327,2,4667.0,1,2,1,4,Lost
C04354,111,1,3518.0,3,1,1,5,Lost
C04355,15,3,10744.0,5,3,2,10,Loyal Customers
C04356,149,6,90881.0,2,4,5,11,At Risk
C04357,68,4,18052.0,3,3,3,9,Loyal Customers
C04358,53,6,15598.0,4,4,3,11,Loyal Customers
C04359,96,8,31297.0,3,5,4,12,Loyal Customers
C04360,237,1,5654.0,1,1,1,3,Lost
C04361,103,1,5498.0,3,1,1,5,Lost
C04362,100,8,33697.0,3,5,4,12,Loyal Customers
C04363,8,8,25355.0,5,5,4,14,Champions
C04364,224,2,11243.0,1,2,2,5,Lost
C04365,49,5,14683.0,4,4,3,11,Loyal Customers
C04366,52,9,111556.0,4,5,5,14,Champions
C04367,367,2,35280.0,1,2,4,7,Lost
C04368,46,1,3268.0,4,1,1,6,Potential Loyalists
C04369,59,15,52005.0,3,5,5,13,Loyal Customers
C04370,196,1,3389.0,2,1,1,4,Lost
C04371,5,3,6467.0,5,3,1,9,Loyal Customers
C04372,606,6,12640.0,1,4,2,7,At Risk
C04373,77,1,12375.0,3,1,2,6,Lost
C04375,35,3,13135.0,4,3,3,10,Loyal Customers
C04376,185,2,9194.0,2,2,2,6,Lost
C04377,12,5,16112.0,5,4,3,12,Loyal Customers
C04378,356,7,42026.0,1,4,5,10,At Risk
C04379,365,2,5707.0,1,2,1,4,Lost
C04380,9,9,24938.0,5,5,4,14,Champions
C04381,285,7,18688.0,1,4,3,8,At Risk
C04382,339,4,16251.0,1,3,3,7,At Risk
C04383,59,5,53120.0,3,4,5,12,Loyal Customers
C04384,126,2,4247.0,2,2,1,5,Lost
C04385,98,7,86531.0,3,4,5,12,Loyal Customers
C04386,18,1,3878.0,5,1,1,7,Potential Loyalists
C04388,173,1,2019.0,2,1,1,4,Lost
C04389,11,3,8615.0,5,3,2,10,Loyal Customers
C04390,464,8,25162.0,1,5,4,10,At Risk
C04391,72,5,38855.0,3,4,4,11,Loyal Customers
C04392,29,3,6145.0,4,3,1,8,Loyal Customers
C04393,60,1,4568.0,3,1,1,5,Lost
C04394,54,4,13982.0,4,3,3,10,Loyal Customers
C04395,38,3,9164.0,4,3,2,9,Loyal Customers
C04396,55,3,39714.0,3,3,4,10,Loyal Customers
C04397,71,4,18471.0,3,3,3,9,Loyal Customers
C04398,47,5,20420.0,4,4,3,11,Loyal Customers
C04399,214,15,52173.0,1,5,5,11,At Risk
C04400,403,2,2867.0,1,2,1,4,Lost
C04401,46,5,11302.0,4,4,2,10,Loyal Customers
C04402,220,1,7726.0,1,1,2,4,Lost
C04403,93,10,56107.0,3,5,5,13,Loyal Customers
C04404,9,3,10602.0,5,3,2,10,Loyal Customers
C04405,101,12,40527.0,3,5,4,12,Loyal Customers
C04406,36,5,18881.0,4,4,3,11,Loyal Customers
C04407,387,2,12783.0,1,2,2,5,Lost
C04408,27,7,13242.0,5,4,3,12,Loyal Customers
C04409,27,4,15072.0,5,3,3,11,Loyal Customers
C04410,19,4,17522.0,5,3,3,11,Loyal Customers
C04411,192,10,26844.0,2,5,4,11,At Risk
C04412,49,2,5764.0,4,2,1,7,Potential Loyalists
C04413,19,5,11574.0,5,4,2,11,Loyal Customers
C04414,39,1,648.0,4,1,1,6,Potential Loyalists
C04415,12,17,211863.0,5,5,5,15,Champions
C04416,43,1,13365.0,4,1,3,8,Potential Loyalists
C04417,224,1,7458.0,1,1,2,4,Lost
C04418,23,1,7907.0,5,1,2,8,Potential Loyalists
C04419,67,2,19493.0,3,2,3,8,Lost
C04420,54,1,1248.0,4,1,1,6,Potential Loyalists
C04421,126,3,34474.0,2,3,4,9,At Risk
C04422,99,5,35205.0,3,4,4,11,Loyal Customers
C04423,346,4,10106.0,1,3,2,6,At Risk
C04424,36,14,67636.0,4,5,5,14,Champions
C04425,49,3,4326.0,4,3,1,8,Loyal Customers
C04426,95,3,3336.0,3,3,1,7,Loyal Customers
C04427,143,2,14079.0,2,2,3,7,Lost
C04428,351,3,20157.0,1,3,3,7,At Risk
C04429,27,11,69811.0,5,5,5,15,Champions
C04431,394,7,18298.0,1,4,3,8,At Risk
C04432,142,5,21702.0,2,4,3,9,At Risk
C04433,17,1,1659.0,5,1,1,7,Potential Loyalists
C04435,144,8,93993.0,2,5,5,12,At Risk
C04436,259,3,46160.0,1,3,5,9,At Risk
C04437,271,3,15090.0,1,3,3,7,At Risk
C04438,349,8,89260.0,1,5,5,11,At Risk
C04439,60,1,7436.0,3,1,2,6,Lost
C04440,47,1,6747.0,4,1,2,7,Potential Loyalists
C04441,28,4,19202.0,4,3,3,10,Loyal Customers
C04442,47,17,64139.0,4,5,5,14,Champions
C04443,7,1,4377.0,5,1,1,7,Potential Loyalists
C04444,115,15,181311.0,3,5,5,13,Loyal Customers
C04445,48,1,339.0,4,1,1,6,Potential Loyalists
C04446,101,5,10632.0,3,4,2,9,Loyal Customers
C04447,45,15,44445.0,4,5,5,14,Champions
C04448,59,1,1119.0,3,1,1,5,Lost
C04449,329,6,19497.0,1,4,3,8,At Risk
C04450,217,5,15940.0,1,4,3,8,At Risk
C04451,16,2,13004.0,5,2,3,10,Potential Loyalists
C04452,26,3,16934.0,5,3,3,11,Loyal Customers
C04453,508,2,22193.0,1,2,3,6,Lost
C04454,114,2,14030.0,3,2,3,8,Lost
C04455,25,6,86195.0,5,4,5,14,Champions
C04456,147,12,40595.0,2,5,4,11,At Risk
C04457,135,16,112365.0,2,5,5,12,At Risk
C04458,260,1,5318.0,1,1,1,3,Lost
C04459,57,6,15431.0,3,4,3,10,Loyal Customers
C04460,39,7,32585.0,4,4,4,12,Champions
C04461,54,13,48666.0,4,5,5,14,Champions
C04462,89,2,8751.0,3,2,2,7,Lost
C04463,4,17,65802.0,5,5,5,15,Champions
C04464,110,2,11656.0,3,2,2,7,Lost
C04465,117,6,66178.0,2,4,5,11,At Risk
C04466,40,2,34903.0,4,2,4,10,Potential Loyalists
C04467,5,8,57442.0,5,5,5,15,Champions
C04468,172,17,202547.0,2,5,5,12,At Risk
C04469,47,4,30602.0,4,3,4,11,Loyal Customers
C04470,157,15,114134.0,2,5,5,12,At Risk
C04472,25,3,11113.0,5,3,2,10,Loyal Customers
C04473,50,1,1309.0,4,1,1,6,Potential Loyalists
C04474,236,1,10655.0,1,1,2,4,Lost
C04475,55,3,34239.0,3,3,4,10,Loyal Customers
C04476,132,3,9806.0,2,3,2,7,At Risk
C04477,149,1,3417.0,2,1,1,4,Lost
C04478,76,3,18979.0,3,3,3,9,Loyal Customers
C04479,54,5,16092.0,4,4,3,11,Loyal Customers
C04480,333,16,54243.0,1,5,5,11,At Risk
C04481,86,1,7206.0,3,1,2,6,Lost
C04482,232,4,48953.0,1,3,5,9,At Risk
C04483,176,3,34530.0,2,3,4,9,At Risk
C04484,131,12,61583.0,2,5,5,12,At Risk
C04485,51,1,15374.0,4,1,3,8,Potential Loyalists
C04486,23,9,69387.0,5,5,5,15,Champions
C04487,392,2,4336.0,1,2,1,4,Lost
C04488,90,5,16693.0,3,4,3,10,Loyal Customers
C04489,12,2,8655.0,5,2,2,9,Potential Loyalists
C04490,217,10,35481.0,1,5,4,10,At Risk
C04491,182,2,16692.0,2,2,3,7,Lost
C04492,236,8,25714.0,1,5,4,10,At Risk
C04494,30,8,41976.0,4,5,5,14,Champions
C04495,36,7,77615.0,4,4,5,13,Champions
C04496,352,15,184540.0,1,5,5,11,At Risk
C04497,18,5,29576.0,5,4,4,13,Champions
C04498,3,3,11504.0,5,3,2,10,Loyal Customers
C04499,33,1,5108.0,4,1,1,6,Potential Loyalists
C04500,69,6,12689.0,3,4,2,9,Loyal Customers
C04501,229,3,12125.0,1,3,2,6,At Risk
C04502,106,6,12260.0,3,4,2,9,Loyal Customers
C04503,284,3,42388.0,1,3,5,9,At Risk
C04504,33,4,10024.0,4,3,2,9,Loyal Customers
C04505,4,6,16948.0,5,4,3,12,Loyal Customers
C04506,105,8,41753.0,3,5,5,13,Loyal Customers
C04507,82,3,10846.0,3,3,2,8,Loyal Customers
C04508,38,1,1979.0,4,1,1,6,Potential Loyalists
C04509,210,4,17369.0,2,3,3,8,At Risk
C04510,56,17,110948.0,3,5,5,13,Loyal Customers
C04511,52,7,16199.0,4,4,3,11,Loyal Customers
C04512,158,3,8316.0,2,3,2,7,At Risk
C04515,175,3,23880.0,2,3,4,9,At Risk
C04516,181,7,17738.0,2,4,3,9,At Risk
C04517,115,1,7386.0,3,1,2,6,Lost
C04518,1,4,30163.0,5,3,4,12,Loyal Customers
C04519,56,4,17237.0,3,3,3,9,Loyal Customers
C04520,52,1,1059.0,4,1,1,6,Potential Loyalists
C04521,176,2,12574.0,2,2,2,6,Lost
C04522,137,2,18812.0,2,2,3,7,Lost
C04523,188,14,43034.0,2,5,5,12,At Risk
C04524,28,6,20009.0,4,4,3,11,Loyal Customers
C04525,62,5,60278.0,3,4,5,12,Loyal Customers
C04526,40,5,64168.0,4,4,5,13,Champions
C04527,40,4,50794.0,4,3,5,12,Loyal Customers
C04528,184,4,10273.0,2,3,2,7,At Risk
C04529,139,2,21433.0,2,2,3,7,Lost
C04530,31,8,45953.0,4,5,5,14,Champions
C04531,116,4,24956.0,3,3,4,10,Loyal Customers
C04532,10,8,56225.0,5,5,5,15,Champions
C04533,131,2,7116.0,2,2,2,6,Lost
C04534,25,1,10885.0,5,1,2,8,Potential Loyalists
C04535,51,5,85221.0,4,4,5,13,Champions
C04536,1,7,31458.0,5,4,4,13,Champions
C04537,6,1,2327.0,5,1,1,7,Potential Loyalists
C04538,35,2,4308.0,4,2,1,7,Potential Loyalists
C04539,51,3,10776.0,4,3,2,9,Loyal Customers
C04540,235,11,51183.0,1,5,5,11,At Risk
C04541,171,5,26507.0,2,4,4,10,At Risk
C04542,498,1,2677.0,1,1,1,3,Lost
C04543,207,5,35201.0,2,4,4,10,At Risk
C04544,465,7,15279.0,1,4,3,8,At Risk
C04545,50,3,7876.0,4,3,2,9,Loyal Customers
C04546,40,4,28008.0,4,3,4,11,Loyal Customers
C04547,104,2,4278.0,3,2,1,6,Lost
C04548,234,5,52949.0,1,4,5,10,At Risk
C04549,65,1,4598.0,3,1,1,5,Lost
C04550,109,3,8744.0,3,3,2,8,Loyal Customers
C04551,169,13,44716.0,2,5,5,12,At Risk
C04552,18,5,15622.0,5,4,3,12,Loyal Customers
C04553,90,9,53942.0,3,5,5,13,Loyal Customers
C04554,57,1,6928.0,3,1,2,6,Lost
C04555,32,3,10503.0,4,3,2,9,Loyal Customers
C04556,111,10,23406.0,3,5,4,12,Loyal Customers
C04557,63,1,4438.0,3,1,1,5,Lost
C04558,28,6,28922.0,4,4,4,12,Champions
C04559,140,6,19802.0,2,4,3,9,At Risk
C04560,387,14,90799.0,1,5,5,11,At Risk
C04561,101,3,7724.0,3,3,2,8,Loyal Customers
C04562,150,8,23887.0,2,5,4,11,At Risk
C04563,246,1,6107.0,1,1,1,3,Lost
C04564,133,4,24596.0,2,3,4,9,At Risk
C04565,52,7,23069.0,4,4,4,12,Champions
C04566,53,4,17884.0,4,3,3,10,Loyal Customers
C04567,46,2,4388.0,4,2,1,7,Potential Loyalists
C04568,387,7,38081.0,1,4,4,9,At Risk
C04569,23,3,21308.0,5,3,3,11,Loyal Customers
C04570,54,6,37844.0,4,4,4,12,Champions
C04571,10,1,339.0,5,1,1,7,Potential Loyalists
C04572,37,5,11322.0,4,4,2,10,Loyal Customers
C04573,174,9,37223.0,2,5,4,11,At Risk
C04574,204,2,4326.0,2,2,1,5,Lost
C04575,78,2,26760.0,3,2,4,9,Lost
C04576,84,7,39940.0,3,4,4,11,Loyal Customers
C04577,11,2,19524.0,5,2,3,10,Potential Loyalists
C04579,183,3,7194.0,2,3,2,7,At Risk
C04580,49,4,24466.0,4,3,4,11,Loyal Customers
C04581,122,1,3518.0,2,1,1,4,Lost
C04582,31,1,1938.0,4,1,1,6,Potential Loyalists
C04583,73,4,16853.0,3,3,3,9,Loyal Customers
C04585,171,7,26307.0,2,4,4,10,At Risk
C04586,402,7,101369.0,1,4,5,10,At Risk
C04587,66,6,21810.0,3,4,3,10,Loyal Customers
C04588,51,13,92959.0,4,5,5,14,Champions
C04589,55,3,5725.0,3,3,1,7,Loyal Customers
C04590,174,6,70516.0,2,4,5,11,At Risk
C04591,64,10,52327.0,3,5,5,13,Loyal Customers
C04592,46,3,5336.0,4,3,1,8,Loyal Customers
C04593,117,4,34405.0,2,3,4,9,At Risk
C04594,162,1,5656.0,2,1,1,4,Lost
C04595,125,5,13772.0,2,4,3,9,At Risk
C04596,211,5,30275.0,1,4,4,9,At Risk
C04597,36,7,21208.0,4,4,3,11,Loyal Customers
C04598,39,8,26457.0,4,5,4,13,Champions
C04599,10,6,36791.0,5,4,4,13,Champions
C04600,64,5,29548.0,3,4,4,11,Loyal Customers
C04602,288,3,32474.0,1,3,4,8,At Risk
C04603,124,4,9845.0,2,3,2,7,At Risk
C04604,18,12,80738.0,5,5,5,15,Champions
C04605,50,7,16839.0,4,4,3,11,Loyal Customers
C04606,456,1,3578.0,1,1,1,3,Lost
C04607,114,1,11515.0,3,1,2,6,Lost
C04608,93,1,7907.0,3,1,2,6,Lost
C04609,1,5,15054.0,5,4,3,12,Loyal Customers
C04610,7,5,16952.0,5,4,3,12,Loyal Customers
C04611,246,1,7645.0,1,2,2,5,Lost
C04612,12,8,24718.0,5,5,4,14,Champions
C04613,144,7,49965.0,2,4,5,11,At Risk
C04614,25,2,12904.0,5,2,2,9,Potential Loyalists
C04615,185,14,96262.0,2,5,5,12,At Risk
C04617,464,2,3287.0,1,2,1,4,Lost
C04618,337,11,62120.0,1,5,5,11,At Risk
C04619,53,1,3489.0,4,2,1,7,Potential Loyalists
C04620,55,1,3158.0,3,2,1,6,Lost
C04621,399,11,37211.0,1,5,4,10,At Risk
C04622,99,3,3607.0,3,3,1,7,Loyal Customers
C04623,23,8,49315.0,5,5,5,15,Champions
C04625,176,3,20473.0,2,3,3,8,At Risk
C04626,52,4,45858.0,4,3,5,12,Loyal Customers
C04627,144,7,19391.0,2,4,3,9,At Risk
C04628,45,2,7644.0,4,2,2,8,Potential Loyalists
C04629,223,12,38380.0,1,5,4,10,At Risk
C04630,22,9,33426.0,5,5,4,14,Champions
C04631,57,4,34119.0,3,3,4,10,Loyal Customers
C04632,27,7,19949.0,5,4,3,12,Loyal Customers
C04633,26,1,11895.0,5,2,2,9,Potential Loyalists
C04634,303,7,22346.0,1,4,3,8,At Risk
C04635,42,1,5298.0,4,2,1,7,Potential Loyalists
C04636,22,7,45756.0,5,4,5,14,Champions
C04637,122,1,13165.0,2,2,3,7,Lost
C04638,98,1,14701.0,3,2,3,8,Lost
C04639,213,4,59461.0,1,3,5,9,At Risk
C04640,106,5,15612.0,3,4,3,10,Loyal Customers
C04641,204,7,103393.0,2,4,5,11,At Risk
C04642,180,6,28536.0,2,4,4,10,At Risk
C04643,2,9,66777.0,5,5,5,15,Champions
C04644,330,2,9565.0,1,2,2,5,Lost
C04645,168,13,39750.0,2,5,4,11,At Risk
C04646,174,1,1479.0,2,2,1,5,Lost
C04647,306,1,5097.0,1,2,1,4,Lost
C04648,52,15,51496.0,4,5,5,14,Champions
C04649,228,9,28064.0,1,5,4,10,At Risk
C04650,3,3,3845.0,5,3,1,9,Loyal Customers
C04651,7,6,27366.0,5,4,4,13,Champions
C04652,28,2,5656.0,4,2,1,7,Potential Loyalists
C04653,360,7,19789.0,1,4,3,8,At Risk
C04654,194,4,36539.0,2,3,4,9,At Risk
C04655,151,2,5795.0,2,2,1,5,Lost
C04656,178,6,10262.0,2,4,2,8,At Risk
C04657,52,7,37612.0,4,4,4,12,Champions
C04658,13,3,8214.0,5,3,2,10,Loyal Customers
C04659,97,3,4955.0,3,3,1,7,Loyal Customers
C04660,239,6,17318.0,1,4,3,8,At Risk
C04662,26,2,4597.0,5,2,1,8,Potential Loyalists
C04663,177,13,107745.0,2,5,5,12,At Risk
C04664,95,4,17946.0,3,3,3,9,Loyal Customers
C04665,531,1,3368.0,1,2,1,4,Lost
C04666,32,4,19135.0,4,3,3,10,Loyal Customers
C04667,3,4,22042.0,5,3,3,11,Loyal Customers
C04668,35,1,15583.0,4,2,3,9,Potential Loyalists
C04669,53,2,29267.0,4,2,4,10,Potential Loyalists
C04670,196,1,2178.0,2,2,1,5,Lost
C04671,361,12,49674.0,1,5,5,11,At Risk
C04672,265,3,6136.0,1,3,1,5,At Risk
C04673,603,4,22608.0,1,3,3,7,At Risk
C04674,429,3,16544.0,1,3,3,7,At Risk
C04675,60,5,20497.0,3,4,3,10,Loyal Customers
C04676,41,1,5138.0,4,2,1,7,Potential Loyalists
C04677,81,12,45507.0,3,5,5,13,Loyal Customers
C04678,36,2,12795.0,4,2,2,8,Potential Loyalists
C04679,44,1,8397.0,4,2,2,8,Potential Loyalists
C04680,8,2,31906.0,5,2,4,11,Potential Loyalists
C04682,38,4,57104.0,4,3,5,12,Loyal Customers
C04683,33,7,55184.0,4,4,5,13,Champions
C04684,520,1,3478.0,1,2,1,4,Lost
C04685,255,6,26983.0,1,4,4,9,At Risk
C04686,62,4,13933.0,3,3,3,9,Loyal Customers
C04687,183,5,43764.0,2,4,5,11,At Risk
C04688,14,1,4438.0,5,2,1,8,Potential Loyalists
C04689,165,1,2558.0,2,2,1,5,Lost
C04690,52,1,7305.0,4,2,2,8,Potential Loyalists
C04691,291,1,10293.0,1,2,2,5,Lost
C04692,56,8,68117.0,3,5,5,13,Loyal Customers
C04693,183,11,33792.0,2,5,4,11,At Risk
C04694,171,10,31864.0,2,5,4,11,At Risk
C04695,35,4,22405.0,4,3,3,10,Loyal Customers
C04696,361,2,5584.0,1,2,1,4,Lost
C04697,37,8,53318.0,4,5,5,14,Champions
C04698,60,5,13912.0,3,4,3,10,Loyal Customers
C04699,326,2,16734.0,1,2,3,6,Lost
C04700,152,1,8565.0,2,2,2,6,Lost
C04701,12,4,16591.0,5,3,3,11,Loyal Customers
C04702,142,5,62559.0,2,4,5,11,At Risk
C04703,9,7,41400.0,5,4,4,13,Champions
C04704,14,1,8245.0,5,2,2,9,Potential Loyalists
C04705,301,6,19559.0,1,4,3,8,At Risk
C04706,141,3,10805.0,2,3,2,7,At Risk
C04707,117,1,9335.0,2,2,2,6,Lost
C04708,39,2,10764.0,4,2,2,8,Potential Loyalists
C04709,28,2,7487.0,4,2,2,8,Potential Loyalists
C04710,17,7,47646.0,5,4,5,14,Champions
C04711,63,1,10216.0,3,2,2,7,Lost
C04712,66,1,18291.0,3,2,3,8,Lost
C04713,22,2,8456.0,5,2,2,9,Potential Loyalists
C04714,20,8,28345.0,5,5,4,14,Champions
C04715,238,3,23770.0,1,3,4,8,At Risk
C04716,56,6,23799.0,3,4,4,11,Loyal Customers
C04717,128,1,11563.0,2,2,2,6,Lost
C04718,56,1,7547.0,3,2,2,7,Lost
C04719,465,1,929.0,1,2,1,4,Lost
C04720,300,3,14294.0,1,3,3,7,At Risk
C04721,183,16,81362.0,2,5,5,12,At Risk
C04722,8,7,144988.0,5,4,5,14,Champions
C04723,42,1,5688.0,4,2,1,7,Potential Loyalists
C04724,179,3,19028.0,2,3,3,8,At Risk
C04725,198,3,18133.0,2,3,3,8,At Risk
C04726,46,1,2736.0,4,2,1,7,Potential Loyalists
C04727,258,5,39112.0,1,4,4,9,At Risk
C04728,53,1,4458.0,4,2,1,7,Potential Loyalists
C04729,19,4,13253.0,5,3,3,11,Loyal Customers
C04730,25,2,14794.0,5,2,3,10,Potential Loyalists
C04731,31,1,359.0,4,2,1,7,Potential Loyalists
C04732,138,8,26716.0,2,5,4,11,At Risk
C04733,35,8,38786.0,4,5,4,13,Champions
C04734,177,3,13053.0,2,3,3,8,At Risk
C04735,38,2,9616.0,4,2,2,8,Potential Loyalists
C04736,181,3,5176.0,2,3,1,6,At Risk
C04737,25,1,5958.0,5,2,1,8,Potential Loyalists
C04738,125,12,109112.0,2,5,5,12,At Risk
C04739,86,1,7437.0,3,2,2,7,Lost
C04740,312,2,28328.0,1,2,4,7,Lost
C04741,75,3,28369.0,3,3,4,10,Loyal Customers
C04742,302,3,9065.0,1,3,2,6,At Risk
C04743,83,2,4828.0,3,2,1,6,Lost
C04744,141,2,19711.0,2,2,3,7,Lost
C04745,116,16,36637.0,3,5,4,12,Loyal Customers
C04746,59,4,13711.0,3,3,3,9,Loyal Customers
C04747,26,4,22621.0,5,3,3,11,Loyal Customers
C04748,27,3,10375.0,5,3,2,10,Loyal Customers
C04749,71,5,31934.0,3,4,4,11,Loyal Customers
C04750,43,2,8193.0,4,2,2,8,Potential Loyalists
C04751,79,2,4588.0,3,2,1,6,Lost
C04752,90,6,25899.0,3,4,4,11,Loyal Customers
C04753,130,1,2748.0,2,2,1,5,Lost
C04754,399,6,42056.0,1,4,5,10,At Risk
C04755,2,4,23956.0,5,3,4,12,Loyal Customers
C04756,548,7,33936.0,1,4,4,9,At Risk
C04757,480,3,5625.0,1,3,1,5,At Risk
C04758,173,9,55220.0,2,5,5,12,At Risk
C04759,177,1,7545.0,2,2,2,6,Lost
C04760,73,2,6507.0,3,2,2,7,Lost
C04761,29,8,28572.0,4,5,4,13,Champions
C04762,125,5,15740.0,2,4,3,9,At Risk
C04764,485,1,1247.0,1,2,1,4,Lost
C04765,199,1,5237.0,2,2,1,5,Lost
C04766,192,5,13802.0,2,4,3,9,At Risk
C04768,96,7,21970.0,3,4,3,10,Loyal Customers
C04769,37,1,6967.0,4,2,2,8,Potential Loyalists
C04770,125,7,18089.0,2,4,3,9,At Risk
C04772,57,4,36514.0,3,3,4,10,Loyal Customers
C04773,38,2,8396.0,4,2,2,8,Potential Loyalists
C04774,62,4,34383.0,3,3,4,10,Loyal Customers
C04775,117,13,42701.0,2,5,5,12,At Risk
C04777,89,1,13255.0,3,2,3,8,Lost
C04778,91,1,4817.0,3,2,1,6,Lost
C04779,161,4,14323.0,2,3,3,8,At Risk
C04780,460,9,126334.0,1,5,5,11,At Risk
C04781,196,2,31296.0,2,2,4,8,Lost
C04782,2,1,8355.0,5,2,2,9,Potential Loyalists
C04783,19,7,35238.0,5,4,4,13,Champions
C04784,10,9,19809.0,5,5,3,13,Loyal Customers
C04785,46,3,10783.0,4,3,2,9,Loyal Customers
C04786,276,4,29344.0,1,3,4,8,At Risk
C04787,109,4,20396.0,3,3,3,9,Loyal Customers
C04788,50,1,4869.0,4,2,1,7,Potential Loyalists
C04789,22,4,21298.0,5,3,3,11,Loyal Customers
C04790,52,9,60433.0,4,5,5,14,Champions
C04791,9,1,2508.0,5,2,1,8,Potential Loyalists
C04792,102,4,10395.0,3,3,2,8,Loyal Customers
C04793,202,11,131760.0,2,5,5,12,At Risk
C04794,121,1,4018.0,2,2,1,5,Lost
C04795,60,4,12176.0,3,3,2,8,Loyal Customers
C04796,134,6,25878.0,2,4,4,10,At Risk
C04797,274,3,7676.0,1,3,2,6,At Risk
C04798,129,3,19150.0,2,3,3,8,At Risk
C04800,155,5,37550.0,2,4,4,10,At Risk
C04801,177,3,11475.0,2,3,2,7,At Risk
C04802,53,2,9166.0,4,2,2,8,Potential Loyalists
C04803,196,1,5837.0,2,2,1,5,Lost
C04804,432,2,7707.0,1,2,2,5,Lost
C04805,12,6,16159.0,5,4,3,12,Loyal Customers
C04806,182,3,26059.0,2,3,4,9,At Risk
C04807,32,5,24820.0,4,4,4,12,Champions
C04808,206,7,45885.0,2,4,5,11,At Risk
C04809,60,3,14642.0,3,3,3,9,Loyal Customers
C04810,44,4,20338.0,4,3,3,10,Loyal Customers
C04811,44,6,55399.0,4,4,5,13,Champions
C04812,44,1,7796.0,4,2,2,8,Potential Loyalists
C04813,45,4,17263.0,4,3,3,10,Loyal Customers
C04814,550,15,59522.0,1,5,5,11,At Risk
C04815,60,5,14593.0,3,4,3,10,Loyal Customers
C04816,294,5,12032.0,1,4,2,7,At Risk
C04817,21,2,12822.0,5,2,2,9,Potential Loyalists
C04818,205,6,40097.0,2,4,4,10,At Risk
C04819,539,4,24938.0,1,3,4,8,At Risk
C04820,22,3,24348.0,5,3,4,12,Loyal Customers
C04821,25,12,42202.0,5,5,5,15,Champions
C04822,182,2,16713.0,2,2,3,7,Lost
C04824,58,3,8745.0,3,3,2,8,Loyal Customers
C04825,221,3,10565.0,1,3,2,6,At Risk
C04826,26,2,7587.0,5,2,2,9,Potential Loyalists
C04827,197,3,16939.0,2,3,3,8,At Risk
C04828,192,6,45805.0,2,4,5,11,At Risk
C04829,78,4,15674.0,3,3,3,9,Loyal Customers
C04830,20,5,13443.0,5,4,3,12,Loyal Customers
C04831,206,2,16451.0,2,2,3,7,Lost
C04832,22,3,29980.0,5,3,4,12,Loyal Customers
C04833,50,2,9016.0,4,2,2,8,Potential Loyalists
C04834,183,1,8787.0,2,2,2,6,Lost
C04835,109,4,9015.0,3,3,2,8,Loyal Customers
C04836,41,4,25718.0,4,3,4,11,Loyal Customers
C04837,152,1,8027.0,2,2,2,6,Lost
C04838,219,8,125850.0,1,5,5,11,At Risk
C04839,165,7,19359.0,2,4,3,9,At Risk
C04840,44,2,5967.0,4,2,1,7,Potential Loyalists
C04841,1,1,2118.0,5,2,1,8,Potential Loyalists
C04842,168,4,35572.0,2,3,4,9,At Risk
C04843,374,1,3158.0,1,2,1,4,Lost
C04844,267,7,60246.0,1,4,5,10,At Risk
C04845,16,2,5167.0,5,2,1,8,Potential Loyalists
C04846,374,5,19199.0,1,4,3,8,At Risk
C04847,29,3,23477.0,4,3,4,11,Loyal Customers
C04848,360,3,23403.0,1,3,4,8,At Risk
C04849,221,1,17921.0,1,2,3,6,Lost
C04850,108,4,21334.0,3,3,3,9,Loyal Customers
C04851,38,1,2168.0,4,2,1,7,Potential Loyalists
C04852,313,4,30142.0,1,3,4,8,At Risk
C04853,41,1,11076.0,4,2,2,8,Potential Loyalists
C04854,154,3,37949.0,2,3,4,9,At Risk
C04855,4,3,13014.0,5,3,3,11,Loyal Customers
C04856,275,10,69735.0,1,5,5,11,At Risk
C04857,85,8,48184.0,3,5,5,13,Loyal Customers
C04858,53,11,39452.0,4,5,4,13,Champions
C04859,49,1,7684.0,4,2,2,8,Potential Loyalists
C04860,191,6,37577.0,2,4,4,10,At Risk
C04861,11,11,91796.0,5,5,5,15,Champions
C04862,239,4,21076.0,1,3,3,7,At Risk
C04864,55,1,12926.0,3,2,2,7,Lost
C04865,53,15,186791.0,4,5,5,14,Champions
C04866,35,1,309.0,4,2,1,7,Potential Loyalists
C04867,154,1,6577.0,2,2,2,6,Lost
C04868,33,1,5048.0,4,2,1,7,Potential Loyalists
C04869,38,4,49664.0,4,3,5,12,Loyal Customers
C04870,140,9,26817.0,2,5,4,11,At Risk
C04871,16,5,16014.0,5,4,3,12,Loyal Customers
C04872,360,10,34273.0,1,5,4,10,At Risk
C04873,55,2,4984.0,3,2,1,6,Lost
C04874,293,1,16403.0,1,2,3,6,Lost
C04875,55,5,23926.0,3,4,4,11,Loyal Customers
C04876,201,13,158893.0,2,5,5,12,At Risk
C04877,56,4,22318.0,3,3,3,9,Loyal Customers
C04878,17,6,14248.0,5,4,3,12,Loyal Customers
C04879,53,14,92082.0,4,5,5,14,Champions
C04880,192,15,44185.0,2,5,5,12,At Risk
C04881,196,14,50383.0,2,5,5,12,At Risk
C04882,73,3,8536.0,3,3,2,8,Loyal Customers
C04883,35,3,41065.0,4,3,4,11,Loyal Customers
C04884,164,4,25575.0,2,3,4,9,At Risk
C04885,54,5,34930.0,4,4,4,12,Champions
C04886,37,1,5636.0,4,2,1,7,Potential Loyalists
C04887,230,4,22076.0,1,3,3,7,At Risk
C04888,293,1,5218.0,1,2,1,4,Lost
C04889,92,4,27239.0,3,3,4,10,Loyal Customers
C04890,456,1,12976.0,1,2,3,6,Lost
C04891,40,4,7175.0,4,3,2,9,Loyal Customers
C04892,55,1,9827.0,3,2,2,7,Lost
C04893,71,7,101651.0,3,4,5,12,Loyal Customers
C04894,111,4,12052.0,3,3,2,8,Loyal Customers
C04895,25,2,15892.0,5,2,3,10,Potential Loyalists
C04896,13,2,9985.0,5,2,2,9,Potential Loyalists
C04897,83,2,5577.0,3,2,1,6,Lost
C04898,38,8,33583.0,4,5,4,13,Champions
C04899,42,2,4548.0,4,2,1,7,Potential Loyalists
C04900,293,4,39655.0,1,3,4,8,At Risk
C04901,381,3,14086.0,1,3,3,7,At Risk
C04902,16,5,21439.0,5,4,3,12,Loyal Customers
C04903,115,1,1649.0,3,2,1,6,Lost
C04904,42,2,21860.0,4,2,3,9,Potential Loyalists
C04905,29,1,1987.0,4,2,1,7,Potential Loyalists
C04906,42,5,13214.0,4,4,3,11,Loyal Customers
C04907,18,5,18231.0,5,4,3,12,Loyal Customers
C04908,113,11,152419.0,3,5,5,13,Loyal Customers
C04909,22,2,4378.0,5,2,1,8,Potential Loyalists
C04910,22,3,16021.0,5,3,3,11,Loyal Customers
C04911,105,5,14214.0,3,4,3,10,Loyal Customers
C04912,149,4,12524.0,2,3,2,7,At Risk
C04914,289,1,3238.0,1,2,1,4,Lost
C04915,119,13,74260.0,2,5,5,12,At Risk
C04916,53,14,45674.0,4,5,5,14,Champions
C04917,293,12,80970.0,1,5,5,11,At Risk
C04918,20,5,18670.0,5,4,3,12,Loyal Customers
C04919,0,2,4458.0,5,2,1,8,Potential Loyalists
C04920,215,13,32587.0,1,5,4,10,At Risk
C04921,209,11,52204.0,2,5,5,12,At Risk
C04922,167,2,11815.0,2,2,2,6,Lost
C04923,0,4,16346.0,5,3,3,11,Loyal Customers
C04924,115,4,44523.0,3,3,5,11,Loyal Customers
C04925,44,4,44293.0,4,3,5,12,Loyal Customers
C04926,87,9,41344.0,3,5,4,12,Loyal Customers
C04927,58,8,20247.0,3,5,3,11,Loyal Customers
C04928,59,8,26357.0,3,5,4,12,Loyal Customers
C04929,360,4,31884.0,1,3,4,8,At Risk
C04930,321,7,51172.0,1,4,5,10,At Risk
C04931,64,2,3678.0,3,2,1,6,Lost
C04932,82,3,47448.0,3,3,5,11,Loyal Customers
C04933,33,9,24685.0,4,5,4,13,Champions
C04934,241,6,33242.0,1,4,4,9,At Risk
C04935,53,1,19784.0,4,2,3,9,Potential Loyalists
C04936,16,6,25017.0,5,4,4,13,Champions
C04937,37,4,15612.0,4,3,3,10,Loyal Customers
C04938,168,1,3568.0,2,2,1,5,Lost
C04939,44,7,23707.0,4,4,4,12,Champions
C04940,32,4,56043.0,4,3,5,12,Loyal Customers
C04941,57,4,7595.0,3,3,2,8,Loyal Customers
C04942,98,3,12164.0,3,3,2,8,Loyal Customers
C04943,76,4,9324.0,3,3,2,8,Loyal Customers
C04944,21,1,1219.0,5,2,1,8,Potential Loyalists
C04945,84,6,65478.0,3,4,5,12,Loyal Customers
C04946,74,1,10774.0,3,2,2,7,Lost
C04947,12,3,48629.0,5,3,5,13,Loyal Customers
C04948,166,3,15134.0,2,3,3,8,At Risk
C04949,119,6,43279.0,2,4,5,11,At Risk
C04950,92,3,30940.0,3,3,4,10,Loyal Customers
C04951,5,6,11950.0,5,4,2,11,Loyal Customers
C04952,417,6,20019.0,1,4,3,8,At Risk
C04953,215,1,938.0,1,2,1,4,Lost
C04954,220,5,18351.0,1,4,3,8,At Risk
C04955,63,1,2139.0,3,2,1,6,Lost
C04956,232,5,28575.0,1,4,4,9,At Risk
C04957,0,4,8554.0,5,3,2,10,Loyal Customers
C04958,43,2,7445.0,4,2,2,8,Potential Loyalists
C04959,288,4,16173.0,1,3,3,7,At Risk
C04960,55,1,4478.0,3,2,1,6,Lost
C04961,34,5,55061.0,4,4,5,13,Champions
C04962,39,15,58284.0,4,5,5,14,Champions
C04963,46,4,32718.0,4,3,4,11,Loyal Customers
C04964,23,9,55267.0,5,5,5,15,Champions
C04965,168,1,3129.0,2,2,1,5,Lost
C04966,133,3,3657.0,2,3,1,6,At Risk
C04967,8,15,53463.0,5,5,5,15,Champions
C04968,57,8,28835.0,3,5,4,12,Loyal Customers
C04969,25,5,21828.0,5,4,3,12,Loyal Customers
C04970,104,13,91187.0,3,5,5,13,Loyal Customers
C04971,216,3,8886.0,1,3,2,6,At Risk
C04972,76,2,7187.0,3,2,2,7,Lost
C04973,13,3,31204.0,5,3,4,12,Loyal Customers
C04974,50,1,6418.0,4,2,1,7,Potential Loyalists
C04975,40,1,4218.0,4,2,1,7,Potential Loyalists
C04976,467,7,23627.0,1,4,4,9,At Risk
C04977,385,1,4968.0,1,2,1,4,Lost
C04978,108,5,25062.0,3,4,4,11,Loyal Customers
C04979,57,3,13620.0,3,3,3,9,Loyal Customers
C04980,52,4,23886.0,4,3,4,11,Loyal Customers
C04981,230,2,8066.0,1,2,2,5,Lost
C04982,0,1,6656.0,5,2,2,9,Potential Loyalists
C04983,34,16,74301.0,4,5,5,14,Champions
C04984,6,7,23780.0,5,4,4,13,Champions
C04985,34,1,2907.0,4,2,1,7,Potential Loyalists
C04986,346,4,36575.0,1,3,4,8,At Risk
C04987,175,5,21631.0,2,4,3,9,At Risk
C04988,10,11,124561.0,5,5,5,15,Champions
C04989,23,8,26456.0,5,5,4,14,Champions
C04990,502,5,65892.0,1,4,5,10,At Risk
C04991,171,16,216367.0,2,5,5,12,At Risk
C04992,95,3,16851.0,3,3,3,9,Loyal Customers
C04993,80,4,9794.0,3,3,2,8,Loyal Customers
C04994,161,1,19741.0,2,2,3,7,Lost
C04995,55,3,14185.0,3,3,3,9,Loyal Customers
C04996,26,16,63618.0,5,5,5,15,Champions
C04997,44,1,12493.0,4,2,2,8,Potential Loyalists
C04998,193,4,13163.0,2,3,3,8,At Risk
C04999,173,2,5754.0,2,2,1,5,Lost
C05000,84,1,2449.0,3,2,1,6,Lost
